id,date_time,address,lon,lat,Weather,road_surface,traffic_control_device,intersection_type,traffic_way_desc,collision_manner,num_involved_vehicles,vehicle1_configuration,driver1_contrib1,driver1_contrib2,vehicle2_configuration,driver2_contrib1,driver2_contrib2,vehicle3_configuration,driver3_contrib1,driver3_contrib2,vehicle4_configuration,driver4_contrib1,driver4_contrib2,vehicle5_configuration,driver5_contrib1,driver5_contrib2,vehicle6_configuration,driver6_contrib1,driver6_contrib2,vehicle7_configuration,driver7_contrib1,driver7_contrib2,Bicycle,Pedestrian,non_mv,non_motorist_location,non_motorist_action,non_motorist_type,manner_of_non_motorist_collision,Injury,Multiple,Gender1,Age1,Severity1,Hospital1,Gender2,Age2,Severity2,Hospital2,Gender3,Age3,Severity3,Hospital3,Gender4,Age4,Severity4,Hospital4,Gender5,Age5,Severity5,Hospital5,city_vehicle,Notes
1679,1/29/13 6:55," HIGHLAND AVENUE and GROVE STREET, Somerville, MA",-71.1204966,42.3957061,1,3,1,3,2,1,1,2,1,NA,,,,NA,NA,NA,NA,NA,NA,NA,NA,NA,NA,NA,NA,NA,NA,NA,0,1,0,1,1,,2,1,NA,0,28,3,1,,,NA,NA,NA,NA,NA,NA,NA,NA,NA,NA,NA,NA,NA,NA,0,
1680,1/30/13 11:29,"63 FRANKLIN STREET, Somerville, MA",-71.0855766,42.3829121,2,1,1,1,4,4,2,1,9,NA,1,1,,NA,NA,NA,NA,NA,NA,NA,NA,NA,NA,NA,NA,NA,NA,NA,0,0,0,NA,,,,0,NA,,,,,,,NA,NA,NA,NA,NA,NA,NA,NA,NA,NA,NA,NA,NA,NA,0,
1681,1/30/13 15:40," WASHINGTON STREET and FLORENCE STREET, Somerville, MA",-71.0830775,42.38179,2,2,1,3,1,2,2,1,19,5,2,1,,NA,NA,NA,NA,NA,NA,NA,NA,NA,NA,NA,NA,NA,NA,NA,0,0,0,NA,,,,0,NA,,,,,,,NA,NA,NA,NA,NA,NA,NA,NA,NA,NA,NA,NA,NA,NA,0,
1682,1/30/13 17:51," SUMMER STREET and CHERRY STREET, Somerville, MA",-71.1149866,42.3914194,1,1,1,2,1,2,2,1,20,NA,1,1,,NA,NA,NA,NA,NA,NA,NA,NA,NA,NA,NA,NA,NA,NA,NA,0,0,0,NA,,,,1,2,0,52,3,0,0,26,3,1,NA,NA,NA,NA,NA,NA,NA,NA,NA,NA,NA,NA,0,
1683,1/31/13 7:29," BROADWAY and NORTH STREET, Somerville, MA",-71.1313375,42.4058176,23,2,3,3,1,2,2,2,19,NA,2,1,,NA,NA,NA,NA,NA,NA,NA,NA,NA,NA,NA,NA,NA,NA,NA,0,0,0,NA,,,,0,NA,,,,,,,NA,NA,NA,NA,NA,NA,NA,NA,NA,NA,NA,NA,NA,NA,0,
1684,1/31/13 23:30,"57 BROADWAY, Somerville, MA",-71.080195,42.386834,1,1,1,1,2,2,2,1,1,NA,2,10,,NA,NA,NA,NA,NA,NA,NA,NA,NA,NA,NA,NA,NA,NA,NA,0,0,0,NA,,,,0,NA,,,,,,,NA,NA,NA,NA,NA,NA,NA,NA,NA,NA,NA,NA,NA,NA,0,
1685,2/1/13 17:19,"643 BROADWAY, Somerville, MA",-71.1101304,42.3994632,1,1,3,1,1,2,4,1,19,NA,1,1,,1,1,NA,2,1,NA,NA,NA,NA,NA,NA,NA,NA,NA,NA,0,0,0,NA,,,,1,NA,1,23,3,1,,,NA,NA,NA,NA,NA,NA,NA,NA,NA,NA,NA,NA,NA,NA,0,
1686,2/2/13 1:45,"207 LOWELL STREET, Somerville, MA",-71.1071659,42.391022,2,1,1,1,1,6,1,NA,NA,NA,,,,NA,NA,NA,NA,NA,NA,NA,NA,NA,NA,NA,NA,NA,NA,NA,1,0,0,4,2,,1a,1,NA,1,47,2,1,,,NA,NA,NA,NA,NA,NA,NA,NA,NA,NA,NA,NA,NA,NA,0,
1687,2/3/13 9:45,"236 CEDAR STREET, Somerville, MA",-71.1097893,42.3961879,5,2,1,1,2,3,2,1,1,NA,2,4,,NA,NA,NA,NA,NA,NA,NA,NA,NA,NA,NA,NA,NA,NA,NA,0,0,0,NA,,,,0,NA,,,,,,,NA,NA,NA,NA,NA,NA,NA,NA,NA,NA,NA,NA,NA,NA,0,
1688,2/5/13 18:15," BROADWAY and WILLOW AVENUE, Somerville, MA",-71.1127004,42.4001,1,1,3,2,1,2,2,1,5,19,1,1,,NA,NA,NA,NA,NA,NA,NA,NA,NA,NA,NA,NA,NA,NA,NA,0,0,0,NA,,,,0,NA,,,,,,,NA,NA,NA,NA,NA,NA,NA,NA,NA,NA,NA,NA,NA,NA,0,
1689,2/5/13 21:45," SCHOOL STREET, Somerville, MA",-71.0982006,42.3876041,4,2,1,9,1,3,2,1,1,NA,1,4,,NA,NA,NA,NA,NA,NA,NA,NA,NA,NA,NA,NA,NA,NA,NA,0,0,0,NA,,,,0,NA,,,,,,,NA,NA,NA,NA,NA,NA,NA,NA,NA,NA,NA,NA,NA,NA,0,
1690,2/7/13 20:52," INNER BELT ROAD and WASHINGTON STREET, Somerville, MA",-71.0815211,42.3820437,2,1,3,3,1,2,2,1,5,NA,1,1,,NA,NA,NA,NA,NA,NA,NA,NA,NA,NA,NA,NA,NA,NA,NA,0,0,0,NA,,,,1,NA,1,41,2,1,,,NA,NA,NA,NA,NA,NA,NA,NA,NA,NA,NA,NA,NA,NA,0,
1691,2/7/13 21:08," ALEWIFE BROOK PARKWAY Rte 16 W and WOODS AVENUE, Somerville, MA",-71.131229,42.41324,1,1,1,3,1,3,2,2,1,NA,2,4,,NA,NA,NA,NA,NA,NA,NA,NA,NA,NA,NA,NA,NA,NA,NA,0,0,0,NA,,,,0,NA,,,,,,,NA,NA,NA,NA,NA,NA,NA,NA,NA,NA,NA,NA,NA,NA,0,
1692,2/7/13 11:32," SOMERVILLE AVENUE and LOWELL STREET, Somerville, MA",-71.1118757,42.3845931,1,1,1,3,1,3,1,1,99,NA,,,,NA,NA,NA,NA,NA,NA,NA,NA,NA,NA,NA,NA,NA,NA,NA,1,0,0,4,1,,5,0,NA,,,,,,,NA,NA,NA,NA,NA,NA,NA,NA,NA,NA,NA,NA,NA,NA,0,
1693,2/7/13 14:47,"MEDFORD STREET and PEARL STREET, Somerville, MA",-71.0962952,42.3882985,2,1,1,4,1,2,2,2,10,NA,1,1,,NA,NA,NA,NA,NA,NA,NA,NA,NA,NA,NA,NA,NA,NA,NA,0,0,0,NA,,,,0,NA,,,,,,,NA,NA,NA,NA,NA,NA,NA,NA,NA,NA,NA,NA,NA,NA,0,
1694,2/8/13 12:00,"852 BROADWAY, Somerville, MA",-71.11759,42.400647,24,2,2,7,1,2,2,2,5,NA,1,1,,NA,NA,NA,NA,NA,NA,NA,NA,NA,NA,NA,NA,NA,NA,NA,0,0,0,NA,,,,1,NA,1,32,3,1,,,NA,NA,NA,NA,NA,NA,NA,NA,NA,NA,NA,NA,NA,NA,0,
1695,2/8/13 12:42,"72 HOLLAND STREET, Somerville, MA",-71.1242343,42.3982958,234,23,1,1,2,35,2,1,1,NA,1,99,,NA,NA,NA,NA,NA,NA,NA,NA,NA,NA,NA,NA,NA,NA,NA,0,0,0,NA,,,,1,2,0,23,4,0,1,32,4,0,NA,NA,NA,NA,NA,NA,NA,NA,NA,NA,NA,NA,0,
1696,2/10/13 2:25," WEBSTER AVENUE and NEWTON STREET, Somerville, MA",-71.095842,42.3778737,4,3,2,3,4,3,2,1,18,NA,1,18,,NA,NA,NA,NA,NA,NA,NA,NA,NA,NA,NA,NA,NA,NA,NA,0,0,0,NA,,,,0,NA,,,,,,,NA,NA,NA,NA,NA,NA,NA,NA,NA,NA,NA,NA,NA,NA,0,
1697,2/10/13 7:16," HIGHLAND AVENUE and CENTRAL STREET, Somerville, MA",-71.1034359,42.3884241,4,3,3,2,8,2,2,6,1,NA,1,13,,NA,NA,NA,NA,NA,NA,NA,NA,NA,NA,NA,NA,NA,NA,NA,0,0,0,NA,,,,1,NA,1,51,4,1,,,NA,NA,NA,NA,NA,NA,NA,NA,NA,NA,NA,NA,NA,NA,0,
1698,2/10/13 9:51," MAIN STREET and BROADWAY, Somerville, MA",-71.0975984,42.3947314,4,23,3,2,23,99,2,1,99,NA,1,99,,NA,NA,NA,NA,NA,NA,NA,NA,NA,NA,NA,NA,NA,NA,NA,0,0,0,NA,,,,0,NA,,,,,,,NA,NA,NA,NA,NA,NA,NA,NA,NA,NA,NA,NA,NA,NA,0,
1699,2/12/13 18:00," BROADWAY and MASON STREET, Somerville, MA",-71.1226344,42.4015565,,,,,,,2,2,18,6,1,1,,NA,NA,NA,NA,NA,NA,NA,NA,NA,NA,NA,NA,NA,NA,NA,0,0,0,NA,,,,0,NA,,,,,,,NA,NA,NA,NA,NA,NA,NA,NA,NA,NA,NA,NA,NA,NA,0,
1700,2/15/13 8:20,"16 BEACON STREET, Somerville, MA",-71.1025604,42.374749,497,2,1,1,2,2,3,1,99,NA,2,1,,2,1,NA,NA,NA,NA,NA,NA,NA,NA,NA,NA,NA,NA,NA,0,0,0,NA,,,,1,2,0,35,4,0,1,34,4,0,NA,NA,NA,NA,NA,NA,NA,NA,NA,NA,NA,NA,0,
1701,2/15/13 8:58,"235 HIGHLAND AVENUE, Somerville, MA",-71.1089411,42.3908234,1,2,1,1,1,2,2,2,5,NA,2,1,,NA,NA,NA,NA,NA,NA,NA,NA,NA,NA,NA,NA,NA,NA,NA,0,0,0,NA,,,,0,NA,,,,,,,NA,NA,NA,NA,NA,NA,NA,NA,NA,NA,NA,NA,NA,NA,0,
1702,2/15/13 11:07," SCHOOL STREET and BROADWAY, Somerville, MA",-71.0944105,42.3932298,,,,,,,2,1,99,NA,1,99,,NA,NA,NA,NA,NA,NA,NA,NA,NA,NA,NA,NA,NA,NA,NA,0,0,0,NA,,,,0,NA,,,,,,,NA,NA,NA,NA,NA,NA,NA,NA,NA,NA,NA,NA,NA,NA,0,
2342,4/18/14 10:52,"296 Broadway, Somerville, MA",-71.092578,42.3919208,2,1,1,1,2,2,2,1,97,14,1,1,,NA,NA,NA,NA,NA,NA,NA,NA,NA,NA,NA,NA,NA,NA,NA,0,0,0,0,0,,,1,2,0,27,4,1,1,90,4,0,NA,NA,NA,NA,NA,NA,NA,NA,NA,NA,NA,NA,0,
1703,2/15/13 18:31," POWDER HOUSE BOULEVARD and CURTIS STREET, Somerville, MA",-71.1258479,42.4054336,1,2,3,2,1,3,2,1,99,NA,1,99,,NA,NA,NA,NA,NA,NA,NA,NA,NA,NA,NA,NA,NA,NA,NA,0,0,0,NA,,,,0,NA,,,,,,,NA,NA,NA,NA,NA,NA,NA,NA,NA,NA,NA,NA,NA,NA,0,
1704,2/16/13 17:38,"502 MEDFORD STREET, Somerville, MA",-71.1035865,42.3959634,1,1,1,1,1,3,2,1,1,NA,1,19,,NA,NA,NA,NA,NA,NA,NA,NA,NA,NA,NA,NA,NA,NA,NA,0,0,0,NA,,,,0,NA,,,,,,,NA,NA,NA,NA,NA,NA,NA,NA,NA,NA,NA,NA,NA,NA,0,
1705,2/16/13 23:25," HIGHLAND AVENUE and DOVER STREET and HOLLAND STREET, Somerville, MA",-71.1252368,42.3998502,1,1,3,8,99,6,2,2,4,NA,1,1,,NA,NA,NA,NA,NA,NA,NA,NA,NA,NA,NA,NA,NA,NA,NA,0,0,0,NA,,,,0,NA,,,,,,,NA,NA,NA,NA,NA,NA,NA,NA,NA,NA,NA,NA,NA,NA,0,
1706,2/18/13 16:06," MEACHAM ROAD and BUENA VISTA ROAD, Somerville, MA",-71.1244863,42.396946,2,2,1,3,4,4,2,7,1,NA,1,97,,NA,NA,NA,NA,NA,NA,NA,NA,NA,NA,NA,NA,NA,NA,NA,0,0,0,NA,,,,0,NA,,,,,,,NA,NA,NA,NA,NA,NA,NA,NA,NA,NA,NA,NA,NA,NA,1,
1707,2/18/13 16:21,"162 BROADWAY, Somerville, MA",-71.085763,42.3884237,1,1,1,1,3,3,2,1,1,NA,1,4,,NA,NA,NA,NA,NA,NA,NA,NA,NA,NA,NA,NA,NA,NA,NA,0,0,0,NA,,,,0,NA,,,,,,,NA,NA,NA,NA,NA,NA,NA,NA,NA,NA,NA,NA,NA,NA,0,
1708,2/19/13 18:17," GORDON STREET and ALEWIFE BROOK PARKWAY, Somerville, MA",-71.1312365,42.4139819,3,2,1,3,1,4,2,NA,NA,NA,,,,NA,NA,NA,NA,NA,NA,NA,NA,NA,NA,NA,NA,NA,NA,NA,0,0,0,NA,,,,0,NA,,,,,,,NA,NA,NA,NA,NA,NA,NA,NA,NA,NA,NA,NA,NA,NA,0,
1709,2/21/13 12:30,"64 ROSELAND STREET, Somerville, MA",-71.1166866,42.386545,,,,,,,NA,NA,NA,NA,,,,NA,NA,NA,NA,NA,NA,NA,NA,NA,NA,NA,NA,NA,NA,NA,0,0,0,NA,,,,0,NA,,,,,,,NA,NA,NA,NA,NA,NA,NA,NA,NA,NA,NA,NA,NA,NA,0,
1710,2/23/13 6:00,"520 COLUMBIA STREET, Somerville, MA",-71.0946232,42.3761193,1,1,2,1,2,4,2,2,1,NA,,,,NA,NA,NA,NA,NA,NA,NA,NA,NA,NA,NA,NA,NA,NA,NA,0,0,0,NA,,,,0,NA,,,,,,,NA,NA,NA,NA,NA,NA,NA,NA,NA,NA,NA,NA,NA,NA,0,
1711,2/24/13 14:09," MYSTIC AVENUE and NEW ROAD, Somerville, MA",-71.0994968,42.3875968,4,2,1,2,2,6,2,1,1,NA,2,97,,NA,NA,NA,NA,NA,NA,NA,NA,NA,NA,NA,NA,NA,NA,NA,0,0,0,NA,,,,1,NA,1,20,3,1,,,NA,NA,NA,NA,NA,NA,NA,NA,NA,NA,NA,NA,NA,NA,0,
1712,2/25/13 21:30,"32 SCHOOL STREET, Somerville, MA",-71.1014718,42.3831547,,,,,,,2,97,1,NA,1,1,,NA,NA,NA,NA,NA,NA,NA,NA,NA,NA,NA,NA,NA,NA,NA,0,0,0,NA,,,,0,NA,,,,,,,NA,NA,NA,NA,NA,NA,NA,NA,NA,NA,NA,NA,NA,NA,1,
1713,2/26/13 9:14,"59 UNION SQUARE, Somerville, MA",-71.0956352,42.37992,1,1,1,1,1,4,2,1,4,NA,7,1,,NA,NA,NA,NA,NA,NA,NA,NA,NA,NA,NA,NA,NA,NA,NA,0,0,0,NA,,,,0,NA,,,,,,,NA,NA,NA,NA,NA,NA,NA,NA,NA,NA,NA,NA,NA,NA,0,
1714,2/26/13 17:48,"81 PERKINS STREET, Somerville, MA",-71.07958,42.3846855,,,,1,,,2,7,1,NA,1,,,NA,NA,NA,NA,NA,NA,NA,NA,NA,NA,NA,NA,NA,NA,NA,0,0,0,NA,,,,0,NA,,,,,,,NA,NA,NA,NA,NA,NA,NA,NA,NA,NA,NA,NA,NA,NA,1,
1715,2/27/13 21:57," ELM STREET and GROVE STREET, Somerville, MA",-71.1214561,42.3947474,2,2,1,3,1,1,1,NA,4,19,,,,NA,NA,NA,NA,NA,NA,NA,NA,NA,NA,NA,NA,NA,NA,NA,0,1,0,1,1,,2,1,2,1,28,2,1,0,27,3,1,NA,NA,NA,NA,NA,NA,NA,NA,NA,NA,NA,NA,0,
1716,2/28/13 12:00," LAUREL STREET and SOMERVILLE AVENUE, Somerville, MA",-71.1054273,42.3829957,1,1,2,3,1,3,2,2,99,NA,2,99,,NA,NA,NA,NA,NA,NA,NA,NA,NA,NA,NA,NA,NA,NA,NA,0,0,0,NA,,,,0,NA,,,,,,,NA,NA,NA,NA,NA,NA,NA,NA,NA,NA,NA,NA,NA,NA,0,
1717,2/28/13 15:30,"16 CONCORD AVENUE, Somerville, MA",-71.0967444,42.3766775,1,1,1,1,4,3,2,1,97,NA,1,1,,NA,NA,NA,NA,NA,NA,NA,NA,NA,NA,NA,NA,NA,NA,NA,0,0,0,NA,,,,0,NA,,,,,,,NA,NA,NA,NA,NA,NA,NA,NA,NA,NA,NA,NA,NA,NA,0,
1718,2/28/13 18:39,"483 BROADWAY, Somerville, MA",-71.1035626,42.3974561,2,1,3,1,1,2,2,1,1,NA,1,5,19,NA,NA,NA,NA,NA,NA,NA,NA,NA,NA,NA,NA,NA,NA,NA,0,0,0,NA,,,,1,NA,1,29,4,0,,,NA,NA,NA,NA,NA,NA,NA,NA,NA,NA,NA,NA,NA,NA,0,
1719,3/1/13 10:34," HIGHLAND AVENUE and COLLEGE AVENUE, Somerville, MA",-71.1222906,42.3964787,2,1,3,2,1,3,2,1,99,NA,2,99,,NA,NA,NA,NA,NA,NA,NA,NA,NA,NA,NA,NA,NA,NA,NA,0,0,0,NA,,,,0,NA,,,,,,,NA,NA,NA,NA,NA,NA,NA,NA,NA,NA,NA,NA,NA,NA,0,
1720,3/1/13 12:25," CROSS STREET and BROADWAY, Somerville, MA",-71.0859942,42.3886405,1,1,3,2,1,2,2,1,1,NA,1,10,,NA,NA,NA,NA,NA,NA,NA,NA,NA,NA,NA,NA,NA,NA,NA,0,0,0,NA,,,,0,NA,,,,,,,NA,NA,NA,NA,NA,NA,NA,NA,NA,NA,NA,NA,NA,NA,0,
1721,3/1/13 13:56,"55 SUMMER STREET, Somerville, MA",-71.0997474,42.3839077,2,1,1,1,1,2,2,1,19,NA,1,1,,NA,NA,NA,NA,NA,NA,NA,NA,NA,NA,NA,NA,NA,NA,NA,0,0,0,NA,,,,0,NA,,,,,,,NA,NA,NA,NA,NA,NA,NA,NA,NA,NA,NA,NA,NA,NA,0,
1722,3/1/13 8:53,"40 COLLEGE AVENUE, Somerville, MA",-71.121735,42.398135,2,1,1,1,2,1,1,2,1,NA,,,,NA,NA,NA,NA,NA,NA,NA,NA,NA,NA,NA,NA,NA,NA,NA,1,0,0,8,2,,3,1,NA,,,4,0,,,NA,NA,NA,NA,NA,NA,NA,NA,NA,NA,NA,NA,NA,NA,0,
1723,3/3/13 10:56," WILLOW AVENUE and ELM STREET, Somerville, MA",-71.1187665,42.3913149,1,1,1,3,4,1,1,1,99,NA,,,,NA,NA,NA,NA,NA,NA,NA,NA,NA,NA,NA,NA,NA,NA,NA,0,1,0,1,2,,1,0,NA,,,,,,,NA,NA,NA,NA,NA,NA,NA,NA,NA,NA,NA,NA,NA,NA,0,
1724,3/4/13 14:13," SUMMER STREET and SCHOOL STREET, Somerville, MA",-71.1003999,42.3843689,2,1,3,2,2,4,2,NA,99,NA,1,99,,NA,NA,NA,NA,NA,NA,NA,NA,NA,NA,NA,NA,NA,NA,NA,0,0,0,NA,,,,0,NA,,,,,,,NA,NA,NA,NA,NA,NA,NA,NA,NA,NA,NA,NA,NA,NA,0,
1725,3/4/13 15:01,"107 WASHINGTON STREET, Somerville, MA",-71.0865858,42.3812555,1,1,1,1,1,2,2,1,21,NA,1,,,NA,NA,NA,NA,NA,NA,NA,NA,NA,NA,NA,NA,NA,NA,NA,0,0,0,NA,,,,0,NA,,,,,,,NA,NA,NA,NA,NA,NA,NA,NA,NA,NA,NA,NA,NA,NA,0,
1726,3/4/13 15:10,"22 CROSS STREET, Somerville, MA",-71.086316,42.387668,1,1,1,1,1,4,2,1,9,22,1,1,,NA,NA,NA,NA,NA,NA,NA,NA,NA,NA,NA,NA,NA,NA,NA,0,0,0,NA,,,,1,NA,,,3,0,,,NA,NA,NA,NA,NA,NA,NA,NA,NA,NA,NA,NA,NA,NA,0,
1727,3/5/13 8:40," CADY AVENUE and CORINTHIAN ROAD, Somerville, MA",-71.1241765,42.4002176,1,1,1,3,4,3,2,2,1,NA,2,1,,NA,NA,NA,NA,NA,NA,NA,NA,NA,NA,NA,NA,NA,NA,NA,0,0,0,NA,,,,0,NA,,,,,,,NA,NA,NA,NA,NA,NA,NA,NA,NA,NA,NA,NA,NA,NA,1,
1728,3/5/13 9:07," WASHINGTON STREET and FRANKLIN AVENUE, Somerville, MA",-71.08496,42.381522,2,1,1,3,1,2,2,1,5,NA,2,1,,NA,NA,NA,NA,NA,NA,NA,NA,NA,NA,NA,NA,NA,NA,NA,0,0,0,NA,,,,0,NA,,,,,,,NA,NA,NA,NA,NA,NA,NA,NA,NA,NA,NA,NA,NA,NA,0,
1729,3/6/13 7:32," COLLEGE AVENUE and MORRISON AVENUE, Somerville, MA",-71.1214296,42.3979434,3,2,4,3,1,3,2,1,4,NA,1,1,,NA,NA,NA,NA,NA,NA,NA,NA,NA,NA,NA,NA,NA,NA,NA,0,0,0,NA,,,,1,NA,0,49,4,0,,,NA,NA,NA,NA,NA,NA,NA,NA,NA,NA,NA,NA,NA,NA,0,
1730,3/6/13 8:02," CEDAR STREET and SPENCER AVENUE, Somerville, MA",-71.1119418,42.3928379,,,,,,,NA,NA,NA,NA,,,,NA,NA,NA,NA,NA,NA,NA,NA,NA,NA,NA,NA,NA,NA,NA,0,0,0,NA,,,,0,NA,,,,,,,NA,NA,NA,NA,NA,NA,NA,NA,NA,NA,NA,NA,NA,NA,0,
1731,3/6/13 8:30," PEARL STREET and MARSHALL STREET, Somerville, MA",-71.0957494,42.3881671,23,2,2,3,1,3,2,1,99,NA,1,99,,NA,NA,NA,NA,NA,NA,NA,NA,NA,NA,NA,NA,NA,NA,NA,0,0,0,NA,,,,0,NA,,,,,,,NA,NA,NA,NA,NA,NA,NA,NA,NA,NA,NA,NA,NA,NA,0,
1732,3/6/13 9:36," NEW ROAD and MYSTIC AVENUE, Somerville, MA",-71.0870163,42.394168,2,2,3,3,4,2,2,1,5,NA,1,1,,NA,NA,NA,NA,NA,NA,NA,NA,NA,NA,NA,NA,NA,NA,NA,0,0,0,NA,,,,0,NA,,,,,,,NA,NA,NA,NA,NA,NA,NA,NA,NA,NA,NA,NA,NA,NA,0,
1733,3/6/13 9:56," WILLOW AVENUE and BROADWAY, Somerville, MA",-71.1127004,42.4001,,,,,,,2,1,1,NA,1,1,,NA,NA,NA,NA,NA,NA,NA,NA,NA,NA,NA,NA,NA,NA,NA,0,0,0,NA,,,,0,NA,,,,,,,NA,NA,NA,NA,NA,NA,NA,NA,NA,NA,NA,NA,NA,NA,0,
1734,3/6/13 11:14," TEMPLE STREET and BROADWAY, Somerville, MA",-71.0934064,42.3925566,23,2,1,3,1,3,NA,1,99,NA,1,99,,NA,NA,NA,NA,NA,NA,NA,NA,NA,NA,NA,NA,NA,NA,NA,0,0,0,NA,,,,1,3,1,28,4,0,0,42,4,0,0,22,4,0,NA,NA,NA,NA,NA,NA,NA,NA,0,
1735,3/6/13 18:07,"38 WARNER STREET, Somerville, MA",-71.115049,42.4023083,3,2,1,1,2,2,3,1,99,NA,1,1,,1,1,NA,NA,NA,NA,NA,NA,NA,NA,NA,NA,NA,NA,NA,0,0,0,NA,,,,0,NA,,,,,,,NA,NA,NA,NA,NA,NA,NA,NA,NA,NA,NA,NA,NA,NA,0,
1736,3/7/13 10:48," CENTRAL STREET and CLEVELAND STREET, Somerville, MA",-71.1059628,42.3847586,24,2,2,3,4,,2,1,99,NA,1,99,,NA,NA,NA,NA,NA,NA,NA,NA,NA,NA,NA,NA,NA,NA,NA,0,0,0,NA,,,,0,NA,,,,,,,NA,NA,NA,NA,NA,NA,NA,NA,NA,NA,NA,NA,NA,NA,0,
1737,3/7/13 14:50," WASHINGTON STREET and COLUMBUS AVENUE, Somerville, MA",-71.0930682,42.3795065,4,2,1,3,1,3,2,2,4,NA,1,1,,NA,NA,NA,NA,NA,NA,NA,NA,NA,NA,NA,NA,NA,NA,NA,0,0,0,NA,,,,0,NA,,,,,,,NA,NA,NA,NA,NA,NA,NA,NA,NA,NA,NA,NA,NA,NA,0,
1900,6/25/13 21:28,"710 BROADWAY, Somerville, MA",-71.1125769,42.3998534,,,,,,,1,1,19,NA,,,,NA,NA,NA,NA,NA,NA,NA,NA,NA,NA,NA,NA,NA,NA,NA,1,0,0,10,2,,3,1,NA,,,4,1,,,NA,NA,NA,NA,NA,NA,NA,NA,NA,NA,NA,NA,NA,NA,0,
1738,3/7/13 12:00," MEDFORD STREET and WASHINGTON STREET, Somerville, MA",-71.064483,42.3473466,23,2,3,3,4,,1,1,1,NA,,,,NA,NA,NA,NA,NA,NA,NA,NA,NA,NA,NA,NA,NA,NA,NA,0,1,0,1,1,,1,0,NA,,,,,,,NA,NA,NA,NA,NA,NA,NA,NA,NA,NA,NA,NA,NA,NA,0,
1739,3/8/13 14:01," MEACHAM STREET and MORELAND STREET, Somerville, MA",-71.0970745,42.397911,2,2,1,2,2,2,2,NA,1,NA,1,1,,NA,NA,NA,NA,NA,NA,NA,NA,NA,NA,NA,NA,NA,NA,NA,0,0,0,NA,,,,0,NA,,,,,,,NA,NA,NA,NA,NA,NA,NA,NA,NA,NA,NA,NA,NA,NA,1,
1740,3/9/13 11:29,"262 WILLOW AVENUE, Somerville, MA",-71.1134919,42.399427,1,1,1,9,1,3,2,1,1,NA,1,99,,NA,NA,NA,NA,NA,NA,NA,NA,NA,NA,NA,NA,NA,NA,NA,0,0,0,NA,,,,0,NA,,,,,,,NA,NA,NA,NA,NA,NA,NA,NA,NA,NA,NA,NA,NA,NA,0,
1741,3/9/13 17:41," BOW STREET, Somerville, MA",-71.0987357,42.3815762,2,1,1,1,4,4,2,2,9,NA,1,1,,NA,NA,NA,NA,NA,NA,NA,NA,NA,NA,NA,NA,NA,NA,NA,0,0,0,NA,,,,0,NA,,,,,,,NA,NA,NA,NA,NA,NA,NA,NA,NA,NA,NA,NA,NA,NA,0,
1742,3/9/13 23:47," HIGHLAND AVENUE and WALNUT STREET, Somerville, MA",-71.0941672,42.3851419,1,1,3,2,2,5,2,1,3,NA,1,1,,NA,NA,NA,NA,NA,NA,NA,NA,NA,NA,NA,NA,NA,NA,NA,0,0,0,NA,,,,0,NA,,,,,,,NA,NA,NA,NA,NA,NA,NA,NA,NA,NA,NA,NA,NA,NA,0,
1743,3/11/13 13:00," BROADWAY and COLLEGE AVENUE, Somerville, MA",-71.117348,42.400524,1,1,3,7,4,1,1,10,19,NA,,,,NA,NA,NA,NA,NA,NA,NA,NA,NA,NA,NA,NA,NA,NA,NA,0,0,1,NA,,Traffic signal,,0,NA,,,,,,,NA,NA,NA,NA,NA,NA,NA,NA,NA,NA,NA,NA,NA,NA,1,
1744,3/11/13 17:03," MCGRATH HIGHWAY Rte 28 and BLAKELEY AVENUE, Somerville, MA",-71.087013,42.391042,2,1,3,3,3,3,2,2,1,NA,1,19,,NA,NA,NA,NA,NA,NA,NA,NA,NA,NA,NA,NA,NA,NA,NA,0,0,0,NA,,,,0,NA,,,,,,,NA,NA,NA,NA,NA,NA,NA,NA,NA,NA,NA,NA,NA,NA,1,
1745,3/11/13 18:25,"37 UNION SQUARE, Somerville, MA",-71.0969606,42.3801755,1,1,3,3,4,1,1,2,1,NA,,,,NA,NA,NA,NA,NA,NA,NA,NA,NA,NA,NA,NA,NA,NA,NA,0,1,0,1,1,,5,1,NA,0,24,4,1,,,NA,NA,NA,NA,NA,NA,NA,NA,NA,NA,NA,NA,NA,NA,0,
1746,3/12/13 19:19,"947 BROADWAY, Somerville, MA",-71.1207954,42.4011259,,,,,,,2,1,1,NA,1,1,,NA,NA,NA,NA,NA,NA,NA,NA,NA,NA,NA,NA,NA,NA,NA,0,0,0,NA,,,,1,NA,1,44,99,1,,,NA,NA,NA,NA,NA,NA,NA,NA,NA,NA,NA,NA,NA,NA,0,
1747,3/12/13 18:54," MERRIAM STREET and WASHINGTON STREET, Somerville, MA",-71.0920272,42.3794905,3,2,1,3,1,1,1,4,1,NA,,,,NA,NA,NA,NA,NA,NA,NA,NA,NA,NA,NA,NA,NA,NA,NA,0,1,0,4,2,,5a,1,NA,1,58,3,1,,,NA,NA,NA,NA,NA,NA,NA,NA,NA,NA,NA,NA,NA,NA,0,