id,date_time,address,lon,lat,Weather,road_surface,traffic_control_device,intersection_type,traffic_way_desc,collision_manner,num_involved_vehicles,vehicle1_configuration,driver1_contrib1,driver1_contrib2,vehicle2_configuration,driver2_contrib1,driver2_contrib2,vehicle3_configuration,driver3_contrib1,driver3_contrib2,vehicle4_configuration,driver4_contrib1,driver4_contrib2,vehicle5_configuration,driver5_contrib1,driver5_contrib2,vehicle6_configuration,driver6_contrib1,driver6_contrib2,vehicle7_configuration,driver7_contrib1,driver7_contrib2,Bicycle,Pedestrian,non_mv,non_motorist_location,non_motorist_action,non_motorist_type,manner_of_non_motorist_collision,Injury,Multiple,Gender1,Age1,Severity1,Hospital1,Gender2,Age2,Severity2,Hospital2,Gender3,Age3,Severity3,Hospital3,Gender4,Age4,Severity4,Hospital4,Gender5,Age5,Severity5,Hospital5,city_vehicle,Notes
1748,3/13/13 10:23,"490 BROADWAY, Somerville, MA",-71.1039629,42.3970831,1,1,1,9,1,3,2,1,99,NA,1,4,,NA,NA,NA,NA,NA,NA,NA,NA,NA,NA,NA,NA,NA,NA,NA,0,0,0,NA,,,,0,NA,,,,,,,NA,NA,NA,NA,NA,NA,NA,NA,NA,NA,NA,NA,NA,NA,0,
1749,3/13/13 15:27," PROSPECT STREET and WEBSTER AVENUE, Somerville, MA",-71.0955943,42.376968,1,1,3,2,4,3,2,1,4,3,2,1,,NA,NA,NA,NA,NA,NA,NA,NA,NA,NA,NA,NA,NA,NA,NA,0,0,0,NA,,,,0,NA,,,,,,,NA,NA,NA,NA,NA,NA,NA,NA,NA,NA,NA,NA,NA,NA,0,
1750,3/13/13 22:54," HEATH STREET and FENWICK STREET, Somerville, MA",-71.0951937,42.3949511,3,2,2,2,1,3,2,1,1,NA,1,99,,NA,NA,NA,NA,NA,NA,NA,NA,NA,NA,NA,NA,NA,NA,NA,0,0,0,NA,,,,0,NA,,,,,,,NA,NA,NA,NA,NA,NA,NA,NA,NA,NA,NA,NA,NA,NA,0,
1751,3/14/13 7:30," WASHINGTON STREET and PERRY STREET, Somerville, MA",-71.1014369,42.3794158,2,1,2,3,1,3,2,2,1,NA,2,4,,NA,NA,NA,NA,NA,NA,NA,NA,NA,NA,NA,NA,NA,NA,NA,0,0,0,NA,,,,1,NA,0,28,3,1,,,NA,NA,NA,NA,NA,NA,NA,NA,NA,NA,NA,NA,NA,NA,0,
1752,3/14/13 12:00," MCGRATH HIGHWAY Rte 28 N, Somerville, MA",-71.0836673,42.3743988,1,1,3,1,2,2,2,1,99,NA,,,,NA,NA,NA,NA,NA,NA,NA,NA,NA,NA,NA,NA,NA,NA,NA,0,0,0,NA,,,,0,NA,,,,,,,NA,NA,NA,NA,NA,NA,NA,NA,NA,NA,NA,NA,NA,NA,0,
1753,3/14/13 15:08,"34 HIGHLAND AVENUE, Somerville, MA",-71.0946986,42.3851497,1,1,3,4,1,2,2,2,1,NA,2,21,,NA,NA,NA,NA,NA,NA,NA,NA,NA,NA,NA,NA,NA,NA,NA,0,0,0,NA,,,,0,NA,,,,,,,NA,NA,NA,NA,NA,NA,NA,NA,NA,NA,NA,NA,NA,NA,0,
1754,3/15/13 7:18," CENTRAL STREET and VERNON STREET, Somerville, MA",-71.1015146,42.3911489,1,1,2,2,1,3,3,1,99,NA,1,99,,1,1,NA,NA,NA,NA,NA,NA,NA,NA,NA,NA,NA,NA,NA,0,0,0,NA,,,,1,NA,0,28,4,0,,,NA,NA,NA,NA,NA,NA,NA,NA,NA,NA,NA,NA,NA,NA,0,
1755,3/16/13 2:22,"35 MIDDLESEX AVENUE, Somerville, MA",-71.0827837,42.3920702,1,1,1,3,4,1,1,1,12,NA,,,,NA,NA,NA,NA,NA,NA,NA,NA,NA,NA,NA,NA,NA,NA,NA,0,0,1,NA,,Guard rail,,0,NA,,,,,,,NA,NA,NA,NA,NA,NA,NA,NA,NA,NA,NA,NA,NA,NA,0,
1756,3/18/13 22:44,"360 HIGHLAND AVENUE, Somerville, MA",-71.1176944,42.3943481,4,2,2,3,2,3,2,1,1,NA,1,4,,NA,NA,NA,NA,NA,NA,NA,NA,NA,NA,NA,NA,NA,NA,NA,0,0,0,NA,,,,0,NA,,,,,,,NA,NA,NA,NA,NA,NA,NA,NA,NA,NA,NA,NA,NA,NA,0,
1757,3/19/13 8:04," HIGHLAND AVENUE and WILLOW AVENUE, Somerville, MA",-71.1168102,42.3941136,4,7,3,2,1,3,2,2,3,NA,2,1,,NA,NA,NA,NA,NA,NA,NA,NA,NA,NA,NA,NA,NA,NA,NA,0,0,0,NA,,,,0,NA,,,,,,,NA,NA,NA,NA,NA,NA,NA,NA,NA,NA,NA,NA,NA,NA,0,
1758,3/19/13 12:00," TEMPLE STREET and DERBY STREET, Somerville, MA",-71.0915388,42.3950558,1,2,3,3,1,4,2,1,1,NA,,,,NA,NA,NA,NA,NA,NA,NA,NA,NA,NA,NA,NA,NA,NA,NA,0,0,0,NA,,,,0,NA,,,,,,,NA,NA,NA,NA,NA,NA,NA,NA,NA,NA,NA,NA,NA,NA,0,
1759,3/20/13 9:32,"119 COLLEGE AVENUE, Somerville, MA",-71.1177554,42.3999816,1,4,1,1,2,2,2,1,1,NA,4,99,,NA,NA,NA,NA,NA,NA,NA,NA,NA,NA,NA,NA,NA,NA,NA,0,0,0,NA,,,,0,NA,,,,,,,NA,NA,NA,NA,NA,NA,NA,NA,NA,NA,NA,NA,NA,NA,0,
1760,3/21/13 2:40,"157 WALNUT STREET, Somerville, MA",-71.09156,42.389537,2,1,1,1,4,5,2,7,1,NA,1,99,,NA,NA,NA,NA,NA,NA,NA,NA,NA,NA,NA,NA,NA,NA,NA,0,0,0,NA,,,,0,NA,,,,,,,NA,NA,NA,NA,NA,NA,NA,NA,NA,NA,NA,NA,NA,NA,1,
1761,3/21/13 20:30,"52 PARK STREET, Somerville, MA",-71.1072669,42.3810069,,,,,,,3,1,2,NA,1,,,1,NA,NA,NA,NA,NA,NA,NA,NA,NA,NA,NA,NA,NA,NA,0,0,0,NA,,,,0,NA,,,,,,,NA,NA,NA,NA,NA,NA,NA,NA,NA,NA,NA,NA,NA,NA,0,
1762,3/22/13 1:58,"25 HIGHLAND AVENUE, Somerville, MA",-71.093642,42.385268,1,1,1,1,1,3,2,NA,NA,NA,,,,NA,NA,NA,NA,NA,NA,NA,NA,NA,NA,NA,NA,NA,NA,NA,0,0,0,NA,,,,0,NA,,,,,,,NA,NA,NA,NA,NA,NA,NA,NA,NA,NA,NA,NA,NA,NA,0,
1763,3/23/13 20:02," HIGHLAND AVENUE and CENTRAL STREET, Somerville, MA",-71.1034359,42.3884241,2,,3,2,1,1,1,1,10,4,,,,NA,NA,NA,NA,NA,NA,NA,NA,NA,NA,NA,NA,NA,NA,NA,0,1,0,1,1,,2,1,2,1,46,3,0,0,49,3,0,NA,NA,NA,NA,NA,NA,NA,NA,NA,NA,NA,NA,0,
1764,3/24/13 8:27,"24 PRESCOTT STREET, Somerville, MA",-71.099414,42.3846429,1,1,1,1,1,1,3,1,1,NA,1,1,,1,1,NA,NA,NA,NA,NA,NA,NA,NA,NA,NA,NA,NA,NA,0,0,0,NA,,,,0,NA,,,,,,,NA,NA,NA,NA,NA,NA,NA,NA,NA,NA,NA,NA,NA,NA,0,
1765,3/25/13 15:59," LOWELL STREET and WOODBINE STREET, Somerville, MA",-71.1067843,42.3919035,1,1,1,3,1,4,2,NA,NA,NA,,,,NA,NA,NA,NA,NA,NA,NA,NA,NA,NA,NA,NA,NA,NA,NA,0,0,0,NA,,,,0,NA,,,,,,,NA,NA,NA,NA,NA,NA,NA,NA,NA,NA,NA,NA,NA,NA,0,
2621,11/4/14 18:20,"Prospect St, Somerville, MA",-71.0956385,42.3769126,1,1,1,1,4,2,3,2,19,NA,1,1,,1,1,NA,NA,NA,NA,NA,NA,NA,NA,NA,NA,NA,NA,NA,0,0,0,0,0,,,0,NA,,,,,,,NA,NA,NA,NA,NA,NA,NA,NA,NA,NA,NA,NA,NA,NA,0,
1766,3/25/13 9:39," WEBSTER AVENUE and WASHINGTON STREET, Somerville, MA",-71.0964021,42.3796323,1,1,3,2,2,1,1,1,97,NA,,,,NA,NA,NA,NA,NA,NA,NA,NA,NA,NA,NA,NA,NA,NA,NA,1,0,0,2,2,,1,1,NA,0,37,4,1,,,NA,NA,NA,NA,NA,NA,NA,NA,NA,NA,NA,NA,NA,NA,0,
1767,3/26/13 8:00,"CEDAR STREET and SPENCER STREET, Somerville, MA",-71.1119418,42.3928379,2,1,1,3,1,3,2,1,99,NA,1,99,,NA,NA,NA,NA,NA,NA,NA,NA,NA,NA,NA,NA,NA,NA,NA,0,0,0,NA,,,,0,NA,,,,,,,NA,NA,NA,NA,NA,NA,NA,NA,NA,NA,NA,NA,NA,NA,0,
1768,3/26/13 14:32," SOMERVILLE AVENUE and LAUREL STREET, Somerville, MA",-71.1054273,42.3829957,1,1,2,3,1,1,1,2,4,NA,,,,NA,NA,NA,NA,NA,NA,NA,NA,NA,NA,NA,NA,NA,NA,NA,1,0,0,4,2,,5,1,NA,1,23,3,1,,,NA,NA,NA,NA,NA,NA,NA,NA,NA,NA,NA,NA,NA,NA,0,
1769,3/27/13 16:57," NORWOOD AVENUE and BROADWAY, Somerville, MA",-71.1023982,42.3967205,,,,,,,2,2,1,NA,1,4,,NA,NA,NA,NA,NA,NA,NA,NA,NA,NA,NA,NA,NA,NA,NA,0,0,0,NA,,,,0,NA,,,,,,,NA,NA,NA,NA,NA,NA,NA,NA,NA,NA,NA,NA,NA,NA,0,
1770,3/27/13 18:48,"195 BROADWAY, Somerville, MA",-71.0873704,42.3894275,1,1,1,1,3,3,2,7,1,NA,2,99,,NA,NA,NA,NA,NA,NA,NA,NA,NA,NA,NA,NA,NA,NA,NA,0,0,0,NA,,,,0,NA,,,,,,,NA,NA,NA,NA,NA,NA,NA,NA,NA,NA,NA,NA,NA,NA,0,
1771,3/29/13 19:48," SCHOOL STREET and RICHDALE AVENUE, Somerville, MA",-71.09741,42.3887757,1,1,3,3,4,1,1,1,3,NA,,,,NA,NA,NA,NA,NA,NA,NA,NA,NA,NA,NA,NA,NA,NA,NA,0,0,1,NA,,Street sign,,0,NA,,,,,,,NA,NA,NA,NA,NA,NA,NA,NA,NA,NA,NA,NA,NA,NA,0,
1772,3/30/13 14:30,"220 POWDER HOUSE BOULEVARD, Somerville, MA",-71.129001,42.4066199,,,,,,,4,1,11,NA,1,1,,2,1,NA,1,1,NA,NA,NA,NA,NA,NA,NA,NA,NA,NA,0,0,0,NA,,,,1,2,0,35,3,1,0,28,3,1,NA,NA,NA,NA,NA,NA,NA,NA,NA,NA,NA,NA,0,
1773,4/2/13 19:35," SCHOOL STREET and MEDFORD STREET, Somerville, MA",-71.0971615,42.3891241,1,1,3,2,2,2,2,1,99,NA,1,99,,NA,NA,NA,NA,NA,NA,NA,NA,NA,NA,NA,NA,NA,NA,NA,0,0,0,NA,,,,0,NA,,,,,,,NA,NA,NA,NA,NA,NA,NA,NA,NA,NA,NA,NA,NA,NA,0,
1774,4/4/13 8:10," MEDFORD STREET and WALNUT STREET, Somerville, MA",-71.0937489,42.3857992,1,1,3,1,1,2,3,1,97,NA,1,1,,2,1,NA,NA,NA,NA,NA,NA,NA,NA,NA,NA,NA,NA,NA,0,0,0,NA,,,,1,NA,0,41,4,1,,,NA,NA,NA,NA,NA,NA,NA,NA,NA,NA,NA,NA,NA,NA,0,
1775,4/4/13 17:05,"59 WASHINGTON STREET, Somerville, MA",-71.0832481,42.3819233,,,,,,,2,1,1,NA,1,5,,NA,NA,NA,NA,NA,NA,NA,NA,NA,NA,NA,NA,NA,NA,NA,0,0,0,NA,,,,0,NA,,,,,,,NA,NA,NA,NA,NA,NA,NA,NA,NA,NA,NA,NA,NA,NA,0,
1776,4/4/13 21:26,"93 BEACON STREET, Somerville, MA",-71.1048819,42.3772995,,,,,,,2,1,1,NA,2,4,,NA,NA,NA,NA,NA,NA,NA,NA,NA,NA,NA,NA,NA,NA,NA,0,0,0,NA,,,,0,NA,,,,,,,NA,NA,NA,NA,NA,NA,NA,NA,NA,NA,NA,NA,NA,NA,0,
1777,4/4/13 8:50," BEACON STREET and OXFORD STREET, Somerville, MA",-71.1161841,42.3860143,1,1,1,3,1,3,1,1,18,NA,,,,NA,NA,NA,NA,NA,NA,NA,NA,NA,NA,NA,NA,NA,NA,NA,1,0,0,4,1,,1,1,NA,0,25,3,1,,,NA,NA,NA,NA,NA,NA,NA,NA,NA,NA,NA,NA,NA,NA,0,
1778,4/5/13 15:30," SOMERVILLE AVENUE and CHURCH STREET, Somerville, MA",-71.1005403,42.3815227,1,1,1,3,1,1,1,2,1,NA,,,,NA,NA,NA,NA,NA,NA,NA,NA,NA,NA,NA,NA,NA,NA,NA,1,0,0,4,2,,1,1,NA,1,47,4,1,,,NA,NA,NA,NA,NA,NA,NA,NA,NA,NA,NA,NA,NA,NA,0,
1779,4/6/13 17:10," SOMERVILLE AVENUE and CRAIGIE STREET, Somerville, MA",-71.1128913,42.3852149,1,1,1,1,1,3,2,3,4,NA,1,1,,NA,NA,NA,NA,NA,NA,NA,NA,NA,NA,NA,NA,NA,NA,NA,0,0,1,NA,,Motorcycle,,1,NA,1,32,3,0,,,NA,NA,NA,NA,NA,NA,NA,NA,NA,NA,NA,NA,NA,NA,0,
1780,4/7/13 7:35," BROADWAY, Somerville, MA",-71.1075914,42.3983788,1,1,1,1,2,4,2,1,2,9,1,1,,NA,NA,NA,NA,NA,NA,NA,NA,NA,NA,NA,NA,NA,NA,NA,0,0,0,NA,,,,0,NA,,,,,,,NA,NA,NA,NA,NA,NA,NA,NA,NA,NA,NA,NA,NA,NA,0,
1781,4/11/13 14:36," SCHOOL STREET and SUMMER STREET, Somerville, MA",-71.1003999,42.3843689,1,1,3,2,4,2,2,1,97,NA,2,1,,NA,NA,NA,NA,NA,NA,NA,NA,NA,NA,NA,NA,NA,NA,NA,0,0,0,NA,,,,1,NA,0,40,4,1,,,NA,NA,NA,NA,NA,NA,NA,NA,NA,NA,NA,NA,NA,NA,0,
1782,4/11/13 21:20," EDGAR AVENUE and DOUGLAS AVENUE, Somerville, MA",-71.0974858,42.3956101,2,1,1,3,1,2,3,1,1,NA,1,10,5,2,NA,NA,NA,NA,NA,NA,NA,NA,NA,NA,NA,NA,NA,NA,0,0,0,NA,,,,1,2,0,53,3,1,0,35,3,1,NA,NA,NA,NA,NA,NA,NA,NA,NA,NA,NA,NA,0,
1783,4/11/13 21:40," PROFESSORS ROW and PACKARD AVENUE, Somerville, MA",-71.1219252,42.4067377,,,,,,,1,1,19,NA,,,,NA,NA,NA,NA,NA,NA,NA,NA,NA,NA,NA,NA,NA,NA,NA,0,1,0,1,1,,5,1,NA,1,21,4,0,,,NA,NA,NA,NA,NA,NA,NA,NA,NA,NA,NA,NA,NA,NA,0,
1784,4/12/13 15:07," MOUNT VERNON STREET and BROADWAY, Somerville, MA",-71.0788702,42.3862206,2,2,3,2,3,3,2,1,99,NA,2,99,,NA,NA,NA,NA,NA,NA,NA,NA,NA,NA,NA,NA,NA,NA,NA,0,0,0,NA,,,,1,3,1,35,4,0,0,28,4,0,1,35,4,0,NA,NA,NA,NA,NA,NA,NA,NA,0,
1785,4/13/13 1:24," GILMAN STREET and CROSS STREET, Somerville, MA",-71.0890194,42.3842967,3,2,2,3,4,1,1,2,99,NA,,,,NA,NA,NA,NA,NA,NA,NA,NA,NA,NA,NA,NA,NA,NA,NA,0,0,1,NA,,Do not enter sign,,0,NA,,,,,,,NA,NA,NA,NA,NA,NA,NA,NA,NA,NA,NA,NA,NA,NA,0,
1786,4/13/13 17:54," CENTRAL STREET and VERNON STREET, Somerville, MA",-71.1015146,42.3911489,2,1,2,3,1,3,2,1,3,4,1,1,,NA,NA,NA,NA,NA,NA,NA,NA,NA,NA,NA,NA,NA,NA,NA,0,0,0,NA,,,,0,NA,,,,,,,NA,NA,NA,NA,NA,NA,NA,NA,NA,NA,NA,NA,NA,NA,0,
3461,2/10/16 14:15,"Broadway and Paulina St, Somerville, MA",-71.1237159,42.4018427,2,2,2,3,1,3,2,2,4,0,2,1,0,NA,NA,NA,NA,NA,NA,NA,NA,NA,NA,NA,NA,NA,NA,NA,0,0,0,0,0,,,1,2,0,55,3,0,0,66,3,0,NA,NA,NA,NA,NA,NA,NA,NA,NA,NA,NA,NA,0,
1787,4/15/13 17:51,"25 BOW STREET, Somerville, MA",-71.0972915,42.3815421,1,1,1,1,4,2,2,2,1,NA,1,1,,NA,NA,NA,NA,NA,NA,NA,NA,NA,NA,NA,NA,NA,NA,NA,0,0,0,NA,,,,0,NA,,,,,,,NA,NA,NA,NA,NA,NA,NA,NA,NA,NA,NA,NA,NA,NA,0,
1788,4/15/13 19:00,"386 BEACON STREET, Somerville, MA",-71.1162669,42.3867173,1,1,1,1,1,2,2,1,NA,NA,1,,,NA,NA,NA,NA,NA,NA,NA,NA,NA,NA,NA,NA,NA,NA,NA,0,0,0,NA,,,,1,NA,0,31,4,1,,,NA,NA,NA,NA,NA,NA,NA,NA,NA,NA,NA,NA,NA,NA,0,
1789,4/15/13 19:36,"448 BROADWAY, Somerville, MA",-71.1017354,42.3963304,1,1,1,1,1,3,2,1,1,NA,1,2,10,NA,NA,NA,NA,NA,NA,NA,NA,NA,NA,NA,NA,NA,NA,NA,0,0,0,NA,,,,1,NA,1,33,4,1,,,NA,NA,NA,NA,NA,NA,NA,NA,NA,NA,NA,NA,NA,NA,0,
1790,4/16/13 7:30,"64 BEACON STREET, Somerville, MA",-71.104037,42.375993,1,1,4,1,1,2,2,1,1,NA,1,5,,NA,NA,NA,NA,NA,NA,NA,NA,NA,NA,NA,NA,NA,NA,NA,0,0,0,NA,,,,0,NA,,,,,,,NA,NA,NA,NA,NA,NA,NA,NA,NA,NA,NA,NA,NA,NA,0,
1791,4/16/13 11:44," DAY STREET and HERBERT STREET, Somerville, MA",-71.1231171,42.395838,1,1,1,3,4,4,2,2,97,NA,2,1,,NA,NA,NA,NA,NA,NA,NA,NA,NA,NA,NA,NA,NA,NA,NA,0,0,0,NA,,,,0,NA,,,,,,,NA,NA,NA,NA,NA,NA,NA,NA,NA,NA,NA,NA,NA,NA,0,
1792,4/18/13 20:10,"164 HOLLAND STREET, Somerville, MA",-71.126153,42.4006505,2,1,1,1,8,4,2,2,20,NA,,,,NA,NA,NA,NA,NA,NA,NA,NA,NA,NA,NA,NA,NA,NA,NA,0,0,0,NA,,,,0,NA,,,,,,,NA,NA,NA,NA,NA,NA,NA,NA,NA,NA,NA,NA,NA,NA,0,
1793,4/18/13 7:40,"164 HOLLAND STREET, Somerville, MA",-71.126153,42.4006505,1,1,1,1,1,99,1,1,19,NA,,,,NA,NA,NA,NA,NA,NA,NA,NA,NA,NA,NA,NA,NA,NA,NA,1,0,0,10,2,,3,0,NA,,,,,,,NA,NA,NA,NA,NA,NA,NA,NA,NA,NA,NA,NA,NA,NA,0,
1794,4/22/13 14:30," DANE STREET and SOMERVILLE AVENUE, Somerville, MA",-71.1034094,42.3824407,1,1,3,1,2,2,2,2,19,NA,1,1,,NA,NA,NA,NA,NA,NA,NA,NA,NA,NA,NA,NA,NA,NA,NA,0,0,0,NA,,,,0,NA,,,,,,,NA,NA,NA,NA,NA,NA,NA,NA,NA,NA,NA,NA,NA,NA,0,
1795,4/22/13 18:07,"21 CAMBRIA STREET, Somerville, MA",-71.1051095,42.387822,1,1,1,1,4,3,2,1,1,NA,2,4,,NA,NA,NA,NA,NA,NA,NA,NA,NA,NA,NA,NA,NA,NA,NA,0,0,0,NA,,,,0,NA,,,,,,,NA,NA,NA,NA,NA,NA,NA,NA,NA,NA,NA,NA,NA,NA,0,
1796,4/22/13 19:15," LOWELL STREET and HUDSON STREET, Somerville, MA",-71.1075438,42.3908061,197,1,2,1,99,3,2,1,99,NA,2,99,,NA,NA,NA,NA,NA,NA,NA,NA,NA,NA,NA,NA,NA,NA,NA,0,0,0,NA,,,,0,NA,,,,,,,NA,NA,NA,NA,NA,NA,NA,NA,NA,NA,NA,NA,NA,NA,0,
1797,4/23/13 9:18," HIGHLAND AVENUE and TOWER STREET, Somerville, MA",-71.108706,42.3905439,3,2,1,2,1,,2,1,1,NA,1,1,,NA,NA,NA,NA,NA,NA,NA,NA,NA,NA,NA,NA,NA,NA,NA,0,0,0,NA,,,,0,NA,,,,,,,NA,NA,NA,NA,NA,NA,NA,NA,NA,NA,NA,NA,NA,NA,0,
1798,4/25/13 13:36,"84 PROSPECT STREET, Somerville, MA",-71.095969,42.375946,1,1,1,1,1,4,2,1,9,20,1,,,NA,NA,NA,NA,NA,NA,NA,NA,NA,NA,NA,NA,NA,NA,NA,0,0,0,NA,,,,1,NA,0,23,4,1,,,NA,NA,NA,NA,NA,NA,NA,NA,NA,NA,NA,NA,NA,NA,0,
1799,4/26/13 14:15," CENTRAL STREET and VERNON STREET, Somerville, MA",-71.1015146,42.3911489,1,1,2,1,1,3,2,1,4,NA,2,1,,NA,NA,NA,NA,NA,NA,NA,NA,NA,NA,NA,NA,NA,NA,NA,0,0,0,NA,,,,0,NA,,,,,,,NA,NA,NA,NA,NA,NA,NA,NA,NA,NA,NA,NA,NA,NA,0,
1800,4/26/13 8:00," WALNUT STREET and BROADWAY, Somerville, MA",-71.0906239,42.3909797,1,1,2,1,4,1,1,2,4,NA,,,,NA,NA,NA,NA,NA,NA,NA,NA,NA,NA,NA,NA,NA,NA,NA,1,0,0,2,2,,5,1,NA,1,32,4,0,,,NA,NA,NA,NA,NA,NA,NA,NA,NA,NA,NA,NA,NA,NA,0,
1801,4/27/13 18:01," PARTRIDGE AVENUE and VERNON STREET, Somerville, MA",-71.1044758,42.3926989,1,1,2,3,1,3,2,1,1,NA,1,1,,NA,NA,NA,NA,NA,NA,NA,NA,NA,NA,NA,NA,NA,NA,NA,0,0,0,NA,,,,0,NA,,,,,,,NA,NA,NA,NA,NA,NA,NA,NA,NA,NA,NA,NA,NA,NA,0,
1802,4/28/13 15:27,"23 ALSTON STREET, Somerville, MA",-71.0896374,42.3817321,1,1,1,1,4,1,1,1,1,NA,,,,NA,NA,NA,NA,NA,NA,NA,NA,NA,NA,NA,NA,NA,NA,NA,0,1,0,4,2,,5,1,NA,1,3,4,0,,,NA,NA,NA,NA,NA,NA,NA,NA,NA,NA,NA,NA,NA,NA,0,
1803,4/28/13 19:05,"266 BROADWAY, Somerville, MA",-71.0911762,42.390861,1,1,4,2,1,3,4,1,4,NA,1,1,,NA,NA,NA,NA,NA,NA,NA,NA,NA,NA,NA,NA,NA,NA,NA,0,0,0,NA,,,,1,NA,1,28,3,1,,,NA,NA,NA,NA,NA,NA,NA,NA,NA,NA,NA,NA,NA,NA,0,
1804,4/29/13 15:52,"91 PROSPECT STREET, Somerville, MA",-71.0967185,42.3757616,,1,1,1,1,2,2,1,1,NA,1,99,,NA,NA,NA,NA,NA,NA,NA,NA,NA,NA,NA,NA,NA,NA,NA,0,0,0,NA,,,,1,NA,0,43,4,1,,,NA,NA,NA,NA,NA,NA,NA,NA,NA,NA,NA,NA,NA,NA,0,
1805,4/30/13 14:23,"278 ELM STREET, Somerville, MA",-71.1225189,42.3959728,1,1,1,1,4,4,2,1,9,NA,97,1,,NA,NA,NA,NA,NA,NA,NA,NA,NA,NA,NA,NA,NA,NA,NA,0,0,0,NA,,,,1,NA,1,83,4,0,,,NA,NA,NA,NA,NA,NA,NA,NA,NA,NA,NA,NA,NA,NA,1,
1806,5/1/13 16:26,"356 BEACON STREET, Somerville, MA",-71.1155543,42.3857062,1,1,1,1,1,2,3,2,19,NA,1,1,,1,1,NA,NA,NA,NA,NA,NA,NA,NA,NA,NA,NA,NA,NA,0,0,0,NA,,,,0,NA,,,,,,,NA,NA,NA,NA,NA,NA,NA,NA,NA,NA,NA,NA,NA,NA,0,
1807,5/2/13 10:45,"30 INNER BELT ROAD, Somerville, MA",-71.0798146,42.3794002,1,1,1,1,1,3,2,1,4,NA,2,1,,NA,NA,NA,NA,NA,NA,NA,NA,NA,NA,NA,NA,NA,NA,NA,0,0,0,NA,,,,0,NA,,,,,,,NA,NA,NA,NA,NA,NA,NA,NA,NA,NA,NA,NA,NA,NA,0,
1808,5/2/13 16:00,"1017 BROADWAY, Somerville, MA",-71.1231459,42.4017084,,,,,,,1,2,4,NA,,,,NA,NA,NA,NA,NA,NA,NA,NA,NA,NA,NA,NA,NA,NA,NA,1,0,0,10,2,,7,1,NA,1,,4,1,,,NA,NA,NA,NA,NA,NA,NA,NA,NA,NA,NA,NA,NA,NA,0,
1809,5/2/13 18:14,"175 BEACON STREET, Somerville, MA",-71.1076885,42.379791,2,1,1,,,1,1,1,4,NA,,,,NA,NA,NA,NA,NA,NA,NA,NA,NA,NA,NA,NA,NA,NA,NA,1,0,0,4,2,,3,1,NA,0,30,2,1,,,NA,NA,NA,NA,NA,NA,NA,NA,NA,NA,NA,NA,NA,NA,0,
1810,5/3/13 14:40,"1364 BROADWAY, Somerville, MA",-71.1331944,42.4067082,1,1,1,9,1,4,2,NA,NA,NA,,,,NA,NA,NA,NA,NA,NA,NA,NA,NA,NA,NA,NA,NA,NA,NA,0,0,0,NA,,,,0,NA,,,,,,,NA,NA,NA,NA,NA,NA,NA,NA,NA,NA,NA,NA,NA,NA,0,
1811,5/3/13 15:20," BROADWAY and GARFIELD AVENUE, Somerville, MA",-71.0867525,42.3889844,1,1,3,3,2,4,2,2,99,NA,1,,,NA,NA,NA,NA,NA,NA,NA,NA,NA,NA,NA,NA,NA,NA,NA,0,0,0,NA,,,,0,NA,,,,,,,NA,NA,NA,NA,NA,NA,NA,NA,NA,NA,NA,NA,NA,NA,0,
1812,5/3/13 18:19,"514 SOMERVILLE AVENUE, Somerville, MA",-71.1058387,42.3830744,,,,,,,2,1,1,NA,,,,NA,NA,NA,NA,NA,NA,NA,NA,NA,NA,NA,NA,NA,NA,NA,0,0,0,NA,,,,1,NA,1,4 mo.,4,1,,,NA,NA,NA,NA,NA,NA,NA,NA,NA,NA,NA,NA,NA,NA,0,
1813,5/4/13 15:32," TEMPLE STREET and JAQUES STREET, Somerville, MA",-71.092016,42.394362,1,1,23,23,24,24,2,1,97,NA,1,1,,NA,NA,NA,NA,NA,NA,NA,NA,NA,NA,NA,NA,NA,NA,NA,0,0,0,NA,,,,1,3,0,50,4,0,1,37,4,0,1,6,4,0,NA,NA,NA,NA,NA,NA,NA,NA,0,
1814,5/4/13 22:44," EDGAR AVENUE and HEATH STREET, Somerville, MA",-71.0971381,42.3960022,1,1,2,2,1,4,2,NA,NA,NA,2,,,NA,NA,NA,NA,NA,NA,NA,NA,NA,NA,NA,NA,NA,NA,NA,0,0,0,NA,,,,0,NA,,,,,,,NA,NA,NA,NA,NA,NA,NA,NA,NA,NA,NA,NA,NA,NA,0,
1815,5/5/13 17:41,"383 BROADWAY, Somerville, MA",-71.0969157,42.3947697,1,1,3,2,3,2,3,1,19,20,1,1,,1,1,NA,NA,NA,NA,NA,NA,NA,NA,NA,NA,NA,NA,NA,0,0,0,NA,,,,0,NA,,,,,,,NA,NA,NA,NA,NA,NA,NA,NA,NA,NA,NA,NA,NA,NA,0,
1816,5/7/13 10:29,"854 BROADWAY, Somerville, MA",-71.1174086,42.4007051,1,1,1,1,2,1,1,1,1,NA,,,,NA,NA,NA,NA,NA,NA,NA,NA,NA,NA,NA,NA,NA,NA,NA,1,0,0,10,2,,3,1,NA,0,48,4,0,,,NA,NA,NA,NA,NA,NA,NA,NA,NA,NA,NA,NA,NA,NA,0,