id,date_time,address,lon,lat,Weather,road_surface,traffic_control_device,intersection_type,traffic_way_desc,collision_manner,num_involved_vehicles,vehicle1_configuration,driver1_contrib1,driver1_contrib2,vehicle2_configuration,driver2_contrib1,driver2_contrib2,vehicle3_configuration,driver3_contrib1,driver3_contrib2,vehicle4_configuration,driver4_contrib1,driver4_contrib2,vehicle5_configuration,driver5_contrib1,driver5_contrib2,vehicle6_configuration,driver6_contrib1,driver6_contrib2,vehicle7_configuration,driver7_contrib1,driver7_contrib2,Bicycle,Pedestrian,non_mv,non_motorist_location,non_motorist_action,non_motorist_type,manner_of_non_motorist_collision,Injury,Multiple,Gender1,Age1,Severity1,Hospital1,Gender2,Age2,Severity2,Hospital2,Gender3,Age3,Severity3,Hospital3,Gender4,Age4,Severity4,Hospital4,Gender5,Age5,Severity5,Hospital5,city_vehicle,Notes
1817,5/9/13 13:30,"PROSPECT STREET and CONCORD AVENUE, Somerville, MA",-71.0956827,42.3768572,23,,3,3,1,2,2,2,1,NA,1,5,,NA,NA,NA,NA,NA,NA,NA,NA,NA,NA,NA,NA,NA,NA,NA,0,0,0,NA,,,,0,NA,,,,,,,NA,NA,NA,NA,NA,NA,NA,NA,NA,NA,NA,NA,NA,NA,0,
1818,5/9/13 15:48," PROSPECT STREET and SOMERVILLE AVENUE, Somerville, MA",-71.0941078,42.3791063,2,1,2,3,1,3,2,1,1,NA,,1,,NA,NA,NA,NA,NA,NA,NA,NA,NA,NA,NA,NA,NA,NA,NA,1,0,0,4,2,,5,1,NA,0,,4,1,,,NA,NA,NA,NA,NA,NA,NA,NA,NA,NA,NA,NA,NA,NA,0,
1819,5/9/13 16:45,"OAK STREET and PROSPECT STREET, Somerville, MA",-71.0962246,42.3760899,2,1,1,1,1,2,2,1,1,NA,2,5,,NA,NA,NA,NA,NA,NA,NA,NA,NA,NA,NA,NA,NA,NA,NA,0,0,0,NA,,,,1,NA,0,50,4,1,,,NA,NA,NA,NA,NA,NA,NA,NA,NA,NA,NA,NA,NA,NA,0,
1820,5/9/13 22:00," SOMERVILLE AVENUE and CENTRAL STREET, Somerville, MA",-71.1069016,42.3833311,3,2,1,3,1,2,2,1,5,NA,1,1,,NA,NA,NA,NA,NA,NA,NA,NA,NA,NA,NA,NA,NA,NA,NA,0,0,0,NA,,,,0,NA,,,,,,,NA,NA,NA,NA,NA,NA,NA,NA,NA,NA,NA,NA,NA,NA,0,
1821,5/11/13 3:45,"143 POWDER HOUSE BOULEVARD and COLLEGE AVENUE and COLLEGE AVENUE, Somerville, MA",-71.1172064,42.4040151,1,1,4,7,4,1,1,1,97,NA,,,,NA,NA,NA,NA,NA,NA,NA,NA,NA,NA,NA,NA,NA,NA,NA,0,0,1,1,97,Pole,,0,NA,,,,,,,NA,NA,NA,NA,NA,NA,NA,NA,NA,NA,NA,NA,NA,NA,0,
1822,5/12/13 4:00,"107 CROSS STREET, Somerville, MA",-71.0891065,42.3845042,99,2,1,1,1,2,1,1,1,NA,,,,NA,NA,NA,NA,NA,NA,NA,NA,NA,NA,NA,NA,NA,NA,NA,0,0,0,NA,,,,0,NA,,,,,,,NA,NA,NA,NA,NA,NA,NA,NA,NA,NA,NA,NA,NA,NA,0,
1823,5/12/13 13:27,"11 FLINT STREET, Somerville, MA",-71.085323,42.3838656,1,1,1,1,1,4,2,7,99,NA,1,,,NA,NA,NA,NA,NA,NA,NA,NA,NA,NA,NA,NA,NA,NA,NA,0,0,0,NA,,,,0,NA,,,,,,,NA,NA,NA,NA,NA,NA,NA,NA,NA,NA,NA,NA,NA,NA,1,
1824,5/12/13 17:10,"406 HIGHLAND AVENUE, Somerville, MA",-71.1213652,42.3958348,1,1,1,1,4,2,2,1,20,NA,1,1,,NA,NA,NA,NA,NA,NA,NA,NA,NA,NA,NA,NA,NA,NA,NA,0,0,0,NA,,,,0,NA,,,,,,,NA,NA,NA,NA,NA,NA,NA,NA,NA,NA,NA,NA,NA,NA,0,
1825,5/12/13 17:47,"231 HOLLAND STREET, Somerville, MA",-71.1266499,42.4025646,1,1,1,1,1,2,2,2,9,NA,1,1,,NA,NA,NA,NA,NA,NA,NA,NA,NA,NA,NA,NA,NA,NA,NA,0,0,0,NA,,,,1,2,0,40,3,0,1,32,3,0,NA,NA,NA,NA,NA,NA,NA,NA,NA,NA,NA,NA,0,
1826,5/12/13 22:20," LOWELL STREET and MEDFORD STREET, Somerville, MA",-71.1036591,42.396406,1,1,3,3,1,2,2,1,2,10,1,1,,NA,NA,NA,NA,NA,NA,NA,NA,NA,NA,NA,NA,NA,NA,NA,0,0,0,NA,,,,1,1,1,36,3,1,,,NA,NA,NA,NA,NA,NA,NA,NA,NA,NA,NA,NA,NA,NA,0,
1827,5/13/13 1:35,"1188 BROADWAY, Somerville, MA",-71.128438,42.403531,1,1,1,1,1,1,1,1,21,NA,,,,NA,NA,NA,NA,NA,NA,NA,NA,NA,NA,NA,NA,NA,NA,NA,0,0,1,NA,,Light pole,,0,NA,,,,,,,NA,NA,NA,NA,NA,NA,NA,NA,NA,NA,NA,NA,NA,NA,0,
1828,5/13/13 9:30," SOMERVILLE AVENUE and SCHOOL STREET, Somerville, MA",-71.1020177,42.381996,1,1,3,2,1,4,2,1,1,NA,2,3,,NA,NA,NA,NA,NA,NA,NA,NA,NA,NA,NA,NA,NA,NA,NA,0,0,0,NA,,,,0,NA,,,,,,,NA,NA,NA,NA,NA,NA,NA,NA,NA,NA,NA,NA,NA,NA,0,
1829,5/14/13 17:29," ELLSWORTH STREET and CROSS STREET, Somerville, MA",-71.0869684,42.3870626,,,,,,,2,1,1,NA,1,1,,NA,NA,NA,NA,NA,NA,NA,NA,NA,NA,NA,NA,NA,NA,NA,0,0,0,NA,,,,1,NA,0,55,4,1,,,NA,NA,NA,NA,NA,NA,NA,NA,NA,NA,NA,NA,NA,NA,0,
1830,5/14/13 21:31," BLAKELEY AVENUE, Somerville, MA",-71.0862006,42.3905678,,,,,,,1,NA,3,23,,,,NA,NA,NA,NA,NA,NA,NA,NA,NA,NA,NA,NA,NA,NA,NA,0,0,1,NA,,Utility pole,,0,NA,,,,,,,NA,NA,NA,NA,NA,NA,NA,NA,NA,NA,NA,NA,NA,NA,0,
1831,5/14/13 9:20," BEACON STREET and OXFORD STREET, Somerville, MA",-71.1161841,42.3860143,1,1,2,3,1,1,1,2,4,NA,,,,NA,NA,NA,NA,NA,NA,NA,NA,NA,NA,NA,NA,NA,NA,NA,1,0,0,4,2,,5,1,NA,1,31,4,1,,,NA,NA,NA,NA,NA,NA,NA,NA,NA,NA,NA,NA,NA,NA,0,
1832,5/15/13 7:31,"51 SCHOOL STREET, Somerville, MA",-71.1004336,42.3838807,1,1,1,1,4,4,2,2,1,NA,2,99,,NA,NA,NA,NA,NA,NA,NA,NA,NA,NA,NA,NA,NA,NA,NA,0,0,0,NA,,,,0,NA,,,,,,,NA,NA,NA,NA,NA,NA,NA,NA,NA,NA,NA,NA,NA,NA,0,
1833,5/15/13 14:40,"91 HIGHLAND AVENUE, Somerville, MA",-71.098537,42.386787,2,1,1,1,1,4,2,2,1,NA,6,1,,NA,NA,NA,NA,NA,NA,NA,NA,NA,NA,NA,NA,NA,NA,NA,0,0,0,NA,,,,0,NA,,,,,,,NA,NA,NA,NA,NA,NA,NA,NA,NA,NA,NA,NA,NA,NA,1,
1834,5/15/13 15:20,"78 GOVERNOR WINTHROP ROAD, Somerville, MA",-71.0884535,42.3966966,1,1,1,1,1,4,2,2,1,NA,1,9,10,NA,NA,NA,NA,NA,NA,NA,NA,NA,NA,NA,NA,NA,NA,NA,0,0,0,NA,,,,0,NA,,,,,,,NA,NA,NA,NA,NA,NA,NA,NA,NA,NA,NA,NA,NA,NA,0,
1835,5/15/13 17:00," MOSSLAND STREET, Somerville, MA",-71.1161651,42.3875215,1,1,1,1,4,3,1,1,4,NA,,,,NA,NA,NA,NA,NA,NA,NA,NA,NA,NA,NA,NA,NA,NA,NA,1,0,0,4,2,,3,1,NA,0,22,3,0,,,NA,NA,NA,NA,NA,NA,NA,NA,NA,NA,NA,NA,NA,NA,0,
1836,5/16/13 18:16," SOMERVILLE AVENUE and BEECH STREET, Somerville, MA",-71.1079791,42.3835696,1,1,1,3,1,1,1,1,1,NA,,,,NA,NA,NA,NA,NA,NA,NA,NA,NA,NA,NA,NA,NA,NA,NA,1,0,0,4,2,,1,1,NA,1,35,2,1,,,NA,NA,NA,NA,NA,NA,NA,NA,NA,NA,NA,NA,NA,NA,0,
1837,5/17/13 11:25," CHAPEL STREET and COLLEGE AVENUE, Somerville, MA",-71.1205715,42.398705,2,1,2,2,1,3,2,NA,1,NA,,6,,NA,NA,NA,NA,NA,NA,NA,NA,NA,NA,NA,NA,NA,NA,NA,0,0,0,NA,,,,0,NA,,,,,,,NA,NA,NA,NA,NA,NA,NA,NA,NA,NA,NA,NA,NA,NA,0,
1838,5/17/13 14:27,"28 PEARSON ROAD, Somerville, MA",-71.1148453,42.4013682,2,1,1,9,99,6,3,NA,30,NA,,0,,NA,0,NA,NA,NA,NA,NA,NA,NA,NA,NA,NA,NA,NA,NA,0,0,0,NA,,,,0,NA,,,,,,,NA,NA,NA,NA,NA,NA,NA,NA,NA,NA,NA,NA,NA,NA,0,
1839,5/17/13 20:23,"55 DAVIS SQUARE, Somerville, MA",-71.1230124,42.3966479,1,1,5,1,1,1,1,1,4,19,,,,NA,NA,NA,NA,NA,NA,NA,NA,NA,NA,NA,NA,NA,NA,NA,0,1,0,3,1,,5,1,NA,0,31,4,1,,,NA,NA,NA,NA,NA,NA,NA,NA,NA,NA,NA,NA,NA,NA,0,
1840,5/18/13 21:08," WARNER STREET and BROADWAY and POWDER HOUSE BOULEVARD, Somerville, MA",-71.1246937,42.4049572,1,1,3,7,2,1,1,1,1,NA,,,,NA,NA,NA,NA,NA,NA,NA,NA,NA,NA,NA,NA,NA,NA,NA,0,1,0,1,1,,5,1,NA,1,68,2,1,,,NA,NA,NA,NA,NA,NA,NA,NA,NA,NA,NA,NA,NA,NA,0,
1841,5/19/13 10:41," WASHINGTON STREET and MCGRATH HIGHWAY Rte 28 N, Somerville, MA",-71.0893942,42.3804355,1,1,3,8,3,3,1,1,4,NA,,,,NA,NA,NA,NA,NA,NA,NA,NA,NA,NA,NA,NA,NA,NA,NA,1,0,0,4,2,,1,1,NA,0,26,4,0,,,NA,NA,NA,NA,NA,NA,NA,NA,NA,NA,NA,NA,NA,NA,0,
1842,5/21/13 10:00," BROADWAY and MOUNT VERNON STREET, Somerville, MA",-71.0788702,42.3862206,1,1,3,2,1,6,2,1,1,NA,2,6,,NA,NA,NA,NA,NA,NA,NA,NA,NA,NA,NA,NA,NA,NA,NA,0,0,0,NA,,,,0,NA,,,,,,,NA,NA,NA,NA,NA,NA,NA,NA,NA,NA,NA,NA,NA,NA,0,
1843,5/22/13 8:10,"464 BROADWAY, Somerville, MA",-71.1022593,42.396726,2,2,1,1,1,3,2,1,4,NA,1,1,,NA,NA,NA,NA,NA,NA,NA,NA,NA,NA,NA,NA,NA,NA,NA,0,0,0,NA,,,,0,NA,,,,,,,NA,NA,NA,NA,NA,NA,NA,NA,NA,NA,NA,NA,NA,NA,0,
1844,5/22/13 13:28,"23 ELM STREET, Somerville, MA",-71.1140677,42.3870337,2,1,1,1,1,3,2,1,4,NA,2,1,,NA,NA,NA,NA,NA,NA,NA,NA,NA,NA,NA,NA,NA,NA,NA,0,0,0,NA,,,,0,NA,,,,,,,NA,NA,NA,NA,NA,NA,NA,NA,NA,NA,NA,NA,NA,NA,0,
1845,5/24/13 15:10," COLLEGE AVENUE and WINTER STREET, Somerville, MA",-71.1219632,42.3970411,2,1,1,3,2,3,2,1,4,NA,2,1,,NA,NA,NA,NA,NA,NA,NA,NA,NA,NA,NA,NA,NA,NA,NA,0,0,0,NA,,,,0,NA,,,,,,,NA,NA,NA,NA,NA,NA,NA,NA,NA,NA,NA,NA,NA,NA,0,
1846,5/24/13 19:48," PEARL STREET and DANA STREET, Somerville, MA",-71.0908197,42.3866432,3,2,1,3,1,1,1,1,1,NA,,,,NA,NA,NA,NA,NA,NA,NA,NA,NA,NA,NA,NA,NA,NA,NA,1,0,0,4,2,,5a,1,NA,1,19,3,1,,,NA,NA,NA,NA,NA,NA,NA,NA,NA,NA,NA,NA,NA,NA,0,
1847,5/25/13 3:00," HIGHLAND AVENUE and HAMLET STREET, Somerville, MA",-71.0926238,42.3845416,36,2,5,4,1,4,1,1,1,NA,,,,NA,NA,NA,NA,NA,NA,NA,NA,NA,NA,NA,NA,NA,NA,NA,0,0,1,NA,,Street sign,,0,NA,,,,,,,NA,NA,NA,NA,NA,NA,NA,NA,NA,NA,NA,NA,NA,NA,0,
1848,5/25/13 8:10,"30 COLLEGE AVENUE, Somerville, MA",-71.1220665,42.3974028,23,2,1,1,2,4,3,1,4,NA,8,1,,2,1,NA,NA,NA,NA,NA,NA,NA,NA,NA,NA,NA,NA,NA,0,0,0,NA,,,,0,NA,,,,,,,NA,NA,NA,NA,NA,NA,NA,NA,NA,NA,NA,NA,NA,NA,0,
1849,5/25/13 11:53," WASHINGTON STREET and LINE STREET, Somerville, MA",-71.1072776,42.3780914,23,2,2,3,1,2,2,2,7,NA,2,1,,NA,NA,NA,NA,NA,NA,NA,NA,NA,NA,NA,NA,NA,NA,NA,0,0,0,NA,,,,0,NA,,,,,,,NA,NA,NA,NA,NA,NA,NA,NA,NA,NA,NA,NA,NA,NA,0,
1850,5/26/13 12:25,"16 CRESCENT STREET, Somerville, MA",-71.0808076,42.3826625,2,1,1,1,4,3,2,1,1,NA,1,97,,NA,NA,NA,NA,NA,NA,NA,NA,NA,NA,NA,NA,NA,NA,NA,0,0,0,NA,,,,1,2,0,,4,0,0,63,4,0,NA,NA,NA,NA,NA,NA,NA,NA,NA,NA,NA,NA,0,
1851,5/28/13 17:04,"393 HIGHLAND AVENUE, Somerville, MA",-71.1198745,42.3958133,,,,,,,2,1,1,NA,2,1,,NA,NA,NA,NA,NA,NA,NA,NA,NA,NA,NA,NA,NA,NA,NA,0,0,0,NA,,,,0,NA,,,,,,,NA,NA,NA,NA,NA,NA,NA,NA,NA,NA,NA,NA,NA,NA,0,
1852,5/28/13 16:07," PEARL STREET and CROSS STREET, Somerville, MA",-71.0878325,42.3857024,1,1,3,2,1,1,1,1,4,19,,,,NA,NA,NA,NA,NA,NA,NA,NA,NA,NA,NA,NA,NA,NA,NA,0,1,0,1,1,,2,1,NA,1,23,3,0,,,NA,NA,NA,NA,NA,NA,NA,NA,NA,NA,NA,NA,NA,NA,0,
1853,5/29/13 18:24," BROADWAY and GRANT STREET, Somerville, MA",-71.0917969,42.3915907,2,1,1,3,2,2,2,1,5,19,1,1,,NA,NA,NA,NA,NA,NA,NA,NA,NA,NA,NA,NA,NA,NA,NA,0,0,0,NA,,,,1,NA,0,41,4,1,,,NA,NA,NA,NA,NA,NA,NA,NA,NA,NA,NA,NA,NA,NA,0,
1854,5/29/13 19:44,"393 HIGHLAND AVENUE, Somerville, MA",-71.1198745,42.3958133,1,1,1,1,4,4,2,1,1,NA,1,1,,NA,NA,NA,NA,NA,NA,NA,NA,NA,NA,NA,NA,NA,NA,NA,0,0,0,NA,,,,0,NA,,,,,,,NA,NA,NA,NA,NA,NA,NA,NA,NA,NA,NA,NA,NA,NA,0,
1855,5/29/13 22:10," BROADWAY and MEDFORD STREET, Somerville, MA",-71.1043116,42.3973445,3,2,3,8,3,1,2,1,1,NA,1,1,,NA,NA,NA,NA,NA,NA,NA,NA,NA,NA,NA,NA,NA,NA,NA,0,0,0,NA,,,,1,NA,1,31,4,1,,,NA,NA,NA,NA,NA,NA,NA,NA,NA,NA,NA,NA,NA,NA,0,
1856,5/30/13 1:35," CENTRAL STREET and VERNON STREET, Somerville, MA",-71.1015146,42.3911489,23,2,2,2,1,5,2,2,99,NA,2,99,,NA,NA,NA,NA,NA,NA,NA,NA,NA,NA,NA,NA,NA,NA,NA,0,0,0,NA,,,,1,NA,1,45,99,1,,,NA,NA,NA,NA,NA,NA,NA,NA,NA,NA,NA,NA,NA,NA,0,
1857,5/30/13 13:40,"96 WILLOW AVENUE, Somerville, MA",-71.1168397,42.3944201,1,1,3,1,2,4,2,1,10,NA,2,1,,NA,NA,NA,NA,NA,NA,NA,NA,NA,NA,NA,NA,NA,NA,NA,0,0,0,NA,,,,0,NA,,,,,,,NA,NA,NA,NA,NA,NA,NA,NA,NA,NA,NA,NA,NA,NA,1,
1858,5/30/13 16:46," DANE STREET, Somerville, MA",-71.1043636,42.3808559,1,1,1,1,1,3,2,1,4,NA,1,1,,NA,NA,NA,NA,NA,NA,NA,NA,NA,NA,NA,NA,NA,NA,NA,0,0,0,NA,,,,0,NA,,,,,,,NA,NA,NA,NA,NA,NA,NA,NA,NA,NA,NA,NA,NA,NA,0,
1859,5/30/13 18:24," SOMERVILLE AVENUE and SPRING STREET, Somerville, MA",-71.109476,42.3839008,1,1,1,3,1,1,1,1,4,NA,,,,NA,NA,NA,NA,NA,NA,NA,NA,NA,NA,NA,NA,NA,NA,NA,1,0,0,4,2,,5,1,NA,,,,,,,NA,NA,NA,NA,NA,NA,NA,NA,NA,NA,NA,NA,NA,NA,0,
1860,5/31/13 7:41,"ADAMS STREET and MEDFORD STREET, Somerville, MA",-71.1011739,42.3932483,1,1,2,3,1,3,2,1,4,NA,1,1,,NA,NA,NA,NA,NA,NA,NA,NA,NA,NA,NA,NA,NA,NA,NA,0,0,0,NA,,,,0,NA,,,,,,,NA,NA,NA,NA,NA,NA,NA,NA,NA,NA,NA,NA,NA,NA,0,
1861,5/31/13 17:55,"WILLOW AVENUE and BROADWAY, Somerville, MA",-71.1127004,42.4001,1,1,3,3,1,2,2,1,5,19,2,1,,NA,NA,NA,NA,NA,NA,NA,NA,NA,NA,NA,NA,NA,NA,NA,0,0,0,NA,,,,1,NA,1,76,3,1,,,NA,NA,NA,NA,NA,NA,NA,NA,NA,NA,NA,NA,NA,NA,0,
1862,5/31/13 21:20," WASHINGTON STREET and COLUMBUS AVENUE, Somerville, MA",-71.0930682,42.3795065,1,1,1,3,1,3,2,1,19,NA,2,1,,NA,NA,NA,NA,NA,NA,NA,NA,NA,NA,NA,NA,NA,NA,NA,0,0,0,NA,,,,0,NA,,,,,,,NA,NA,NA,NA,NA,NA,NA,NA,NA,NA,NA,NA,NA,NA,0,
1863,6/1/13 11:31,"180 SOMERVILLE AVENUE, Somerville, MA",-71.0904322,42.3764299,1,1,1,1,1,3,2,1,1,NA,,4,,NA,NA,NA,NA,NA,NA,NA,NA,NA,NA,NA,NA,NA,NA,NA,0,0,0,NA,,,,0,NA,,,,,,,NA,NA,NA,NA,NA,NA,NA,NA,NA,NA,NA,NA,NA,NA,0,
1864,6/2/13 3:17," WASHINGTON STREET and BONNER AVENUE, Somerville, MA",-71.0939847,42.3795851,1,1,4,3,1,4,2,NA,NA,NA,,,,NA,NA,NA,NA,NA,NA,NA,NA,NA,NA,NA,NA,NA,NA,NA,0,0,0,NA,,,,0,NA,,,,,,,NA,NA,NA,NA,NA,NA,NA,NA,NA,NA,NA,NA,NA,NA,0,
1865,6/2/13 5:57," SOMERVILLE AVENUE and MCGRATH HIGHWAY, Somerville, MA",-71.0861237,42.3756473,1,1,3,2,4,3,2,1,1,NA,2,4,,NA,NA,NA,NA,NA,NA,NA,NA,NA,NA,NA,NA,NA,NA,NA,0,0,0,NA,,,,0,NA,,,,,,,NA,NA,NA,NA,NA,NA,NA,NA,NA,NA,NA,NA,NA,NA,0,
1866,6/3/13 7:12,"167 WALNUT STREET, Somerville, MA",-71.0913813,42.3900881,23,2,1,1,4,3,2,1,1,NA,1,99,,NA,NA,NA,NA,NA,NA,NA,NA,NA,NA,NA,NA,NA,NA,NA,0,0,0,NA,,,,0,NA,,,,,,,NA,NA,NA,NA,NA,NA,NA,NA,NA,NA,NA,NA,NA,NA,0,
1867,6/3/13 21:00," POWDER HOUSE SQUARE, Somerville, MA",-71.1164661,42.4000893,2,1,4,8,1,4,2,1,1,NA,2,4,,NA,NA,NA,NA,NA,NA,NA,NA,NA,NA,NA,NA,NA,NA,NA,0,0,0,NA,,,,0,NA,,,,,,,NA,NA,NA,NA,NA,NA,NA,NA,NA,NA,NA,NA,NA,NA,0,
1868,6/4/13 6:53," BROADWAY and CENTRAL STREET, Somerville, MA",-71.0986355,42.395264,1,1,2,3,1,3,2,1,1,NA,1,1,,NA,NA,NA,NA,NA,NA,NA,NA,NA,NA,NA,NA,NA,NA,NA,0,0,0,NA,,,,0,NA,,,,,,,NA,NA,NA,NA,NA,NA,NA,NA,NA,NA,NA,NA,NA,NA,0,
1869,6/4/13 9:10,"40 BEACON STREET, Somerville, MA",-71.103185,42.3752629,1,1,1,1,1,3,1,1,1,NA,,,,NA,NA,NA,NA,NA,NA,NA,NA,NA,NA,NA,NA,NA,NA,NA,1,0,0,4,2,,3,1,NA,1,30,3,0,,,NA,NA,NA,NA,NA,NA,NA,NA,NA,NA,NA,NA,NA,NA,0,
1870,6/4/13 15:20," BOW STREET and SUMMER STREET, Somerville, MA",-71.0983021,42.3816555,1,1,3,4,4,4,1,2,1,NA,,,,NA,NA,NA,NA,NA,NA,NA,NA,NA,NA,NA,NA,NA,NA,NA,1,0,0,4,2,,7,1,NA,1,45,3,0,,,NA,NA,NA,NA,NA,NA,NA,NA,NA,NA,NA,NA,NA,NA,0,
1871,6/6/13 9:08,"16 BEACON STREET, Somerville, MA",-71.1025604,42.374749,1,1,1,1,1,3,1,1,19,NA,,,,NA,NA,NA,NA,NA,NA,NA,NA,NA,NA,NA,NA,NA,NA,NA,1,0,0,10,2,,2,1,NA,0,25,4,0,,,NA,NA,NA,NA,NA,NA,NA,NA,NA,NA,NA,NA,NA,NA,0,
1872,6/6/13 17:11," WASHINGTON STREET and TUFTS STREET, Somerville, MA",-71.0875544,42.3809863,1,1,1,3,1,3,2,1,4,NA,2,1,,NA,NA,NA,NA,NA,NA,NA,NA,NA,NA,NA,NA,NA,NA,NA,0,0,0,NA,,,,1,NA,0,31,4,1,,,NA,NA,NA,NA,NA,NA,NA,NA,NA,NA,NA,NA,NA,NA,0,
1873,6/7/13 12:00," PROSPECT STREET and SOMERVILLE AVENUE, Somerville, MA",-71.0941078,42.3791063,23,2,3,2,1,2,2,1,99,NA,1,5,,NA,NA,NA,NA,NA,NA,NA,NA,NA,NA,NA,NA,NA,NA,NA,0,0,0,NA,,,,1,NA,1,28,4,1,,,NA,NA,NA,NA,NA,NA,NA,NA,NA,NA,NA,NA,NA,NA,0,
1874,6/7/13 17:05," BROADWAY and MCGRATH HIGHWAY, Somerville, MA",-71.0880963,42.3897397,3,2,3,2,2,1,2,1,19,NA,2,1,,NA,NA,NA,NA,NA,NA,NA,NA,NA,NA,NA,NA,NA,NA,NA,0,0,0,NA,,,,1,NA,0,,3,0,,,NA,NA,NA,NA,NA,NA,NA,NA,NA,NA,NA,NA,NA,NA,0,
1875,6/8/13 1:45," BOW STREET and WESLEY PARK, Somerville, MA",-71.0977567,42.3816491,1,1,1,4,4,2,1,2,99,NA,,,,NA,NA,NA,NA,NA,NA,NA,NA,NA,NA,NA,NA,NA,NA,NA,1,0,0,4,2,,1,0,NA,,,,,,,NA,NA,NA,NA,NA,NA,NA,NA,NA,NA,NA,NA,NA,NA,0,
1876,6/12/13 6:45," SUMMER STREET and CEDAR STREET, Somerville, MA",-71.1136266,42.3904869,1,2,3,2,1,3,2,1,3,NA,2,1,,NA,NA,NA,NA,NA,NA,NA,NA,NA,NA,NA,NA,NA,NA,NA,0,0,0,NA,,,,0,NA,,,,,,,NA,NA,NA,NA,NA,NA,NA,NA,NA,NA,NA,NA,NA,NA,0,
1877,6/12/13 17:47," SOMERVILLE AVENUE and DANE STREET, Somerville, MA",-71.1034094,42.3824407,2,1,3,3,1,3,2,2,1,NA,97,1,,NA,NA,NA,NA,NA,NA,NA,NA,NA,NA,NA,NA,NA,NA,NA,0,0,0,NA,,,,1,NA,0,32,4,0,,,NA,NA,NA,NA,NA,NA,NA,NA,NA,NA,NA,NA,NA,NA,0,
1878,6/13/13 3:00,"36 HAMLET STREET, Somerville, MA",-71.093186,42.3833421,1,1,1,1,1,3,2,NA,10,NA,,1,,NA,NA,NA,NA,NA,NA,NA,NA,NA,NA,NA,NA,NA,NA,NA,0,0,0,NA,,,,0,NA,,,,,,,NA,NA,NA,NA,NA,NA,NA,NA,NA,NA,NA,NA,NA,NA,0,
1879,6/13/13 16:16," BROADWAY and CURTIS STREET, Somerville, MA",-71.1272773,42.4033029,3,2,3,3,1,3,2,2,99,NA,2,99,,NA,NA,NA,NA,NA,NA,NA,NA,NA,NA,NA,NA,NA,NA,NA,0,0,0,NA,,,,0,NA,,,,,,,NA,NA,NA,NA,NA,NA,NA,NA,NA,NA,NA,NA,NA,NA,0,
1880,6/13/13 18:16," MOUNT VERNON STREET and BROADWAY, Somerville, MA",-71.0788702,42.3862206,,,,,,,2,NA,1,NA,,3,,NA,NA,NA,NA,NA,NA,NA,NA,NA,NA,NA,NA,NA,NA,NA,0,0,0,NA,,,,0,NA,,,,,,,NA,NA,NA,NA,NA,NA,NA,NA,NA,NA,NA,NA,NA,NA,1,
1881,6/13/13 23:15," OXFORD STREET and BEACON STREET, Somerville, MA",-71.1161841,42.3860143,,,,,,,2,1,1,NA,97,1,,NA,NA,NA,NA,NA,NA,NA,NA,NA,NA,NA,NA,NA,NA,NA,1,0,0,4,1,,6,0,NA,,,,,,,NA,NA,NA,NA,NA,NA,NA,NA,NA,NA,NA,NA,NA,NA,0,
1882,6/15/13 9:07,"136 COLLEGE AVENUE, Somerville, MA",-71.1174847,42.4005883,1,1,1,1,2,4,2,NA,19,NA,,1,,NA,NA,NA,NA,NA,NA,NA,NA,NA,NA,NA,NA,NA,NA,NA,0,0,0,NA,,,,0,NA,,,,,,,NA,NA,NA,NA,NA,NA,NA,NA,NA,NA,NA,NA,NA,NA,0,
1883,6/16/13 12:38,"212 BROADWAY, Somerville, MA",-71.088149,42.389341,1,1,1,99,99,99,1,1,99,NA,,,,NA,NA,NA,NA,NA,NA,NA,NA,NA,NA,NA,NA,NA,NA,NA,0,1,0,5,97,,8,1,NA,0,49,4,0,,,NA,NA,NA,NA,NA,NA,NA,NA,NA,NA,NA,NA,NA,NA,0,
1884,6/17/13 0:00," COLUMBUS AVENUE and WASHINGTON STREET, Somerville, MA",-71.0930682,42.3795065,1,1,1,1,1,1,1,8,6,NA,,,,NA,NA,NA,NA,NA,NA,NA,NA,NA,NA,NA,NA,NA,NA,NA,0,0,1,NA,,Fire hydrant,,0,NA,,,,,,,NA,NA,NA,NA,NA,NA,NA,NA,NA,NA,NA,NA,NA,NA,0,
1885,6/17/13 9:28," SUMMER STREET and GREENE STREET, Somerville, MA",-71.1029969,42.3852989,1,1,1,3,1,2,2,1,97,NA,1,1,,NA,NA,NA,NA,NA,NA,NA,NA,NA,NA,NA,NA,NA,NA,NA,0,0,0,NA,,,,0,NA,,,,,,,NA,NA,NA,NA,NA,NA,NA,NA,NA,NA,NA,NA,NA,NA,0,
1886,6/17/13 14:17," MASON STREET and WHITMAN STREET, Somerville, MA",-71.1223065,42.402041,1,1,2,3,1,1,1,2,1,NA,,,,NA,NA,NA,NA,NA,NA,NA,NA,NA,NA,NA,NA,NA,NA,NA,1,0,0,4,2,,5a,1,NA,1,20,3,1,,,NA,NA,NA,NA,NA,NA,NA,NA,NA,NA,NA,NA,NA,NA,0,