id,date_time,address,lon,lat,Weather,road_surface,traffic_control_device,intersection_type,traffic_way_desc,collision_manner,num_involved_vehicles,vehicle1_configuration,driver1_contrib1,driver1_contrib2,vehicle2_configuration,driver2_contrib1,driver2_contrib2,vehicle3_configuration,driver3_contrib1,driver3_contrib2,vehicle4_configuration,driver4_contrib1,driver4_contrib2,vehicle5_configuration,driver5_contrib1,driver5_contrib2,vehicle6_configuration,driver6_contrib1,driver6_contrib2,vehicle7_configuration,driver7_contrib1,driver7_contrib2,Bicycle,Pedestrian,non_mv,non_motorist_location,non_motorist_action,non_motorist_type,manner_of_non_motorist_collision,Injury,Multiple,Gender1,Age1,Severity1,Hospital1,Gender2,Age2,Severity2,Hospital2,Gender3,Age3,Severity3,Hospital3,Gender4,Age4,Severity4,Hospital4,Gender5,Age5,Severity5,Hospital5,city_vehicle,Notes
1887,6/19/13 21:49," HIGHLAND AVENUE and CEDAR STREET, Somerville, MA",-71.1124128,42.3922125,1,1,3,3,1,1,1,1,1,NA,,,,NA,NA,NA,NA,NA,NA,NA,NA,NA,NA,NA,NA,NA,NA,NA,0,1,0,1,2,,1,0,NA,,,,,,,NA,NA,NA,NA,NA,NA,NA,NA,NA,NA,NA,NA,NA,NA,0,
1888,6/19/13 18:42," SOMERVILLE AVENUE and CENTRAL STREET, Somerville, MA",-71.1069016,42.3833311,1,1,1,3,1,1,1,2,4,NA,,,,NA,NA,NA,NA,NA,NA,NA,NA,NA,NA,NA,NA,NA,NA,NA,1,0,0,4,2,,1,1,NA,0,22,4,0,,,NA,NA,NA,NA,NA,NA,NA,NA,NA,NA,NA,NA,NA,NA,0,
1889,6/20/13 10:00,"161 BOSTON AVENUE, Somerville, MA",-71.1110547,42.3991851,1,1,3,1,1,2,5,2,99,NA,2,1,,1,1,NA,2,1,NA,6,1,NA,NA,NA,NA,NA,NA,NA,0,0,0,NA,,,,0,NA,,,,,,,NA,NA,NA,NA,NA,NA,NA,NA,NA,NA,NA,NA,NA,NA,0,
1890,6/20/13 22:40," BROADWAY and MEDFORD STREET, Somerville, MA",-71.1043116,42.3973445,12,1,3,2,,1,1,1,99,NA,,,,NA,NA,NA,NA,NA,NA,NA,NA,NA,NA,NA,NA,NA,NA,NA,0,1,0,1,1,,2,1,NA,0,25,3,1,,,NA,NA,NA,NA,NA,NA,NA,NA,NA,NA,NA,NA,NA,NA,0,
1891,6/21/13 12:30," CENTRAL STREET and HUDSON STREET, Somerville, MA",-71.1028442,42.3892476,1,1,2,3,1,3,2,1,4,NA,2,1,,NA,NA,NA,NA,NA,NA,NA,NA,NA,NA,NA,NA,NA,NA,NA,0,0,0,NA,,,,0,NA,,,,,,,NA,NA,NA,NA,NA,NA,NA,NA,NA,NA,NA,NA,NA,NA,0,
1892,6/22/13 11:56,"280 BROADWAY, Somerville, MA",-71.0918036,42.3913411,1,1,1,1,3,2,2,2,99,NA,1,99,,NA,NA,NA,NA,NA,NA,NA,NA,NA,NA,NA,NA,NA,NA,NA,0,0,0,NA,,,,0,NA,,,,,,,NA,NA,NA,NA,NA,NA,NA,NA,NA,NA,NA,NA,NA,NA,1,
1893,6/22/13 15:04," SOMERVILLE AVENUE and CENTRAL STREET, Somerville, MA",-71.1069016,42.3833311,1,1,1,3,2,2,2,2,1,NA,1,5,,NA,NA,NA,NA,NA,NA,NA,NA,NA,NA,NA,NA,NA,NA,NA,0,0,0,NA,,,,0,NA,,,,,,,NA,NA,NA,NA,NA,NA,NA,NA,NA,NA,NA,NA,NA,NA,0,
1894,6/22/13 17:45," BROADWAY and SARGENT AVENUE, Somerville, MA",-71.091949,42.3916851,1,1,1,1,3,4,2,1,1,NA,,,,NA,NA,NA,NA,NA,NA,NA,NA,NA,NA,NA,NA,NA,NA,NA,0,0,0,NA,,,,0,NA,,,,,,,NA,NA,NA,NA,NA,NA,NA,NA,NA,NA,NA,NA,NA,NA,0,
1895,6/23/13 1:30,"87 WALLACE STREET, Somerville, MA",-71.1211825,42.4003519,1,1,1,1,4,6,4,1,NA,NA,1,10,,1,NA,NA,1,NA,NA,NA,NA,NA,NA,NA,NA,NA,NA,NA,0,0,0,NA,,,,0,NA,,,,,,,NA,NA,NA,NA,NA,NA,NA,NA,NA,NA,NA,NA,NA,NA,0,
1896,6/23/13 7:30," SOMERVILLE AVENUE and PROSPECT STREET, Somerville, MA",-71.0941078,42.3791063,1,1,3,2,,6,2,2,3,NA,1,3,,NA,NA,NA,NA,NA,NA,NA,NA,NA,NA,NA,NA,NA,NA,NA,0,0,0,NA,,,,0,NA,,,,,,,NA,NA,NA,NA,NA,NA,NA,NA,NA,NA,NA,NA,NA,NA,0,
1897,6/25/13 8:34,"BEACON STREET and PARK STREET, Somerville, MA",-71.0632255,42.3577002,1,1,3,2,1,2,3,1,1,NA,2,,,1,1,NA,NA,NA,NA,NA,NA,NA,NA,NA,NA,NA,NA,NA,0,0,0,NA,,,,0,NA,,,,,,,NA,NA,NA,NA,NA,NA,NA,NA,NA,NA,NA,NA,NA,NA,0,
1898,6/25/13 19:04," FLINT STREET and GLEN STREET, Somerville, MA",-71.0865946,42.3842428,,,,,,,2,1,3,NA,2,1,,NA,NA,NA,NA,NA,NA,NA,NA,NA,NA,NA,NA,NA,NA,NA,0,0,0,NA,,,,0,NA,,,,,,,NA,NA,NA,NA,NA,NA,NA,NA,NA,NA,NA,NA,NA,NA,0,
1899,6/25/13 16:37," TEN HILLS ROAD and PUTNAM ROAD, Somerville, MA",-71.0853692,42.3963527,,,,,,,1,1,1,NA,,,,NA,NA,NA,NA,NA,NA,NA,NA,NA,NA,NA,NA,NA,NA,NA,1,0,0,4,1,,5,1,NA,0,53,4,1,,,NA,NA,NA,NA,NA,NA,NA,NA,NA,NA,NA,NA,NA,NA,0,
1901,6/26/13 14:39," BENNETT STREET and PROSPECT STREET, Somerville, MA",-71.0948423,42.378024,,,,,,,2,1,4,NA,1,1,,NA,NA,NA,NA,NA,NA,NA,NA,NA,NA,NA,NA,NA,NA,NA,0,0,0,NA,,,,0,NA,,,,,,,NA,NA,NA,NA,NA,NA,NA,NA,NA,NA,NA,NA,NA,NA,0,
1902,6/26/13 15:25,"90 SOMERVILLE AVENUE, Somerville, MA",-71.0892535,42.3772698,,,,,,,3,2,19,NA,2,1,,2,1,NA,NA,NA,NA,NA,NA,NA,NA,NA,NA,NA,NA,NA,0,0,0,NA,,,,0,NA,,,,,,,NA,NA,NA,NA,NA,NA,NA,NA,NA,NA,NA,NA,NA,NA,0,
1903,6/26/13 18:05,"220 WASHINGTON STREET, Somerville, MA",-71.0923918,42.3789618,1,1,1,1,2,2,2,NA,NA,NA,1,1,,NA,NA,NA,NA,NA,NA,NA,NA,NA,NA,NA,NA,NA,NA,NA,0,0,0,NA,,,,1,NA,1,35,3,0,,,NA,NA,NA,NA,NA,NA,NA,NA,NA,NA,NA,NA,NA,NA,0,
1904,6/28/13 12:00,"600 MYSTIC VALLEY PARKWAY, Somerville, MA",-71.1280458,42.4168071,2,2,1,1,1,3,2,2,NA,NA,2,,,NA,NA,NA,NA,NA,NA,NA,NA,NA,NA,NA,NA,NA,NA,NA,0,0,0,NA,,,,0,NA,,,,,,,NA,NA,NA,NA,NA,NA,NA,NA,NA,NA,NA,NA,NA,NA,0,
1905,6/28/13 15:47," CROSS STREET and PEARL STREET, Somerville, MA",-71.0878325,42.3857024,1,1,3,2,1,3,2,1,1,NA,1,99,,NA,NA,NA,NA,NA,NA,NA,NA,NA,NA,NA,NA,NA,NA,NA,0,0,0,NA,,,,1,2,0,25,3,1,0,28,3,1,NA,NA,NA,NA,NA,NA,NA,NA,NA,NA,NA,NA,0,
1906,6/29/13 9:29,"79 HIGHLAND AVENUE, Somerville, MA",-71.0943955,42.385793,2,1,1,1,1,3,3,1,1,NA,2,4,,NA,NA,NA,NA,NA,NA,NA,NA,NA,NA,NA,NA,NA,NA,NA,0,0,0,NA,,,,0,NA,,,,,,,NA,NA,NA,NA,NA,NA,NA,NA,NA,NA,NA,NA,NA,NA,0,
1907,6/29/13 17:25,"247 HIGHLAND AVENUE, Somerville, MA",-71.1097808,42.3912368,1,1,1,1,1,3,2,1,1,NA,1,1,,NA,NA,NA,NA,NA,NA,NA,NA,NA,NA,NA,NA,NA,NA,NA,0,0,0,NA,,,,1,2,0,60,3,1,0,,3,1,NA,NA,NA,NA,NA,NA,NA,NA,NA,NA,NA,NA,0,
1908,6/30/13 12:00," SOMERVILLE AVENUE and CRAIGIE STREET, Somerville, MA",-71.1128913,42.3852149,1,1,2,3,1,4,1,NA,97,NA,,,,NA,NA,NA,NA,NA,NA,NA,NA,NA,NA,NA,NA,NA,NA,NA,1,0,0,4,2,,1,0,NA,,,,,,,NA,NA,NA,NA,NA,NA,NA,NA,NA,NA,NA,NA,NA,NA,0,
1909,6/30/13 18:28,"30 COLLEGE AVENUE, Somerville, MA",-71.1220665,42.3974028,1,1,1,1,1,4,1,2,4,19,,,,NA,NA,NA,NA,NA,NA,NA,NA,NA,NA,NA,NA,NA,NA,NA,1,0,0,4,2,,3,1,NA,1,25,2,1,,,NA,NA,NA,NA,NA,NA,NA,NA,NA,NA,NA,NA,NA,NA,0,
1910,7/1/13 11:39,"21 MONROE STREET, Somerville, MA",-71.0921142,42.3809451,1,1,1,1,1,4,2,NA,NA,NA,,,,NA,NA,NA,NA,NA,NA,NA,NA,NA,NA,NA,NA,NA,NA,NA,0,0,0,NA,,,,0,NA,,,,,,,NA,NA,NA,NA,NA,NA,NA,NA,NA,NA,NA,NA,NA,NA,0,
1911,7/1/13 18:24,"5 BEACON STREET, Somerville, MA",-71.101562,42.374659,197,1,1,1,2,2,2,2,99,NA,1,1,,NA,NA,NA,NA,NA,NA,NA,NA,NA,NA,NA,NA,NA,NA,NA,0,0,0,NA,,,,1,3,1,64,4,0,1,54,4,0,1,32,4,0,NA,NA,NA,NA,NA,NA,NA,NA,0,
1912,7/1/13 20:05,"273 WASHINGTON STREET, Somerville, MA",-71.09759,42.379782,197,1,1,1,2,2,2,2,1,NA,1,99,,NA,NA,NA,NA,NA,NA,NA,NA,NA,NA,NA,NA,NA,NA,NA,0,0,0,NA,,,,1,2,1,25,4,0,0,31,4,0,NA,NA,NA,NA,NA,NA,NA,NA,NA,NA,NA,NA,0,
1913,7/2/13 5:11," BROADWAY and BELKNAP STREET, Somerville, MA",-71.1301662,42.4051142,2,1,1,3,1,4,3,1,NA,NA,1,1,,1,1,NA,NA,NA,NA,NA,NA,NA,NA,NA,NA,NA,NA,NA,0,0,0,NA,,,,0,NA,,,,,,,NA,NA,NA,NA,NA,NA,NA,NA,NA,NA,NA,NA,NA,NA,0,
1914,7/2/13 5:30," WASHINGTON STREET and WEBSTER AVENUE, Somerville, MA",-71.0964021,42.3796323,1,1,3,2,2,2,2,NA,NA,NA,,,,NA,NA,NA,NA,NA,NA,NA,NA,NA,NA,NA,NA,NA,NA,NA,0,0,0,NA,,,,0,NA,,,,,,,NA,NA,NA,NA,NA,NA,NA,NA,NA,NA,NA,NA,NA,NA,0,
1915,7/2/13 11:00,"32 CAMERON AVENUE, Somerville, MA",-71.1271848,42.3998544,2,1,1,1,1,6,2,NA,NA,NA,,,,NA,NA,NA,NA,NA,NA,NA,NA,NA,NA,NA,NA,NA,NA,NA,0,0,0,NA,,,,0,NA,,,,,,,NA,NA,NA,NA,NA,NA,NA,NA,NA,NA,NA,NA,NA,NA,0,
1916,7/2/13 11:11," HIGHLAND AVENUE and WALNUT STREET, Somerville, MA",-71.0941672,42.3851419,2,1,3,2,1,3,2,1,3,NA,1,1,,NA,NA,NA,NA,NA,NA,NA,NA,NA,NA,NA,NA,NA,NA,NA,0,0,0,NA,,,,1,NA,0,6,3,1,,,NA,NA,NA,NA,NA,NA,NA,NA,NA,NA,NA,NA,NA,NA,0,
1917,7/2/13 13:03," WILLOW AVENUE and MORRISON AVENUE, Somerville, MA",-71.1157237,42.3956925,2,1,2,2,1,3,2,1,18,NA,1,1,,NA,NA,NA,NA,NA,NA,NA,NA,NA,NA,NA,NA,NA,NA,NA,0,0,0,NA,,,,0,NA,,,,,,,NA,NA,NA,NA,NA,NA,NA,NA,NA,NA,NA,NA,NA,NA,0,
1918,7/2/13 16:19," BROADWAY and DICKSON STREET, Somerville, MA",-71.1286642,42.403998,,,,,,,2,1,NA,NA,2,,,NA,NA,NA,NA,NA,NA,NA,NA,NA,NA,NA,NA,NA,NA,NA,0,0,0,NA,,,,0,NA,,,,,,,NA,NA,NA,NA,NA,NA,NA,NA,NA,NA,NA,NA,NA,NA,0,
1919,7/2/13 16:44,"400 BROADWAY, Somerville, MA",-71.0986457,42.3952524,,,,,,,3,1,5,NA,2,,,2,NA,NA,NA,NA,NA,NA,NA,NA,NA,NA,NA,NA,NA,NA,0,0,0,NA,,,,1,4,1,28,4,0,1,29,4,0,0,34,4,0,1,41,4,0,NA,NA,NA,NA,0,
1920,7/3/13 6:40," MEDFORD STREET and LOWELL STREET, Somerville, MA",-71.1036591,42.396406,1,1,3,3,1,3,2,1,4,NA,1,1,,NA,NA,NA,NA,NA,NA,NA,NA,NA,NA,NA,NA,NA,NA,NA,0,0,0,NA,,,,1,NA,1,61,4,0,,,NA,NA,NA,NA,NA,NA,NA,NA,NA,NA,NA,NA,NA,NA,0,
1921,7/3/13 13:47," PEARL STREET and CROSS STREET, Somerville, MA",-71.0878325,42.3857024,1,1,3,2,1,4,2,10,1,NA,2,97,,NA,NA,NA,NA,NA,NA,NA,NA,NA,NA,NA,NA,NA,NA,NA,0,0,0,NA,,,,0,NA,,,,,,,NA,NA,NA,NA,NA,NA,NA,NA,NA,NA,NA,NA,NA,NA,1,
1922,7/4/13 12:50,"114 HIGHLAND AVENUE, Somerville, MA",-71.1005969,42.3872039,1,1,1,1,1,3,1,1,4,NA,,,,NA,NA,NA,NA,NA,NA,NA,NA,NA,NA,NA,NA,NA,NA,NA,1,0,0,4,2,,2,1,NA,0,,3,1,,,NA,NA,NA,NA,NA,NA,NA,NA,NA,NA,NA,NA,NA,NA,0,
1923,7/5/13 8:30,"57 HOLLAND STREET, Somerville, MA",-71.1235483,42.3982146,1,1,1,1,2,1,1,1,NA,NA,,,,NA,NA,NA,NA,NA,NA,NA,NA,NA,NA,NA,NA,NA,NA,NA,1,0,0,4,5,,8,0,NA,,,,,,,NA,NA,NA,NA,NA,NA,NA,NA,NA,NA,NA,NA,NA,NA,0,
1924,7/5/13 19:06,"PEARL STREET and WALNUT STREET, Somerville, MA",-71.0931605,42.3873566,1,1,3,2,1,1,1,1,1,NA,,,,NA,NA,NA,NA,NA,NA,NA,NA,NA,NA,NA,NA,NA,NA,NA,0,1,0,1,2,,5,1,NA,1,43,2,1,,,NA,NA,NA,NA,NA,NA,NA,NA,NA,NA,NA,NA,NA,NA,0,
1925,7/6/13 12:00," MIDDLESEX AVENUE and MYSTIC AVENUE, Somerville, MA",-71.0824658,42.3906811,1,1,2,4,3,2,2,1,1,NA,2,5,19,NA,NA,NA,NA,NA,NA,NA,NA,NA,NA,NA,NA,NA,NA,NA,0,0,0,NA,,,,0,NA,,,,,,,NA,NA,NA,NA,NA,NA,NA,NA,NA,NA,NA,NA,NA,NA,0,
1926,7/8/13 12:15,"317 HIGHLAND AVENUE, Somerville, MA",-71.1145602,42.3931909,1,1,1,1,1,2,2,1,99,NA,2,99,,NA,NA,NA,NA,NA,NA,NA,NA,NA,NA,NA,NA,NA,NA,NA,0,0,0,NA,,,,0,NA,,,,,,,NA,NA,NA,NA,NA,NA,NA,NA,NA,NA,NA,NA,NA,NA,1,
1927,7/8/13 23:55," GLEN STREET and BROADWAY, Somerville, MA",-71.08417,42.3878167,1,1,1,3,3,2,2,NA,99,NA,,1,,NA,NA,NA,NA,NA,NA,NA,NA,NA,NA,NA,NA,NA,NA,NA,0,0,0,NA,,,,0,NA,,,,,,,NA,NA,NA,NA,NA,NA,NA,NA,NA,NA,NA,NA,NA,NA,1,
1928,7/9/13 8:43," SOMERVILLE AVENUE and CENTRAL STREET, Somerville, MA",-71.1069016,42.3833311,2,1,1,3,2,4,2,2,1,NA,6,1,,NA,NA,NA,NA,NA,NA,NA,NA,NA,NA,NA,NA,NA,NA,NA,0,0,0,NA,,,,0,NA,,,,,,,NA,NA,NA,NA,NA,NA,NA,NA,NA,NA,NA,NA,NA,NA,1,
1929,7/9/13 19:41," MANSFIELD STREET and WASHINGTON STREET, Somerville, MA",-71.0906664,42.3798839,,,,,,,2,2,1,NA,1,4,,NA,NA,NA,NA,NA,NA,NA,NA,NA,NA,NA,NA,NA,NA,NA,0,0,0,NA,,,,0,NA,,,,,,,NA,NA,NA,NA,NA,NA,NA,NA,NA,NA,NA,NA,NA,NA,0,
1930,7/9/13 18:36,"182 WASHINGTON STREET, Somerville, MA",-71.0903363,42.3796678,1,1,1,1,1,4,1,1,4,5,,,,NA,NA,NA,NA,NA,NA,NA,NA,NA,NA,NA,NA,NA,NA,NA,1,0,0,4,2,,1,1,NA,0,25,3,1,,,NA,NA,NA,NA,NA,NA,NA,NA,NA,NA,NA,NA,NA,NA,0,
1931,7/13/13 14:05," MEDFORD STREET and CENTRAL STREET, Somerville, MA",-71.1005865,42.392482,1,1,3,2,1,3,3,1,4,NA,2,1,,1,1,NA,NA,NA,NA,NA,NA,NA,NA,NA,NA,NA,NA,NA,0,0,0,NA,,,,1,NA,0,1,3,0,,,NA,NA,NA,NA,NA,NA,NA,NA,NA,NA,NA,NA,NA,NA,0,
1932,7/13/13 21:20," CENTRAL STREET and MEDFORD STREET, Somerville, MA",-71.1005865,42.392482,23,2,3,2,2,3,2,1,1,NA,1,99,,NA,NA,NA,NA,NA,NA,NA,NA,NA,NA,NA,NA,NA,NA,NA,0,0,0,NA,,,,1,4,1,27,4,0,1,27,4,0,0,26,4,0,1,18,4,0,NA,NA,NA,NA,0,
1933,7/15/13 7:17," BROADWAY and SCHOOL STREET, Somerville, MA",-71.0944105,42.3932298,1,1,3,3,3,1,1,1,1,NA,,,,NA,NA,NA,NA,NA,NA,NA,NA,NA,NA,NA,NA,NA,NA,NA,1,0,0,2,2,,5a,1,NA,,,3,1,,,NA,NA,NA,NA,NA,NA,NA,NA,NA,NA,NA,NA,NA,NA,0,
1934,7/16/13 9:55,"10 WEBSTER AVENUE, Somerville, MA",-71.096046,42.3791698,1,1,1,1,4,2,3,1,97,NA,1,1,,1,1,NA,NA,NA,NA,NA,NA,NA,NA,NA,NA,NA,NA,NA,0,0,0,NA,,,,0,NA,,,,,,,NA,NA,NA,NA,NA,NA,NA,NA,NA,NA,NA,NA,NA,NA,0,
1935,7/17/13 7:45," SCHOOL STREET and EVERGREEN AVENUE, Somerville, MA",-71.0956539,42.391425,1,1,2,2,1,6,2,NA,99,NA,,99,,NA,NA,NA,NA,NA,NA,NA,NA,NA,NA,NA,NA,NA,NA,NA,0,0,0,NA,,,,1,5,0,36,4,1,1,9,4,1,1,9,4,1,0,36,4,1,0,25,4,1,0,
1936,7/17/13 18:54," GOVERNOR WINTHROP ROAD and TEN HILLS ROAD, Somerville, MA",-71.0858667,42.3949875,1,1,2,2,1,3,2,2,3,4,1,1,,NA,NA,NA,NA,NA,NA,NA,NA,NA,NA,NA,NA,NA,NA,NA,0,0,0,NA,,,,1,NA,0,23,3,1,,,NA,NA,NA,NA,NA,NA,NA,NA,NA,NA,NA,NA,NA,NA,0,
1937,7/17/13 19:47,"105 TEN HILLS ROAD, Somerville, MA",-71.0865998,42.3981542,2,1,1,1,1,4,4,8,99,NA,1,,,1,NA,NA,1,NA,NA,NA,NA,NA,NA,NA,NA,NA,NA,NA,0,0,0,NA,,,,0,NA,,,,,,,NA,NA,NA,NA,NA,NA,NA,NA,NA,NA,NA,NA,NA,NA,0,
1938,7/18/13 9:23," TENNYSON STREET and MEDFORD STREET, Somerville, MA",-71.0999939,42.3918987,1,1,2,2,1,3,2,1,4,NA,2,1,,NA,NA,NA,NA,NA,NA,NA,NA,NA,NA,NA,NA,NA,NA,NA,0,0,0,NA,,,,1,NA,1,24,4,1,,,NA,NA,NA,NA,NA,NA,NA,NA,NA,NA,NA,NA,NA,NA,0,
1939,7/21/13 20:16,"113 WASHINGTON STREET, Somerville, MA",-71.0868865,42.3813466,1,1,1,1,2,2,3,2,1,NA,1,1,,2,5,NA,NA,NA,NA,NA,NA,NA,NA,NA,NA,NA,NA,NA,0,0,0,NA,,,,0,NA,,,,,,,NA,NA,NA,NA,NA,NA,NA,NA,NA,NA,NA,NA,NA,NA,0,
1940,7/23/13 18:00,"250 SCHOOL STREET, Somerville, MA",-71.0952095,42.3925057,3,2,1,1,1,4,2,1,99,NA,1,99,,NA,NA,NA,NA,NA,NA,NA,NA,NA,NA,NA,NA,NA,NA,NA,0,0,0,NA,,,,0,NA,,,,,,,NA,NA,NA,NA,NA,NA,NA,NA,NA,NA,NA,NA,NA,NA,0,
1941,7/24/13 21:14,"24 IBBETSON STREET, Somerville, MA",-71.1119446,42.38568,1,1,1,1,1,3,4,1,10,7,1,1,,1,1,NA,1,1,NA,NA,NA,NA,NA,NA,NA,NA,NA,NA,0,0,0,NA,,,,0,NA,,,,,,,NA,NA,NA,NA,NA,NA,NA,NA,NA,NA,NA,NA,NA,NA,0,
1942,7/25/13 10:00," KIRKLAND STREET, Somerville, MA",-71.1123403,42.3770154,,,,,,,NA,NA,NA,NA,,,,NA,NA,NA,NA,NA,NA,NA,NA,NA,NA,NA,NA,NA,NA,NA,0,0,0,NA,,,,0,NA,,,,,,,NA,NA,NA,NA,NA,NA,NA,NA,NA,NA,NA,NA,NA,NA,0,
1943,7/26/13 20:06,"136 HIGHLAND AVENUE, Somerville, MA",-71.1021032,42.3877053,3,2,1,1,1,1,1,1,1,NA,,,,NA,NA,NA,NA,NA,NA,NA,NA,NA,NA,NA,NA,NA,NA,NA,0,1,0,3,1,,5,1,NA,0,23,4,1,,,NA,NA,NA,NA,NA,NA,NA,NA,NA,NA,NA,NA,NA,NA,0,
1944,7/26/13 13:07,"237 WASHINGTON STREET, Somerville, MA",-71.0935829,42.3798769,2,1,1,1,1,3,1,1,99,NA,,,,NA,NA,NA,NA,NA,NA,NA,NA,NA,NA,NA,NA,NA,NA,NA,1,0,0,4,2,,5,1,NA,1,31,4,0,,,NA,NA,NA,NA,NA,NA,NA,NA,NA,NA,NA,NA,NA,NA,0,
1945,7/27/13 2:09," SOMERVILLE AVENUE and CENTRAL STREET, Somerville, MA",-71.1069016,42.3833311,1,1,3,3,1,2,2,1,1,NA,,,,NA,NA,NA,NA,NA,NA,NA,NA,NA,NA,NA,NA,NA,NA,NA,0,0,0,NA,,,,1,NA,1,37,4,0,,,NA,NA,NA,NA,NA,NA,NA,NA,NA,NA,NA,NA,NA,NA,0,
1946,7/28/13 0:00,"155 CENTRAL STREET, Somerville, MA",-71.099948,42.392932,1,1,1,1,1,4,3,1,14,NA,1,1,,1,1,NA,NA,NA,NA,NA,NA,NA,NA,NA,NA,NA,NA,NA,0,0,0,NA,,,,0,NA,,,,,,,NA,NA,NA,NA,NA,NA,NA,NA,NA,NA,NA,NA,NA,NA,0,
1947,7/29/13 12:32,"140 SUMMER STREET, Somerville, MA",-71.1046578,42.3857115,1,1,1,1,2,3,2,1,9,10,1,,,NA,NA,NA,NA,NA,NA,NA,NA,NA,NA,NA,NA,NA,NA,NA,0,0,0,NA,,,,0,NA,,,,,,,NA,NA,NA,NA,NA,NA,NA,NA,NA,NA,NA,NA,NA,NA,0,
1948,7/29/13 18:09,"36 MONTROSE STREET, Somerville, MA",-71.0998547,42.3886056,2,1,1,1,4,3,2,1,4,NA,1,1,,NA,NA,NA,NA,NA,NA,NA,NA,NA,NA,NA,NA,NA,NA,NA,0,0,0,NA,,,,1,2,0,56,4,1,1,33,4,1,NA,NA,NA,NA,NA,NA,NA,NA,NA,NA,NA,NA,0,
1949,7/30/13 11:15,"197 CEDAR STREET, Somerville, MA",-71.1102288,42.3951123,1,1,1,1,1,4,3,NA,99,NA,2,,,2,NA,NA,NA,NA,NA,NA,NA,NA,NA,NA,NA,NA,NA,NA,0,0,0,NA,,,,0,NA,,,,,,,NA,NA,NA,NA,NA,NA,NA,NA,NA,NA,NA,NA,NA,NA,0,
1950,7/30/13 14:03," ASSEMBLY SQUARE DRIVE and GRAND UNION BOULEVARD, Somerville, MA",-71.0799614,42.3913094,1,1,1,2,1,3,1,1,4,NA,,,,NA,NA,NA,NA,NA,NA,NA,NA,NA,NA,NA,NA,NA,NA,NA,1,0,0,4,2,,2,1,NA,1,66,3,1,,,NA,NA,NA,NA,NA,NA,NA,NA,NA,NA,NA,NA,NA,NA,0,
1951,7/31/13 9:07," BROADWAY and WILLOW AVENUE, Somerville, MA",-71.1127004,42.4001,1,1,3,2,1,5,2,2,99,NA,2,99,,NA,NA,NA,NA,NA,NA,NA,NA,NA,NA,NA,NA,NA,NA,NA,0,0,0,NA,,,,1,NA,0,63,3,0,,,NA,NA,NA,NA,NA,NA,NA,NA,NA,NA,NA,NA,NA,NA,1,
1952,8/1/13 15:55," BROADWAY and GARFIELD AVENUE, Somerville, MA",-71.0867525,42.3889844,,,,,,,1,NA,NA,NA,,,,NA,NA,NA,NA,NA,NA,NA,NA,NA,NA,NA,NA,NA,NA,NA,1,0,0,1,2,,5,1,NA,0,12,4,0,,,NA,NA,NA,NA,NA,NA,NA,NA,NA,NA,NA,NA,NA,NA,0,
1953,8/2/13 11:05," SHORE DRIVE and TEMPLE ROAD, Somerville, MA",-71.0851791,42.3984315,1,1,1,3,1,3,2,6,97,NA,1,1,,NA,NA,NA,NA,NA,NA,NA,NA,NA,NA,NA,NA,NA,NA,NA,0,0,0,NA,,,,1,3,1,22,4,0,0,20,4,0,1,24,4,1,NA,NA,NA,NA,NA,NA,NA,NA,0,
1954,8/2/13 15:40,"75 CENTRAL STREET, Somerville, MA",-71.1034775,42.3879483,1,1,1,1,1,1,1,2,1,NA,,,,NA,NA,NA,NA,NA,NA,NA,NA,NA,NA,NA,NA,NA,NA,NA,0,1,0,4,2,,7,1,NA,1,33,3,0,,,NA,NA,NA,NA,NA,NA,NA,NA,NA,NA,NA,NA,NA,NA,0,
1955,8/3/13 12:00," WILLOW AVENUE and APPLETON STREET, Somerville, MA",-71.1153251,42.3962894,2,1,1,3,1,1,1,1,4,NA,,,,NA,NA,NA,NA,NA,NA,NA,NA,NA,NA,NA,NA,NA,NA,NA,1,0,0,NA,,,2,1,NA,1,,4,1,,,NA,NA,NA,NA,NA,NA,NA,NA,NA,NA,NA,NA,NA,NA,0,
1956,8/3/13 10:00,"400 SOMERVILLE AVENUE, Somerville, MA",-71.1015967,42.3807302,2,1,1,1,1,3,1,1,4,NA,,,,NA,NA,NA,NA,NA,NA,NA,NA,NA,NA,NA,NA,NA,NA,NA,1,0,0,4,2,,2,1,NA,0,27,3,0,,,NA,NA,NA,NA,NA,NA,NA,NA,NA,NA,NA,NA,NA,NA,0,
1957,8/4/13 11:15," SCHOOL STREET and RICHDALE AVENUE, Somerville, MA",-71.09741,42.3887757,1,1,99,3,4,6,1,NA,99,NA,,,,NA,NA,NA,NA,NA,NA,NA,NA,NA,NA,NA,NA,NA,NA,NA,1,0,0,NA,,,6,1,NA,1,14,4,1,,,NA,NA,NA,NA,NA,NA,NA,NA,NA,NA,NA,NA,NA,NA,0,
1958,8/5/13 0:00,"102 WHEATLAND STREET, Somerville, MA",-71.0876341,42.3939491,1,1,1,1,4,2,3,1,99,NA,1,1,,1,1,NA,NA,NA,NA,NA,NA,NA,NA,NA,NA,NA,NA,NA,0,0,0,NA,,,,0,NA,,,,,,,NA,NA,NA,NA,NA,NA,NA,NA,NA,NA,NA,NA,NA,NA,0,