id,date_time,address,lon,lat,Weather,road_surface,traffic_control_device,intersection_type,traffic_way_desc,collision_manner,num_involved_vehicles,vehicle1_configuration,driver1_contrib1,driver1_contrib2,vehicle2_configuration,driver2_contrib1,driver2_contrib2,vehicle3_configuration,driver3_contrib1,driver3_contrib2,vehicle4_configuration,driver4_contrib1,driver4_contrib2,vehicle5_configuration,driver5_contrib1,driver5_contrib2,vehicle6_configuration,driver6_contrib1,driver6_contrib2,vehicle7_configuration,driver7_contrib1,driver7_contrib2,Bicycle,Pedestrian,non_mv,non_motorist_location,non_motorist_action,non_motorist_type,manner_of_non_motorist_collision,Injury,Multiple,Gender1,Age1,Severity1,Hospital1,Gender2,Age2,Severity2,Hospital2,Gender3,Age3,Severity3,Hospital3,Gender4,Age4,Severity4,Hospital4,Gender5,Age5,Severity5,Hospital5,city_vehicle,Notes
1959,8/5/13 8:01,"242 SOMERVILLE AVENUE, Somerville, MA",-71.0928179,42.3784542,197,1,3,1,1,2,2,1,99,NA,1,99,,NA,NA,NA,NA,NA,NA,NA,NA,NA,NA,NA,NA,NA,NA,NA,0,0,0,NA,,,,0,NA,,,,,,,NA,NA,NA,NA,NA,NA,NA,NA,NA,NA,NA,NA,NA,NA,0,
1960,8/5/13 8:31," WARNER STREET and BROADWAY, Somerville, MA",-71.116275,42.401082,1,1,2,7,1,2,2,1,19,NA,,1,,NA,NA,NA,NA,NA,NA,NA,NA,NA,NA,NA,NA,NA,NA,NA,0,0,0,NA,,,,1,NA,0,51,4,0,,,NA,NA,NA,NA,NA,NA,NA,NA,NA,NA,NA,NA,NA,NA,0,
1961,8/5/13 9:05," BEACON STREET and MUSEUM STREET, Somerville, MA",-71.110988,42.382024,1,1,1,3,1,2,3,1,19,NA,1,1,,2,1,NA,NA,NA,NA,NA,NA,NA,NA,NA,NA,NA,NA,NA,0,0,0,NA,,,,0,NA,,,,,,,NA,NA,NA,NA,NA,NA,NA,NA,NA,NA,NA,NA,NA,NA,0,
1962,8/5/13 21:43," WEBSTER AVENUE and PROSPECT STREET, Somerville, MA",-71.0955943,42.376968,1,1,1,4,2,2,2,2,99,NA,1,99,,NA,NA,NA,NA,NA,NA,NA,NA,NA,NA,NA,NA,NA,NA,NA,0,0,0,NA,,,,1,NA,0,42,4,0,,,NA,NA,NA,NA,NA,NA,NA,NA,NA,NA,NA,NA,NA,NA,0,
1963,8/7/13 10:08,"12 TYLER STREET, Somerville, MA",-71.1057021,42.3816412,1,1,1,1,1,4,2,NA,NA,NA,,4,9,NA,NA,NA,NA,NA,NA,NA,NA,NA,NA,NA,NA,NA,NA,NA,0,0,0,NA,,,,0,NA,,,,,,,NA,NA,NA,NA,NA,NA,NA,NA,NA,NA,NA,NA,NA,NA,0,
1964,8/8/13 14:06," BROADWAY and MAIN STREET, Somerville, MA",-71.0975984,42.3947314,2,1,3,2,3,2,2,1,5,NA,2,1,,NA,NA,NA,NA,NA,NA,NA,NA,NA,NA,NA,NA,NA,NA,NA,0,0,0,NA,,,,1,2,1,45,4,1,0,,4,1,NA,NA,NA,NA,NA,NA,NA,NA,NA,NA,NA,NA,0,
1965,8/9/13 5:55,"229 PEARL STREET, Somerville, MA",-71.0941056,42.3878308,3,2,1,1,2,2,2,1,NA,NA,1,,,NA,NA,NA,NA,NA,NA,NA,NA,NA,NA,NA,NA,NA,NA,NA,0,0,0,NA,,,,0,NA,,,,,,,NA,NA,NA,NA,NA,NA,NA,NA,NA,NA,NA,NA,NA,NA,0,
1966,8/9/13 7:26," OLIVER STREET and CROSS STREET, Somerville, MA",-71.0891001,42.3842254,3,1,2,3,1,3,2,2,3,4,2,1,,NA,NA,NA,NA,NA,NA,NA,NA,NA,NA,NA,NA,NA,NA,NA,0,0,0,NA,,,,0,NA,,,,,,,NA,NA,NA,NA,NA,NA,NA,NA,NA,NA,NA,NA,NA,NA,0,
1967,8/9/13 10:36," BROADWAY and CLARENDON AVENUE, Somerville, MA",-71.1276129,42.4034575,3,2,1,3,1,3,2,1,99,NA,2,99,,NA,NA,NA,NA,NA,NA,NA,NA,NA,NA,NA,NA,NA,NA,NA,0,0,0,NA,,,,0,NA,,,,,,,NA,NA,NA,NA,NA,NA,NA,NA,NA,NA,NA,NA,NA,NA,0,
1968,8/9/13 15:30," WILLOW AVENUE and MORRISON AVENUE, Somerville, MA",-71.1157237,42.3956925,3,2,2,2,1,3,2,2,1,NA,1,4,,NA,NA,NA,NA,NA,NA,NA,NA,NA,NA,NA,NA,NA,NA,NA,0,0,0,NA,,,,0,NA,,,,,,,NA,NA,NA,NA,NA,NA,NA,NA,NA,NA,NA,NA,NA,NA,0,
1969,8/10/13 10:30," NORTH STREET and CONWELL AVENUE, Somerville, MA",-71.129517,42.4085307,,,,,,,2,1,19,NA,,1,,NA,NA,NA,NA,NA,NA,NA,NA,NA,NA,NA,NA,NA,NA,NA,0,0,0,NA,,,,1,NA,1,40,4,1,,,NA,NA,NA,NA,NA,NA,NA,NA,NA,NA,NA,NA,NA,NA,0,
1970,8/11/13 21:56," MEDFORD STREET and WALNUT STREET, Somerville, MA",-71.0937489,42.3857992,1,1,,2,1,3,2,1,99,NA,1,,,NA,NA,NA,NA,NA,NA,NA,NA,NA,NA,NA,NA,NA,NA,NA,0,0,0,NA,,,,0,NA,,,,,,,NA,NA,NA,NA,NA,NA,NA,NA,NA,NA,NA,NA,NA,NA,0,
1971,8/14/13 10:15," CARLTON STREET and LAKE STREET, Somerville, MA",-71.1003246,42.3803681,1,1,2,3,1,4,2,2,18,NA,1,,,NA,NA,NA,NA,NA,NA,NA,NA,NA,NA,NA,NA,NA,NA,NA,0,0,0,NA,,,,0,NA,,,,,,,NA,NA,NA,NA,NA,NA,NA,NA,NA,NA,NA,NA,NA,NA,0,
1972,8/14/13 16:30," BROADWAY and WINCHESTER STREET, Somerville, MA",-71.1093871,42.3989607,1,1,2,3,1,3,2,NA,20,NA,,1,,NA,NA,NA,NA,NA,NA,NA,NA,NA,NA,NA,NA,NA,NA,NA,0,0,0,NA,,,,0,NA,,,,,,,NA,NA,NA,NA,NA,NA,NA,NA,NA,NA,NA,NA,NA,NA,0,
1973,8/14/13 22:22,"79 WOODS AVENUE, Somerville, MA",-71.1300253,42.4128056,1,1,1,1,4,3,2,1,19,NA,2,1,,NA,NA,NA,NA,NA,NA,NA,NA,NA,NA,NA,NA,NA,NA,NA,0,0,0,NA,,,,0,NA,,,,,,,NA,NA,NA,NA,NA,NA,NA,NA,NA,NA,NA,NA,NA,NA,0,
1974,8/15/13 14:37," BROADWAY and WESTON AVENUE, Somerville, MA",-71.1286642,42.403998,1,1,4,2,1,2,2,1,1,NA,1,5,19,NA,NA,NA,NA,NA,NA,NA,NA,NA,NA,NA,NA,NA,NA,NA,0,0,0,NA,,,,1,NA,0,46,4,1,,,NA,NA,NA,NA,NA,NA,NA,NA,NA,NA,NA,NA,NA,NA,0,
1975,8/15/13 16:04," WILLOW AVENUE and BROADWAY, Somerville, MA",-71.1127004,42.4001,1,1,3,2,1,2,2,2,3,NA,1,1,,NA,NA,NA,NA,NA,NA,NA,NA,NA,NA,NA,NA,NA,NA,NA,0,0,0,NA,,,,0,NA,,,,,,,NA,NA,NA,NA,NA,NA,NA,NA,NA,NA,NA,NA,NA,NA,0,
1976,8/16/13 3:00,"267 SUMMER STREET, Somerville, MA",-71.113789,42.390941,1,1,1,1,1,4,2,NA,10,NA,1,1,,NA,NA,NA,NA,NA,NA,NA,NA,NA,NA,NA,NA,NA,NA,NA,0,0,0,NA,,,,0,NA,,,,,,,NA,NA,NA,NA,NA,NA,NA,NA,NA,NA,NA,NA,NA,NA,0,
1977,8/17/13 17:20,"75 PROSPECT STREET, Somerville, MA",-71.0962188,42.3764114,1,1,1,1,1,3,2,1,1,NA,1,3,4,NA,NA,NA,NA,NA,NA,NA,NA,NA,NA,NA,NA,NA,NA,NA,0,0,0,NA,,,,1,NA,0,24,4,0,,,NA,NA,NA,NA,NA,NA,NA,NA,NA,NA,NA,NA,NA,NA,0,
1978,8/19/13 14:28,"270 CEDAR STREET, Somerville, MA",-71.1092238,42.3970429,1,1,1,1,1,3,2,2,4,NA,8,1,,NA,NA,NA,NA,NA,NA,NA,NA,NA,NA,NA,NA,NA,NA,NA,0,0,0,NA,,,,0,NA,,,,,,,NA,NA,NA,NA,NA,NA,NA,NA,NA,NA,NA,NA,NA,NA,0,
1979,8/19/13 19:25,"711 SOMERVILLE AVENUE, Somerville, MA",-71.1143317,42.3862566,1,1,1,1,1,1,1,1,19,NA,,,,NA,NA,NA,NA,NA,NA,NA,NA,NA,NA,NA,NA,NA,NA,NA,1,0,0,4,2,,4,1,NA,1,27,2,1,,,NA,NA,NA,NA,NA,NA,NA,NA,NA,NA,NA,NA,NA,NA,0,
1980,8/21/13 17:35," BEACON STREET and WASHINGTON STREET, Somerville, MA",-71.106382,42.3782892,1,1,3,2,2,2,2,1,99,NA,2,99,,NA,NA,NA,NA,NA,NA,NA,NA,NA,NA,NA,NA,NA,NA,NA,0,0,0,NA,,,,0,NA,,,,,,,NA,NA,NA,NA,NA,NA,NA,NA,NA,NA,NA,NA,NA,NA,0,
1981,8/23/13 9:15,"519 BROADWAY, Somerville, MA",-71.1050886,42.3978873,1,1,1,1,99,4,1,8,99,NA,,,,NA,NA,NA,NA,NA,NA,NA,NA,NA,NA,NA,NA,NA,NA,NA,0,0,1,NA,,Light pole,,0,NA,,,,,,,NA,NA,NA,NA,NA,NA,NA,NA,NA,NA,NA,NA,NA,NA,0,
1982,8/23/13 13:26," DAVENPORT STREET and ELM STREET, Somerville, MA",-71.117959,42.3905691,1,1,2,3,1,3,2,1,4,NA,1,1,,NA,NA,NA,NA,NA,NA,NA,NA,NA,NA,NA,NA,NA,NA,NA,0,0,0,NA,,,,1,NA,1,42,4,1,,,NA,NA,NA,NA,NA,NA,NA,NA,NA,NA,NA,NA,NA,NA,0,
1983,8/23/13 16:00," BROADWAY and TEMPLE STREET, Somerville, MA",-71.0934064,42.3925566,1,1,1,1,3,1,1,1,11,NA,,,,NA,NA,NA,NA,NA,NA,NA,NA,NA,NA,NA,NA,NA,NA,NA,0,0,1,9,97,Light pole,,0,NA,,,,,,,NA,NA,NA,NA,NA,NA,NA,NA,NA,NA,NA,NA,NA,NA,0,
1984,8/23/13 16:18," TEMPLE ROAD and GOVERNOR WINTHROP ROAD, Somerville, MA",-71.0878246,42.3964715,1,1,2,2,1,3,2,NA,99,NA,,99,,NA,NA,NA,NA,NA,NA,NA,NA,NA,NA,NA,NA,NA,NA,NA,0,0,0,NA,,,,1,NA,0,21,4,1,,,NA,NA,NA,NA,NA,NA,NA,NA,NA,NA,NA,NA,NA,NA,0,
1985,8/23/13 15:08," BROADWAY and MOUNT VERNON STREET, Somerville, MA",-71.0788702,42.3862206,1,1,3,3,1,99,1,1,1,NA,,,,NA,NA,NA,NA,NA,NA,NA,NA,NA,NA,NA,NA,NA,NA,NA,1,0,0,4,2,,5a,1,NA,1,48,99,1,,,NA,NA,NA,NA,NA,NA,NA,NA,NA,NA,NA,NA,NA,NA,0,
1986,8/24/13 11:57," BROADWAY and NORTH STREET, Somerville, MA",-71.1313375,42.4058176,1,1,3,2,2,5,1,1,1,NA,,,,NA,NA,NA,NA,NA,NA,NA,NA,NA,NA,NA,NA,NA,NA,NA,1,0,0,NA,,,2,1,NA,0,26,4,0,,,NA,NA,NA,NA,NA,NA,NA,NA,NA,NA,NA,NA,NA,NA,0,
1987,8/25/13 7:10,"65 EDGAR AVENUE, Somerville, MA",-71.0958266,42.3970459,1,1,1,1,1,3,3,2,1,NA,1,1,,NA,NA,NA,NA,NA,NA,NA,NA,NA,NA,NA,NA,NA,NA,NA,0,0,0,NA,,,,0,NA,,,,,,,NA,NA,NA,NA,NA,NA,NA,NA,NA,NA,NA,NA,NA,NA,0,
1988,8/25/13 15:10," PORTER STREET and ELM STREET, Somerville, MA",-71.1138121,42.3860941,1,1,1,1,1,4,3,NA,NA,NA,,,,NA,NA,NA,NA,NA,NA,NA,NA,NA,NA,NA,NA,NA,NA,NA,0,0,0,NA,,,,0,NA,,,,,,,NA,NA,NA,NA,NA,NA,NA,NA,NA,NA,NA,NA,NA,NA,0,
1989,8/26/13 15:30," MEDFORD STREET and PEARL STREET, Somerville, MA",-71.0962952,42.3882985,,,,,,,2,1,1,NA,1,1,,NA,NA,NA,NA,NA,NA,NA,NA,NA,NA,NA,NA,NA,NA,NA,0,0,0,NA,,,,0,NA,,,,,,,NA,NA,NA,NA,NA,NA,NA,NA,NA,NA,NA,NA,NA,NA,0,
1990,8/26/13 19:20,"180 SOMERVILLE AVENUE, Somerville, MA",-71.0904322,42.3764299,1,1,1,1,1,2,2,1,1,NA,8,1,,NA,NA,NA,NA,NA,NA,NA,NA,NA,NA,NA,NA,NA,NA,NA,0,0,0,NA,,,,1,NA,0,26,4,1,,,NA,NA,NA,NA,NA,NA,NA,NA,NA,NA,NA,NA,NA,NA,0,
1991,8/26/13 20:40,"511 BROADWAY, Somerville, MA",-71.1050084,42.3978342,,,,,,,8,1,NA,NA,2,,,1,NA,NA,2,NA,NA,1,NA,NA,1,NA,NA,1,NA,NA,0,0,0,NA,,,,1,NA,1,66,3,1,,,NA,NA,NA,NA,NA,NA,NA,NA,NA,NA,NA,NA,NA,NA,0,
1992,8/27/13 16:28,"461 BROADWAY, Somerville, MA",-71.1021001,42.3967164,1,1,1,1,2,6,2,1,6,NA,1,,,NA,NA,NA,NA,NA,NA,NA,NA,NA,NA,NA,NA,NA,NA,NA,0,0,0,NA,,,,0,NA,,,,,,,NA,NA,NA,NA,NA,NA,NA,NA,NA,NA,NA,NA,NA,NA,0,
1993,8/27/13 18:08," SOMERVILLE AVENUE and PARK STREET, Somerville, MA",-71.1063139,42.3831974,1,1,3,3,1,3,1,NA,4,NA,,,,NA,NA,NA,NA,NA,NA,NA,NA,NA,NA,NA,NA,NA,NA,NA,1,0,0,NA,,,2,1,NA,,,4,0,,,NA,NA,NA,NA,NA,NA,NA,NA,NA,NA,NA,NA,NA,NA,0,
1994,8/28/13 10:50," COLUMBUS AVENUE and STONE AVENUE, Somerville, MA",-71.0943581,42.3813448,1,1,2,7,1,3,2,8,19,NA,,,,NA,NA,NA,NA,NA,NA,NA,NA,NA,NA,NA,NA,NA,NA,NA,0,0,0,NA,,,,0,NA,,,,,,,NA,NA,NA,NA,NA,NA,NA,NA,NA,NA,NA,NA,NA,NA,0,
1995,8/30/13 15:50,"850 BROADWAY, Somerville, MA",-71.1173247,42.4006957,1,1,4,7,2,1,1,1,1,NA,,,,NA,NA,NA,NA,NA,NA,NA,NA,NA,NA,NA,NA,NA,NA,NA,0,1,0,NA,,,4,1,NA,1,35,3,0,,,NA,NA,NA,NA,NA,NA,NA,NA,NA,NA,NA,NA,NA,NA,0,
1996,8/30/13 17:30,"BROADWAY and WALLACE STREET, Somerville, MA",-71.1207517,42.4011008,1,1,1,2,1,3,1,NA,4,NA,,,,NA,NA,NA,NA,NA,NA,NA,NA,NA,NA,NA,NA,NA,NA,NA,1,0,0,NA,,,2,1,NA,1,45,3,0,,,NA,NA,NA,NA,NA,NA,NA,NA,NA,NA,NA,NA,NA,NA,NA,
1997,8/31/13 13:53," WASHINGTON STREET and MCGRATH HIGHWAY, Somerville, MA",-71.0893942,42.3804355,1,1,3,3,3,4,2,1,1,NA,1,6,9,NA,NA,NA,NA,NA,NA,NA,NA,NA,NA,NA,NA,NA,NA,NA,0,0,0,NA,,,,0,NA,,,,,,,NA,NA,NA,NA,NA,NA,NA,NA,NA,NA,NA,NA,NA,NA,0,
1998,9/2/13 5:35," HARDAN ROAD and SOUTH STREET, Somerville, MA",-71.1273551,42.4051819,3,2,2,2,2,6,2,1,1,NA,,3,,NA,NA,NA,NA,NA,NA,NA,NA,NA,NA,NA,NA,NA,NA,NA,0,0,0,NA,,,,1,NA,0,20,4,1,,,NA,NA,NA,NA,NA,NA,NA,NA,NA,NA,NA,NA,NA,NA,0,
1999,9/2/13 18:07," MICHIGAN AVENUE and PENNSYLVANIA AVENUE, Somerville, MA",-71.082823,42.3890344,1,1,2,3,4,4,2,6,99,NA,1,1,,NA,NA,NA,NA,NA,NA,NA,NA,NA,NA,NA,NA,NA,NA,NA,0,0,0,NA,,,,0,NA,,,,,,,NA,NA,NA,NA,NA,NA,NA,NA,NA,NA,NA,NA,NA,NA,0,
2000,9/3/13 8:04,"49 TUFTS STREET, Somerville, MA",-71.0890008,42.3827872,1,1,1,1,1,3,2,1,4,NA,1,1,,NA,NA,NA,NA,NA,NA,NA,NA,NA,NA,NA,NA,NA,NA,NA,0,0,0,NA,,,,0,NA,,,,,,,NA,NA,NA,NA,NA,NA,NA,NA,NA,NA,NA,NA,NA,NA,0,
2001,9/3/13 14:32," BROADWAY and GRANT STREET, Somerville, MA",-71.0917969,42.3915907,1,1,1,3,3,3,2,1,4,NA,1,1,,NA,NA,NA,NA,NA,NA,NA,NA,NA,NA,NA,NA,NA,NA,NA,0,0,0,NA,,,,0,NA,,,,,,,NA,NA,NA,NA,NA,NA,NA,NA,NA,NA,NA,NA,NA,NA,0,
2002,9/4/13 13:44," SYCAMORE STREET and MEDFORD STREET, Somerville, MA",-71.0994049,42.3913289,1,1,3,2,4,4,2,8,12,NA,2,1,,NA,NA,NA,NA,NA,NA,NA,NA,NA,NA,NA,NA,NA,NA,NA,0,0,0,NA,,,,0,NA,,,,,,,NA,NA,NA,NA,NA,NA,NA,NA,NA,NA,NA,NA,NA,NA,0,
2003,9/4/13 14:57,"12 UNION SQUARE, Somerville, MA",-71.095853,42.3794761,1,1,1,1,3,3,2,1,1,NA,2,9,,NA,NA,NA,NA,NA,NA,NA,NA,NA,NA,NA,NA,NA,NA,NA,0,0,0,NA,,,,0,NA,,,,,,,NA,NA,NA,NA,NA,NA,NA,NA,NA,NA,NA,NA,NA,NA,0,
2004,9/5/13 12:10," ELM STREET and ELSTON STREET, Somerville, MA",-71.1198085,42.3923387,2,1,2,3,1,3,2,1,1,NA,2,4,,NA,NA,NA,NA,NA,NA,NA,NA,NA,NA,NA,NA,NA,NA,NA,0,0,0,NA,,,,0,NA,,,,,,,NA,NA,NA,NA,NA,NA,NA,NA,NA,NA,NA,NA,NA,NA,0,
2005,9/5/13 12:00," BROADWAY and BAY STATE AVENUE, Somerville, MA",-71.1143386,42.4006346,1,1,1,3,2,3,1,1,1,NA,,,,NA,NA,NA,NA,NA,NA,NA,NA,NA,NA,NA,NA,NA,NA,NA,1,0,0,NA,,,2,1,NA,1,22,3,1,,,NA,NA,NA,NA,NA,NA,NA,NA,NA,NA,NA,NA,NA,NA,0,
2006,9/6/13 16:30,"23 FLINT STREET, Somerville, MA",-71.0860499,42.3842033,,,,,,,2,NA,1,NA,,1,,NA,NA,NA,NA,NA,NA,NA,NA,NA,NA,NA,NA,NA,NA,NA,0,0,0,NA,,,,0,NA,,,,,,,NA,NA,NA,NA,NA,NA,NA,NA,NA,NA,NA,NA,NA,NA,0,
2007,9/7/13 1:19," SYCAMORE STREET and BROADWAY, Somerville, MA",-71.0970579,42.3944512,1,1,2,3,4,4,2,1,99,NA,1,99,,NA,NA,NA,NA,NA,NA,NA,NA,NA,NA,NA,NA,NA,NA,NA,0,0,0,NA,,,,0,NA,,,,,,,NA,NA,NA,NA,NA,NA,NA,NA,NA,NA,NA,NA,NA,NA,0,
2008,9/7/13 13:05,"523 BROADWAY, Somerville, MA",-71.105691,42.3977868,2,1,1,3,2,2,2,1,1,NA,2,1,,NA,NA,NA,NA,NA,NA,NA,NA,NA,NA,NA,NA,NA,NA,NA,0,0,0,NA,,,,0,NA,,,,,,,NA,NA,NA,NA,NA,NA,NA,NA,NA,NA,NA,NA,NA,NA,0,
2009,9/7/13 13:27," BALL SQUARE and BOSTON AVENUE, Somerville, MA",-71.11218,42.399952,1,1,1,1,2,2,5,1,1,NA,1,1,,1,1,NA,1,1,NA,1,5,NA,NA,NA,NA,NA,NA,NA,0,0,0,NA,,,,1,NA,0,33,4,1,,,NA,NA,NA,NA,NA,NA,NA,NA,NA,NA,NA,NA,NA,NA,0,
2010,9/9/13 8:08," BOW STREET and SUMMER STREET, Somerville, MA",-71.0983021,42.3816555,1,1,5,4,4,4,2,NA,NA,NA,,,,NA,NA,NA,NA,NA,NA,NA,NA,NA,NA,NA,NA,NA,NA,NA,0,0,0,NA,,,,0,NA,,,,,,,NA,NA,NA,NA,NA,NA,NA,NA,NA,NA,NA,NA,NA,NA,0,
2011,9/9/13 22:22," BROADWAY, Somerville, MA",-71.1075914,42.3983788,2,1,2,3,3,3,2,1,4,NA,1,1,,NA,NA,NA,NA,NA,NA,NA,NA,NA,NA,NA,NA,NA,NA,NA,0,0,0,NA,,,,0,NA,,,,,,,NA,NA,NA,NA,NA,NA,NA,NA,NA,NA,NA,NA,NA,NA,0,
2012,9/10/13 12:30," SUMMER STREET and SCHOOL STREET, Somerville, MA",-71.1003999,42.3843689,23,2,3,2,1,3,2,2,4,NA,2,1,,NA,NA,NA,NA,NA,NA,NA,NA,NA,NA,NA,NA,NA,NA,NA,0,0,0,NA,,,,0,NA,,,,,,,NA,NA,NA,NA,NA,NA,NA,NA,NA,NA,NA,NA,NA,NA,0,
2013,9/10/13 13:13," BROADWAY and MEDFORD STREET, Somerville, MA",-71.1043116,42.3973445,23,2,3,2,3,2,2,1,1,NA,6,97,,NA,NA,NA,NA,NA,NA,NA,NA,NA,NA,NA,NA,NA,NA,NA,0,0,0,NA,,,,0,NA,,,,,,,NA,NA,NA,NA,NA,NA,NA,NA,NA,NA,NA,NA,NA,NA,0,
2014,9/10/13 17:06," PARK STREET, Somerville, MA",-71.1070707,42.381611,2,1,8,1,1,2,2,1,19,NA,1,1,,NA,NA,NA,NA,NA,NA,NA,NA,NA,NA,NA,NA,NA,NA,NA,0,0,0,NA,,,,1,NA,1,48,3,0,,,NA,NA,NA,NA,NA,NA,NA,NA,NA,NA,NA,NA,NA,NA,0,
2015,9/11/13 10:10," MCGRATH HIGHWAY and PEARL STREET, Somerville, MA",-71.0904563,42.3865189,1,1,3,2,3,4,2,NA,1,NA,,1,,NA,NA,NA,NA,NA,NA,NA,NA,NA,NA,NA,NA,NA,NA,NA,0,0,0,NA,,,,0,NA,,,,,,,NA,NA,NA,NA,NA,NA,NA,NA,NA,NA,NA,NA,NA,NA,1,
2016,9/11/13 10:40,"324 SOMERVILLE AVENUE, Somerville, MA",-71.097751,42.3804924,1,1,1,1,4,3,1,2,19,NA,,,,NA,NA,NA,NA,NA,NA,NA,NA,NA,NA,NA,NA,NA,NA,NA,1,0,0,NA,,,3,1,NA,0,26,3,1,,,NA,NA,NA,NA,NA,NA,NA,NA,NA,NA,NA,NA,NA,NA,0,
2017,9/11/13 8:35,"160 HIGHLAND AVENUE, Somerville, MA",-71.1040445,42.3884317,1,1,1,1,1,3,1,1,19,NA,,,,NA,NA,NA,NA,NA,NA,NA,NA,NA,NA,NA,NA,NA,NA,NA,1,0,0,4,2,,3,1,NA,0,29,4,0,,,NA,NA,NA,NA,NA,NA,NA,NA,NA,NA,NA,NA,NA,NA,0,
2018,9/12/13 14:46,"1 AVON STREET, Somerville, MA",-71.1001022,42.3850682,1,1,1,3,4,4,2,5,99,NA,2,,,NA,NA,NA,NA,NA,NA,NA,NA,NA,NA,NA,NA,NA,NA,NA,0,0,0,NA,,,,0,NA,,,,,,,NA,NA,NA,NA,NA,NA,NA,NA,NA,NA,NA,NA,NA,NA,0,
2019,9/12/13 18:50," SOUTH STREET and HARDING STREET, Somerville, MA",-71.0902116,42.3743491,1,1,2,2,4,3,2,1,4,NA,1,1,,NA,NA,NA,NA,NA,NA,NA,NA,NA,NA,NA,NA,NA,NA,NA,0,0,0,NA,,,,1,NA,0,40,3,0,,,NA,NA,NA,NA,NA,NA,NA,NA,NA,NA,NA,NA,NA,NA,0,
2020,9/12/13 12:11," BROADWAY and PAULINA STREET, Somerville, MA",-71.1237159,42.4018427,2,1,2,3,1,4,1,1,99,NA,,,,NA,NA,NA,NA,NA,NA,NA,NA,NA,NA,NA,NA,NA,NA,NA,1,0,0,4,2,,5a,1,NA,0,21,4,0,,,NA,NA,NA,NA,NA,NA,NA,NA,NA,NA,NA,NA,NA,NA,0,
2021,9/13/13 9:05," ALBION STREET and LOWELL STREET, Somerville, MA",-71.1071395,42.3913877,3,2,2,3,1,1,2,1,NA,NA,,,,NA,NA,NA,NA,NA,NA,NA,NA,NA,NA,NA,NA,NA,NA,NA,0,0,0,NA,,,,0,NA,,,,,,,NA,NA,NA,NA,NA,NA,NA,NA,NA,NA,NA,NA,NA,NA,0,
2022,9/13/13 16:55," PAULINA STREET and BROADWAY, Somerville, MA",-71.1237159,42.4018427,1,1,4,2,1,2,1,2,1,NA,,,,NA,NA,NA,NA,NA,NA,NA,NA,NA,NA,NA,NA,NA,NA,NA,1,0,0,4,1,,5,1,NA,0,,4,1,,,NA,NA,NA,NA,NA,NA,NA,NA,NA,NA,NA,NA,NA,NA,0,
2023,9/14/13 21:13," BROADWAY and SCHOOL STREET, Somerville, MA",-71.0944105,42.3932298,1,1,3,3,3,2,2,2,1,NA,1,5,10,NA,NA,NA,NA,NA,NA,NA,NA,NA,NA,NA,NA,NA,NA,NA,0,0,0,NA,,,,0,NA,,,,,,,NA,NA,NA,NA,NA,NA,NA,NA,NA,NA,NA,NA,NA,NA,0,
2024,9/15/13 18:09,"235 HIGHLAND AVENUE, Somerville, MA",-71.1089411,42.3908234,2,1,1,1,1,3,2,2,1,NA,1,4,19,NA,NA,NA,NA,NA,NA,NA,NA,NA,NA,NA,NA,NA,NA,NA,0,0,0,NA,,,,0,NA,,,,,,,NA,NA,NA,NA,NA,NA,NA,NA,NA,NA,NA,NA,NA,NA,0,
2025,9/15/13 19:22,"608 SOMERVILLE AVENUE, Somerville, MA",-71.1095749,42.3837807,2,1,1,1,1,2,3,1,1,NA,2,5,19,NA,2,5,19,NA,NA,NA,NA,NA,NA,NA,NA,NA,NA,NA,0,0,0,NA,,,,1,NA,0,27,4,1,,,NA,NA,NA,NA,NA,NA,NA,NA,NA,NA,NA,NA,NA,NA,0,
2026,9/16/13 7:42," BROADWAY, Somerville, MA",-71.1075914,42.3983788,1,1,2,2,1,1,2,1,1,NA,7,97,,NA,NA,NA,NA,NA,NA,NA,NA,NA,NA,NA,NA,NA,NA,NA,0,0,0,NA,,,,0,NA,,,,,,,NA,NA,NA,NA,NA,NA,NA,NA,NA,NA,NA,NA,NA,NA,0,
2027,9/18/13 18:57," BROADWAY and CLARENDON AVENUE, Somerville, MA",-71.1276129,42.4034575,1,1,1,3,1,1,1,1,4,NA,,,,NA,NA,NA,NA,NA,NA,NA,NA,NA,NA,NA,NA,NA,NA,NA,1,0,0,4,2,,2,1,NA,1,26,3,1,,,NA,NA,NA,NA,NA,NA,NA,NA,NA,NA,NA,NA,NA,NA,0,
2028,9/19/13 10:28,"454 MEDFORD STREET, Somerville, MA",-71.1014192,42.3935315,197,1,1,1,2,4,2,2,1,NA,,,,NA,NA,NA,NA,NA,NA,NA,NA,NA,NA,NA,NA,NA,NA,NA,0,0,0,NA,,,,0,NA,,,,,,,NA,NA,NA,NA,NA,NA,NA,NA,NA,NA,NA,NA,NA,NA,0,