id,date_time,address,lon,lat,Weather,road_surface,traffic_control_device,intersection_type,traffic_way_desc,collision_manner,num_involved_vehicles,vehicle1_configuration,driver1_contrib1,driver1_contrib2,vehicle2_configuration,driver2_contrib1,driver2_contrib2,vehicle3_configuration,driver3_contrib1,driver3_contrib2,vehicle4_configuration,driver4_contrib1,driver4_contrib2,vehicle5_configuration,driver5_contrib1,driver5_contrib2,vehicle6_configuration,driver6_contrib1,driver6_contrib2,vehicle7_configuration,driver7_contrib1,driver7_contrib2,Bicycle,Pedestrian,non_mv,non_motorist_location,non_motorist_action,non_motorist_type,manner_of_non_motorist_collision,Injury,Multiple,Gender1,Age1,Severity1,Hospital1,Gender2,Age2,Severity2,Hospital2,Gender3,Age3,Severity3,Hospital3,Gender4,Age4,Severity4,Hospital4,Gender5,Age5,Severity5,Hospital5,city_vehicle,Notes
2029,9/19/13 20:00," CUTTER AVENUE and ELM STREET, Somerville, MA",-71.1199488,42.3947038,1,1,3,3,4,3,2,3,1,NA,1,3,4,NA,NA,NA,NA,NA,NA,NA,NA,NA,NA,NA,NA,NA,NA,NA,0,0,1,NA,,Motorcycle,,1,NA,1,27,4,0,,,NA,NA,NA,NA,NA,NA,NA,NA,NA,NA,NA,NA,NA,NA,0,
2030,9/19/13 7:36,"64 UNION SQUARE, Somerville, MA",-71.0953636,42.3798823,1,1,1,1,1,4,1,2,9,NA,,,,NA,NA,NA,NA,NA,NA,NA,NA,NA,NA,NA,NA,NA,NA,NA,1,0,0,4,2,,7,1,NA,1,35,3,1,,,NA,NA,NA,NA,NA,NA,NA,NA,NA,NA,NA,NA,NA,NA,0,
2031,9/19/13 8:04,"15 BEACON STREET, Somerville, MA",-71.1019853,42.374941,1,1,1,1,1,3,1,6,1,NA,,,,NA,NA,NA,NA,NA,NA,NA,NA,NA,NA,NA,NA,NA,NA,NA,1,0,0,4,2,,3,1,NA,1,49,3,1,,,NA,NA,NA,NA,NA,NA,NA,NA,NA,NA,NA,NA,NA,NA,0,
2032,9/20/13 19:38,"133 HOLLAND STREET, Somerville, MA",-71.125252,42.4001393,1,1,1,1,1,99,2,1,NA,NA,1,,,NA,NA,NA,NA,NA,NA,NA,NA,NA,NA,NA,NA,NA,NA,NA,0,0,0,NA,,,3,1,NA,1,57,4,1,,,NA,NA,NA,NA,NA,NA,NA,NA,NA,NA,NA,NA,NA,NA,0,
2033,9/20/13 8:48," SOMERVILLE AVENUE and KENT STREET, Somerville, MA",-71.1097087,42.3839475,1,1,1,3,1,3,1,2,99,NA,,,,NA,NA,NA,NA,NA,NA,NA,NA,NA,NA,NA,NA,NA,NA,NA,1,0,0,4,2,,2,1,NA,0,24,3,0,,,NA,NA,NA,NA,NA,NA,NA,NA,NA,NA,NA,NA,NA,NA,0,
2034,9/21/13 10:15," COLUMBUS AVENUE and WASHINGTON STREET, Somerville, MA",-71.0930682,42.3795065,1,1,2,3,1,3,2,1,NA,NA,1,,,NA,NA,NA,NA,NA,NA,NA,NA,NA,NA,NA,NA,NA,NA,NA,0,0,0,NA,,,,0,NA,,,,,,,NA,NA,NA,NA,NA,NA,NA,NA,NA,NA,NA,NA,NA,NA,0,
2035,9/22/13 6:58," PACKARD AVENUE, Somerville, MA",-71.1232672,42.4047614,23,2,3,3,1,2,2,1,1,NA,1,5,,NA,NA,NA,NA,NA,NA,NA,NA,NA,NA,NA,NA,NA,NA,NA,0,0,0,NA,,,,0,NA,,,,,,,NA,NA,NA,NA,NA,NA,NA,NA,NA,NA,NA,NA,NA,NA,0,
2036,9/22/13 11:20,"213 HIGHLAND AVENUE, Somerville, MA",-71.1074469,42.390242,1,1,1,1,1,2,2,1,99,NA,1,99,,NA,NA,NA,NA,NA,NA,NA,NA,NA,NA,NA,NA,NA,NA,NA,0,0,0,NA,,,,1,NA,0,42,99,1,,,NA,NA,NA,NA,NA,NA,NA,NA,NA,NA,NA,NA,NA,NA,0,
2037,9/23/13 6:28,"16 BEACON STREET, Somerville, MA",-71.1025604,42.374749,1,1,1,1,2,1,1,1,6,NA,,,,NA,NA,NA,NA,NA,NA,NA,NA,NA,NA,NA,NA,NA,NA,NA,1,0,0,10,2,,1,0,NA,,,,,,,NA,NA,NA,NA,NA,NA,NA,NA,NA,NA,NA,NA,NA,NA,0,
2038,9/24/13 11:55," BOSTON STREET and WALNUT STREET, Somerville, MA",-71.0952886,42.3835185,1,1,2,3,4,3,2,2,4,NA,1,1,,NA,NA,NA,NA,NA,NA,NA,NA,NA,NA,NA,NA,NA,NA,NA,0,0,0,NA,,,,0,NA,,,,,,,NA,NA,NA,NA,NA,NA,NA,NA,NA,NA,NA,NA,NA,NA,0,
2039,9/24/13 13:07," BROADWAY and TEMPLE STREET, Somerville, MA",-71.0934064,42.3925566,1,1,2,2,1,,1,2,19,NA,,,,NA,NA,NA,NA,NA,NA,NA,NA,NA,NA,NA,NA,NA,NA,NA,0,1,0,1,1,,4,0,NA,,,,,,,NA,NA,NA,NA,NA,NA,NA,NA,NA,NA,NA,NA,NA,NA,0,
2040,9/24/13 14:30,"16 WINTER STREET, Somerville, MA",-71.122777,42.3972561,1,1,1,1,4,4,2,6,1,NA,10,1,,NA,NA,NA,NA,NA,NA,NA,NA,NA,NA,NA,NA,NA,NA,NA,0,0,0,NA,,,,0,NA,,,,,,,NA,NA,NA,NA,NA,NA,NA,NA,NA,NA,NA,NA,NA,NA,1,
2041,9/24/13 23:55," POWDER HOUSE BOULEVARD and CURTIS STREET, Somerville, MA",-71.1258479,42.4054336,1,1,3,2,2,99,1,1,99,NA,,,,NA,NA,NA,NA,NA,NA,NA,NA,NA,NA,NA,NA,NA,NA,NA,0,0,1,99,1,Skater,5,1,NA,1,23,2,1,,,NA,NA,NA,NA,NA,NA,NA,NA,NA,NA,NA,NA,NA,NA,0,
2042,9/24/13 18:28,"596 SOMERVILLE AVENUE, Somerville, MA",-71.1094869,42.3838109,1,1,1,9,1,1,1,2,4,NA,,,,NA,NA,NA,NA,NA,NA,NA,NA,NA,NA,NA,NA,NA,NA,NA,1,0,0,4,2,,2,1,NA,1,27,3,1,,,NA,NA,NA,NA,NA,NA,NA,NA,NA,NA,NA,NA,NA,NA,0,
2043,9/25/13 12:56,"186 LOWELL STREET, Somerville, MA",-71.1079264,42.3904391,1,1,1,1,1,4,2,2,1,NA,1,6,9,NA,NA,NA,NA,NA,NA,NA,NA,NA,NA,NA,NA,NA,NA,NA,0,0,0,NA,,,,1,NA,1,74,4,1,,,NA,NA,NA,NA,NA,NA,NA,NA,NA,NA,NA,NA,NA,NA,0,
2044,9/25/13 14:20,"353 MEDFORD STREET, Somerville, MA",-71.0962865,42.3887792,1,1,1,1,1,2,1,6,1,NA,,,,NA,NA,NA,NA,NA,NA,NA,NA,NA,NA,NA,NA,NA,NA,NA,1,0,0,4,2,,4a,1,NA,1,48,3,1,,,NA,NA,NA,NA,NA,NA,NA,NA,NA,NA,NA,NA,NA,NA,1,
2045,9/26/13 19:40,"27 DICKINSON STREET, Somerville, MA",-71.1010795,42.3754717,2,1,2,1,4,3,2,NA,NA,NA,,,,NA,NA,NA,NA,NA,NA,NA,NA,NA,NA,NA,NA,NA,NA,NA,0,0,0,NA,,,,0,NA,,,,,,,NA,NA,NA,NA,NA,NA,NA,NA,NA,NA,NA,NA,NA,NA,1,
2046,9/26/13 11:31," WASHINGTON STREET and INNER BELT ROAD, Somerville, MA",-71.0815211,42.3820437,1,1,3,3,2,5,1,NA,4,NA,,,,NA,NA,NA,NA,NA,NA,NA,NA,NA,NA,NA,NA,NA,NA,NA,1,0,0,2,2,,5,1,NA,1,,4,0,,,NA,NA,NA,NA,NA,NA,NA,NA,NA,NA,NA,NA,NA,NA,0,
2047,9/27/13 7:47," BEACON STREET and WASHINGTON STREET, Somerville, MA",-71.106382,42.3782892,1,1,3,2,2,3,2,6,99,NA,,,,NA,NA,NA,NA,NA,NA,NA,NA,NA,NA,NA,NA,NA,NA,NA,0,0,0,NA,,,,0,NA,,,,,,,NA,NA,NA,NA,NA,NA,NA,NA,NA,NA,NA,NA,NA,NA,0,
2048,9/27/13 11:21,"33 BOW STREET, Somerville, MA",-71.0974367,42.3817822,2,1,3,3,4,1,1,1,NA,NA,,,,NA,NA,NA,NA,NA,NA,NA,NA,NA,NA,NA,NA,NA,NA,NA,0,0,1,NA,,Fence; street sign; parking meter,,0,NA,,,,,,,NA,NA,NA,NA,NA,NA,NA,NA,NA,NA,NA,NA,NA,NA,0,
2049,9/27/13 11:43," BROADWAY and FELLSWAY, Somerville, MA",-71.0903539,42.390614,2,1,3,3,2,2,2,2,19,NA,2,1,,NA,NA,NA,NA,NA,NA,NA,NA,NA,NA,NA,NA,NA,NA,NA,0,0,0,NA,,,,0,NA,,,,,,,NA,NA,NA,NA,NA,NA,NA,NA,NA,NA,NA,NA,NA,NA,0,
2050,9/27/13 14:40,"45 BROADWAY, Somerville, MA",-71.0796898,42.3865844,1,1,1,1,2,5,2,6,99,NA,2,1,,NA,NA,NA,NA,NA,NA,NA,NA,NA,NA,NA,NA,NA,NA,NA,0,0,0,NA,,,,0,NA,,,,,,,NA,NA,NA,NA,NA,NA,NA,NA,NA,NA,NA,NA,NA,NA,0,
2051,9/27/13 7:54,"31 UNION SQUARE, Somerville, MA",-71.0968735,42.3801397,2,1,3,1,4,3,1,1,4,NA,,,,NA,NA,NA,NA,NA,NA,NA,NA,NA,NA,NA,NA,NA,NA,NA,0,1,0,1,1,,5,0,NA,,,,,,,NA,NA,NA,NA,NA,NA,NA,NA,NA,NA,NA,NA,NA,NA,0,Ped walking bike
2052,9/28/13 13:17," CENTRAL STREET and HIGHLAND AVENUE, Somerville, MA",-71.1034359,42.3884241,1,1,3,2,1,3,2,2,1,NA,1,4,,NA,NA,NA,NA,NA,NA,NA,NA,NA,NA,NA,NA,NA,NA,NA,0,0,0,NA,,,,0,NA,,,,,,,NA,NA,NA,NA,NA,NA,NA,NA,NA,NA,NA,NA,NA,NA,0,
2053,9/28/13 18:59,"180 SOMERVILLE AVENUE, Somerville, MA",-71.0904322,42.3764299,1,1,1,1,1,4,2,NA,99,NA,,,,NA,NA,NA,NA,NA,NA,NA,NA,NA,NA,NA,NA,NA,NA,NA,0,0,0,NA,,,,0,NA,,,,,,,NA,NA,NA,NA,NA,NA,NA,NA,NA,NA,NA,NA,NA,NA,0,
2054,9/28/13 19:00,"70 PEARL STREET, Somerville, MA",-71.0841287,42.3843658,1,1,1,1,1,1,1,2,10,9,,,,NA,NA,NA,NA,NA,NA,NA,NA,NA,NA,NA,NA,NA,NA,NA,0,0,1,NA,,Tree; fence,,0,NA,,,,,,,NA,NA,NA,NA,NA,NA,NA,NA,NA,NA,NA,NA,NA,NA,0,
2055,9/30/13 12:00," PARK STREET and SOMERVILLE AVENUE, Somerville, MA",-71.1063139,42.3831974,1,1,3,3,1,2,2,1,1,NA,2,5,,NA,NA,NA,NA,NA,NA,NA,NA,NA,NA,NA,NA,NA,NA,NA,0,0,0,NA,,,,0,NA,,,,,,,NA,NA,NA,NA,NA,NA,NA,NA,NA,NA,NA,NA,NA,NA,0,
2056,10/1/13 20:51,"196 BROADWAY, Somerville, MA",-71.0875226,42.3891573,1,1,1,1,2,2,2,1,10,9,1,1,,NA,NA,NA,NA,NA,NA,NA,NA,NA,NA,NA,NA,NA,NA,NA,0,0,0,NA,,,,1,NA,1,40,4,0,,,NA,NA,NA,NA,NA,NA,NA,NA,NA,NA,NA,NA,NA,NA,0,
2057,10/1/13 6:29,"167 HIGHLAND AVENUE, Somerville, MA",-71.1045294,42.3890104,1,1,1,1,2,1,1,1,19,NA,,,,NA,NA,NA,NA,NA,NA,NA,NA,NA,NA,NA,NA,NA,NA,NA,0,1,0,4,2,,7,1,NA,0,87,4,1,,,NA,NA,NA,NA,NA,NA,NA,NA,NA,NA,NA,NA,NA,NA,0,
2058,10/1/13 18:09,"71 BEACON STREET, Somerville, MA",-71.103989,42.3765334,1,1,1,1,1,1,1,1,19,NA,,,,NA,NA,NA,NA,NA,NA,NA,NA,NA,NA,NA,NA,NA,NA,NA,1,0,0,4,2,,3,1,NA,1,35,4,0,,,NA,NA,NA,NA,NA,NA,NA,NA,NA,NA,NA,NA,NA,NA,0,
2059,10/2/13 18:36," SYCAMORE STREET and MEDFORD STREET, Somerville, MA",-71.0994049,42.3913289,,,,,,,1,1,1,NA,,,,NA,NA,NA,NA,NA,NA,NA,NA,NA,NA,NA,NA,NA,NA,NA,1,0,0,4,1,,5,1,NA,1,54,4,1,,,NA,NA,NA,NA,NA,NA,NA,NA,NA,NA,NA,NA,NA,NA,0,
2060,10/4/13 15:28,"175 HIGHLAND AVENUE, Somerville, MA",-71.1052208,42.3890411,2,1,1,1,1,4,2,2,1,NA,2,1,,NA,NA,NA,NA,NA,NA,NA,NA,NA,NA,NA,NA,NA,NA,NA,0,0,0,NA,,,,1,NA,0,17,3,1,,,NA,NA,NA,NA,NA,NA,NA,NA,NA,NA,NA,NA,NA,NA,0,
2061,10/4/13 6:58,"15 BEACON STREET, Somerville, MA",-71.1019853,42.374941,1,1,1,1,1,,1,NA,1,NA,,,,NA,NA,NA,NA,NA,NA,NA,NA,NA,NA,NA,NA,NA,NA,NA,1,0,0,4,2,,3,1,NA,1,55,4,1,,,NA,NA,NA,NA,NA,NA,NA,NA,NA,NA,NA,NA,NA,NA,0,
2062,10/6/13 15:00," TEMPLE STREET and DERBY STREET, Somerville, MA",-71.0915388,42.3950558,23,2,1,1,1,3,2,1,7,NA,1,1,,NA,NA,NA,NA,NA,NA,NA,NA,NA,NA,NA,NA,NA,NA,NA,0,0,0,NA,,,,1,NA,0,27,4,1,,,NA,NA,NA,NA,NA,NA,NA,NA,NA,NA,NA,NA,NA,NA,0,
2063,10/7/13 19:22," POWDER HOUSE BOULEVARD and NORTH STREET, Somerville, MA",-71.1302644,42.4073825,3,2,3,2,1,3,2,1,3,10,1,1,,NA,NA,NA,NA,NA,NA,NA,NA,NA,NA,NA,NA,NA,NA,NA,0,0,0,NA,,,,0,NA,,,,,,,NA,NA,NA,NA,NA,NA,NA,NA,NA,NA,NA,NA,NA,NA,0,
2064,10/8/13 13:05," SUMMER STREET and WINDOM STREET, Somerville, MA",-71.1196495,42.3937005,1,1,1,3,4,2,3,1,20,NA,,,,NA,NA,NA,NA,NA,NA,NA,NA,NA,NA,NA,NA,NA,NA,NA,0,0,0,NA,,,,1,NA,1,49,4,0,,,NA,NA,NA,NA,NA,NA,NA,NA,NA,NA,NA,NA,NA,NA,0,
2065,10/8/13 10:30," BEACON STREET and OXFORD STREET, Somerville, MA",-71.1161841,42.3860143,1,1,1,3,1,1,1,1,13,NA,,,,NA,NA,NA,NA,NA,NA,NA,NA,NA,NA,NA,NA,NA,NA,NA,1,0,0,10,2,,1,1,NA,1,31,3,0,,,NA,NA,NA,NA,NA,NA,NA,NA,NA,NA,NA,NA,NA,NA,0,
2066,10/11/13 22:01,"344 SOMERVILLE AVENUE, Somerville, MA",-71.0984401,42.3806646,2,1,1,1,4,4,2,2,4,NA,1,1,,NA,NA,NA,NA,NA,NA,NA,NA,NA,NA,NA,NA,NA,NA,NA,0,0,0,NA,,,,1,NA,0,41,4,1,,,NA,NA,NA,NA,NA,NA,NA,NA,NA,NA,NA,NA,NA,NA,0,
2067,10/14/13 7:35," LOMBARDI WAY and MYSTIC AVENUE, Somerville, MA",-71.0776432,42.3869834,1,1,3,2,1,3,2,1,3,NA,1,1,,NA,NA,NA,NA,NA,NA,NA,NA,NA,NA,NA,NA,NA,NA,NA,0,0,0,NA,,,,1,NA,0,,4,1,,,NA,NA,NA,NA,NA,NA,NA,NA,NA,NA,NA,NA,NA,NA,0,
2068,10/14/13 22:53," CROSS STREET and FLINT STREET, Somerville, MA",-71.0885192,42.3848417,1,1,2,2,1,3,2,1,1,NA,1,2,3,NA,NA,NA,NA,NA,NA,NA,NA,NA,NA,NA,NA,NA,NA,NA,0,0,0,NA,,,,0,NA,,,,,,,NA,NA,NA,NA,NA,NA,NA,NA,NA,NA,NA,NA,NA,NA,0,
2069,10/14/13 23:08,"30 GILMAN STREET, Somerville, MA",-71.090365,42.384669,1,1,1,1,4,4,3,1,1,NA,1,1,,2,9,10,NA,NA,NA,NA,NA,NA,NA,NA,NA,NA,NA,NA,0,0,0,NA,,,,0,NA,,,,,,,NA,NA,NA,NA,NA,NA,NA,NA,NA,NA,NA,NA,NA,NA,0,
2070,10/15/13 0:00,"229 TREMONT STREET, Somerville, MA",-71.095674,42.375716,1,1,1,4,4,4,2,1,99,NA,1,1,,NA,NA,NA,NA,NA,NA,NA,NA,NA,NA,NA,NA,NA,NA,NA,0,0,0,NA,,,,0,NA,,,,,,,NA,NA,NA,NA,NA,NA,NA,NA,NA,NA,NA,NA,NA,NA,0,
2071,10/15/13 15:02," BROADWAY and CHARLES E RYAN ROAD, Somerville, MA",-71.1056987,42.3977741,1,1,1,3,3,3,2,2,1,NA,6,1,,NA,NA,NA,NA,NA,NA,NA,NA,NA,NA,NA,NA,NA,NA,NA,0,0,0,NA,,,,1,NA,1,58,3,1,,,NA,NA,NA,NA,NA,NA,NA,NA,NA,NA,NA,NA,NA,NA,0,
2072,10/15/13 22:30," POWDER HOUSE BOULEVARD and MASON STREET, Somerville, MA",-71.12136,42.4034151,1,1,1,3,1,4,2,1,20,NA,1,1,,NA,NA,NA,NA,NA,NA,NA,NA,NA,NA,NA,NA,NA,NA,NA,0,0,0,NA,,,,0,NA,,,,,,,NA,NA,NA,NA,NA,NA,NA,NA,NA,NA,NA,NA,NA,NA,0,
2073,10/16/13 20:19," PEARL STREET, Somerville, MA",-71.0878325,42.3857024,1,1,1,1,3,4,2,1,9,10,1,1,,NA,NA,NA,NA,NA,NA,NA,NA,NA,NA,NA,NA,NA,NA,NA,0,0,0,NA,,,,0,NA,,,,,,,NA,NA,NA,NA,NA,NA,NA,NA,NA,NA,NA,NA,NA,NA,0,
2074,10/16/13 23:17,"2 HIGHLAND AVENUE, Somerville, MA",-71.0927047,42.3845571,2,1,3,2,2,1,1,1,99,NA,,,,NA,NA,NA,NA,NA,NA,NA,NA,NA,NA,NA,NA,NA,NA,NA,0,0,1,NA,,Traffic sign,,0,NA,,,,,,,NA,NA,NA,NA,NA,NA,NA,NA,NA,NA,NA,NA,NA,NA,0,
2075,10/18/13 18:56," WALNUT STREET and SUMMER STREET, Somerville, MA",-71.113778,42.414777,1,1,1,3,4,3,1,NA,NA,NA,,,,NA,NA,NA,NA,NA,NA,NA,NA,NA,NA,NA,NA,NA,NA,NA,1,0,0,1,2,,1,1,NA,1,15,2,1,,,NA,NA,NA,NA,NA,NA,NA,NA,NA,NA,NA,NA,NA,NA,0,
2076,10/19/13 1:30,"4 EVERGREEN AVENUE, Somerville, MA",-71.094565,42.39079,99,99,1,1,4,34,2,1,1,NA,2,97,,NA,NA,NA,NA,NA,NA,NA,NA,NA,NA,NA,NA,NA,NA,NA,0,0,0,NA,,,,0,NA,,,,,,,NA,NA,NA,NA,NA,NA,NA,NA,NA,NA,NA,NA,NA,NA,0,
2077,10/19/13 9:37,"195 HIGHLAND AVENUE, Somerville, MA",-71.106374,42.389846,1,1,1,1,2,3,2,3,1,NA,1,4,,NA,NA,NA,NA,NA,NA,NA,NA,NA,NA,NA,NA,NA,NA,NA,0,0,1,NA,,Motorcycle,,1,2,1,38,2,1,0,29,4,0,NA,NA,NA,NA,NA,NA,NA,NA,NA,NA,NA,NA,0,
2078,10/20/13 1:33,"HAWTHORNE STREET and WILLOW STREET, Somerville, MA",-71.1171936,42.39359,3,2,2,3,4,3,2,1,1,NA,1,4,,NA,NA,NA,NA,NA,NA,NA,NA,NA,NA,NA,NA,NA,NA,NA,0,0,0,NA,,,,0,NA,,,,,,,NA,NA,NA,NA,NA,NA,NA,NA,NA,NA,NA,NA,NA,NA,0,
2079,10/21/13 16:34,"32 CLARENDON AVENUE, Somerville, MA",-71.1286745,42.4025745,1,1,1,1,4,5,2,10,3,8,1,,,NA,NA,NA,NA,NA,NA,NA,NA,NA,NA,NA,NA,NA,NA,NA,0,0,0,NA,,,,0,NA,,,,,,,NA,NA,NA,NA,NA,NA,NA,NA,NA,NA,NA,NA,NA,NA,0,
2080,10/22/13 7:54,"130 SUMMER STREET, Somerville, MA",-71.1040791,42.3855264,1,1,1,1,2,2,2,1,5,NA,1,1,,NA,NA,NA,NA,NA,NA,NA,NA,NA,NA,NA,NA,NA,NA,NA,0,0,0,NA,,,,0,NA,,,,,,,NA,NA,NA,NA,NA,NA,NA,NA,NA,NA,NA,NA,NA,NA,0,
2081,10/23/13 18:11," COLLEGE AVENUE and MORRISON AVENUE, Somerville, MA",-71.1214296,42.3979434,1,1,3,3,1,2,2,1,19,NA,1,1,,NA,NA,NA,NA,NA,NA,NA,NA,NA,NA,NA,NA,NA,NA,NA,0,0,0,NA,,,,1,NA,0,49,3,0,,,NA,NA,NA,NA,NA,NA,NA,NA,NA,NA,NA,NA,NA,NA,0,
2082,10/23/13 5:37,"216 MCGRATH HIGHWAY, Somerville, MA",-71.0887457,42.3767344,1,1,1,1,1,3,1,1,1,NA,,,,NA,NA,NA,NA,NA,NA,NA,NA,NA,NA,NA,NA,NA,NA,NA,1,0,0,4,1,,5a,1,NA,1,16,3,0,,,NA,NA,NA,NA,NA,NA,NA,NA,NA,NA,NA,NA,NA,NA,0,
2083,10/24/13 6:58," BEACON STREET and WASHINGTON STREET, Somerville, MA",-71.106382,42.3782892,,,,,,,1,1,6,NA,,,,NA,NA,NA,NA,NA,NA,NA,NA,NA,NA,NA,NA,NA,NA,NA,0,1,0,1,1,,2,1,NA,,26,4,1,,,NA,NA,NA,NA,NA,NA,NA,NA,NA,NA,NA,NA,NA,NA,0,
2084,10/24/13 9:57," PRESCOTT STREET and HIGHLAND AVENUE, Somerville, MA",-71.0978014,42.3865229,1,1,2,3,1,3,2,1,3,NA,1,1,,NA,NA,NA,NA,NA,NA,NA,NA,NA,NA,NA,NA,NA,NA,NA,0,0,0,NA,,,,0,NA,,,,,,,NA,NA,NA,NA,NA,NA,NA,NA,NA,NA,NA,NA,NA,NA,0,
2085,10/25/13 8:44," BROADWAY and MAIN STREET, Somerville, MA",-71.0975984,42.3947314,2,1,3,2,1,3,2,2,3,NA,1,1,,NA,NA,NA,NA,NA,NA,NA,NA,NA,NA,NA,NA,NA,NA,NA,0,0,0,NA,,,,0,NA,,,,,,,NA,NA,NA,NA,NA,NA,NA,NA,NA,NA,NA,NA,NA,NA,0,
2086,10/26/13 15:54," MEDFORD STREET and WALNUT STREET, Somerville, MA",-71.0937489,42.3857992,1,1,3,2,4,6,2,NA,99,NA,1,99,,NA,NA,NA,NA,NA,NA,NA,NA,NA,NA,NA,NA,NA,NA,NA,0,0,0,NA,,,,0,NA,,,,,,,NA,NA,NA,NA,NA,NA,NA,NA,NA,NA,NA,NA,NA,NA,0,
2087,10/27/13 2:00,"400 SOMERVILLE AVENUE, Somerville, MA",-71.1015967,42.3807302,2,1,1,1,1,3,3,1,2,10,1,1,,2,1,NA,NA,NA,NA,NA,NA,NA,NA,NA,NA,NA,NA,NA,0,0,0,NA,,,,0,NA,,,,,,,NA,NA,NA,NA,NA,NA,NA,NA,NA,NA,NA,NA,NA,NA,0,
2088,10/27/13 2:10,"38 DANE STREET, Somerville, MA",-71.1042738,42.3806498,2,1,1,1,1,3,2,1,2,99,2,1,,NA,NA,NA,NA,NA,NA,NA,NA,NA,NA,NA,NA,NA,NA,NA,0,0,0,NA,,,,0,NA,,,,,,,NA,NA,NA,NA,NA,NA,NA,NA,NA,NA,NA,NA,NA,NA,0,
2089,10/27/13 13:52," WEBSTER AVENUE and COLUMBIA STREET, Somerville, MA",-71.0952351,42.3758647,2,1,2,3,1,3,2,1,1,NA,1,4,,NA,NA,NA,NA,NA,NA,NA,NA,NA,NA,NA,NA,NA,NA,NA,0,0,0,NA,,,,0,NA,,,,,,,NA,NA,NA,NA,NA,NA,NA,NA,NA,NA,NA,NA,NA,NA,0,
2090,10/27/13 17:09," COLUMBUS AVENUE and BONNER AVENUE, Somerville, MA",-71.0935999,42.3807138,1,1,1,3,1,2,2,2,10,7,1,1,,NA,NA,NA,NA,NA,NA,NA,NA,NA,NA,NA,NA,NA,NA,NA,0,0,0,NA,,,,1,NA,1,55,2,1,,,NA,NA,NA,NA,NA,NA,NA,NA,NA,NA,NA,NA,NA,NA,0,
2091,10/28/13 8:56," WASHINGTON STREET and WEBSTER AVENUE, Somerville, MA",-71.0964021,42.3796323,1,1,3,2,1,4,2,NA,99,NA,2,3,,NA,NA,NA,NA,NA,NA,NA,NA,NA,NA,NA,NA,NA,NA,NA,0,0,0,NA,,,,0,NA,,,,,,,NA,NA,NA,NA,NA,NA,NA,NA,NA,NA,NA,NA,NA,NA,0,
2092,10/29/13 12:05," Rte 16 W and ALEWIFE BROOK PARKWAY, Somerville, MA",-71.1413056,42.3972212,1,1,,1,1,2,2,2,1,NA,1,5,20,NA,NA,NA,NA,NA,NA,NA,NA,NA,NA,NA,NA,NA,NA,NA,0,0,0,NA,,,,0,NA,,,,,,,NA,NA,NA,NA,NA,NA,NA,NA,NA,NA,NA,NA,NA,NA,0,
2093,10/30/13 19:18,"REVOLUTION DRIVE, Somerville, MA",-71.0808,42.3905269,1,1,1,1,3,3,2,1,1,NA,2,1,,NA,NA,NA,NA,NA,NA,NA,NA,NA,NA,NA,NA,NA,NA,NA,0,0,0,NA,,,,0,NA,,,,,,,NA,NA,NA,NA,NA,NA,NA,NA,NA,NA,NA,NA,NA,NA,0,
2094,10/31/13 0:58,"BROADWAY and BOSTON AVENUE, Somerville, MA",-71.111491,42.399676,1,1,3,2,1,3,2,NA,NA,NA,,,,NA,NA,NA,NA,NA,NA,NA,NA,NA,NA,NA,NA,NA,NA,NA,0,0,0,NA,,,,0,NA,,,,,,,NA,NA,NA,NA,NA,NA,NA,NA,NA,NA,NA,NA,NA,NA,0,
2095,10/31/13 11:22,"SUMMER STREET and CHURCH STREET, Somerville, MA",-71.0993429,42.3832593,2,1,1,2,1,4,2,2,1,NA,,9,,NA,NA,NA,NA,NA,NA,NA,NA,NA,NA,NA,NA,NA,NA,NA,0,0,0,NA,,,,0,NA,,,,,,,NA,NA,NA,NA,NA,NA,NA,NA,NA,NA,NA,NA,NA,NA,1,
2096,10/31/13 17:49,"26 TEMPLE STREET, Somerville, MA",-71.0929289,42.393522,3,2,3,1,1,2,3,1,99,NA,1,1,,1,1,NA,NA,NA,NA,NA,NA,NA,NA,NA,NA,NA,NA,NA,0,0,0,NA,,,,0,NA,,,,,,,NA,NA,NA,NA,NA,NA,NA,NA,NA,NA,NA,NA,NA,NA,0,
2097,11/1/13 9:00,"Sycamore St and Highland Ave, Somerville, MA",-71.1019077,42.387909,23,2,1,3,4,3,1,1,99,NA,,,,NA,NA,NA,NA,NA,NA,NA,NA,NA,NA,NA,NA,NA,NA,NA,0,1,0,1,1,,1,1,NA,1,75,2,1,,,NA,NA,NA,NA,NA,NA,NA,NA,NA,NA,NA,NA,NA,NA,0,
2098,11/1/13 12:02,"216 College Ave, Somerville, MA",-71.1173888,42.4058935,23,2,2,3,1,3,1,NA,1,NA,,,,NA,NA,NA,NA,NA,NA,NA,NA,NA,NA,NA,NA,NA,NA,NA,1,0,0,4,2,,5a,1,NA,0,20,2,1,,,NA,NA,NA,NA,NA,NA,NA,NA,NA,NA,NA,NA,NA,NA,0,