id,date_time,address,lon,lat,Weather,road_surface,traffic_control_device,intersection_type,traffic_way_desc,collision_manner,num_involved_vehicles,vehicle1_configuration,driver1_contrib1,driver1_contrib2,vehicle2_configuration,driver2_contrib1,driver2_contrib2,vehicle3_configuration,driver3_contrib1,driver3_contrib2,vehicle4_configuration,driver4_contrib1,driver4_contrib2,vehicle5_configuration,driver5_contrib1,driver5_contrib2,vehicle6_configuration,driver6_contrib1,driver6_contrib2,vehicle7_configuration,driver7_contrib1,driver7_contrib2,Bicycle,Pedestrian,non_mv,non_motorist_location,non_motorist_action,non_motorist_type,manner_of_non_motorist_collision,Injury,Multiple,Gender1,Age1,Severity1,Hospital1,Gender2,Age2,Severity2,Hospital2,Gender3,Age3,Severity3,Hospital3,Gender4,Age4,Severity4,Hospital4,Gender5,Age5,Severity5,Hospital5,city_vehicle,Notes
2099,11/2/13 9:48,"158 Highland Ave, Somerville, MA",-71.1038226,42.3885396,1,1,3,2,1,3,2,2,99,NA,1,99,,NA,NA,NA,NA,NA,NA,NA,NA,NA,NA,NA,NA,NA,NA,NA,0,0,0,NA,,,,0,NA,,,,,,,NA,NA,NA,NA,NA,NA,NA,NA,NA,NA,NA,NA,NA,NA,0,
2100,11/5/13 6:25,"Central St and Summer St, Somerville, MA",-71.1050912,42.3860322,1,1,3,2,1,3,2,1,1,NA,1,1,,NA,NA,NA,NA,NA,NA,NA,NA,NA,NA,NA,NA,NA,NA,NA,0,0,0,NA,,,,1,NA,1,55,4,0,,,NA,NA,NA,NA,NA,NA,NA,NA,NA,NA,NA,NA,NA,NA,0,
2101,11/5/13 10:44,"Harrison St and Ivaloo St, Somerville, MA",-71.1083248,42.3816706,1,1,2,4,1,1,1,7,99,NA,,,,NA,NA,NA,NA,NA,NA,NA,NA,NA,NA,NA,NA,NA,NA,NA,0,0,1,NA,,Overhead electric wires,,0,NA,,,,,,,NA,NA,NA,NA,NA,NA,NA,NA,NA,NA,NA,NA,NA,NA,0,
2102,11/5/13 19:40,"Broadway and Willow Ave, Somerville, MA",-71.1127004,42.4001,1,1,3,2,1,5,2,1,1,NA,2,1,,NA,NA,NA,NA,NA,NA,NA,NA,NA,NA,NA,NA,NA,NA,NA,0,0,0,NA,,,,0,NA,,,,,,,NA,NA,NA,NA,NA,NA,NA,NA,NA,NA,NA,NA,NA,NA,1,
2103,11/5/13 19:53,"Paulina St and Holland St, Somerville, MA",-71.1252368,42.3998502,1,1,1,3,1,1,1,2,4,NA,,,,NA,NA,NA,NA,NA,NA,NA,NA,NA,NA,NA,NA,NA,NA,NA,0,1,0,1,2,,2,1,NA,0,32,3,1,,,NA,NA,NA,NA,NA,NA,NA,NA,NA,NA,NA,NA,NA,NA,0,
2104,11/7/13 13:18,"Somerville Ave and Loring St, Somerville, MA",-71.1041532,42.3827009,3,2,1,3,1,1,1,6,4,NA,,,,NA,NA,NA,NA,NA,NA,NA,NA,NA,NA,NA,NA,NA,NA,NA,1,0,0,4,2,,2,1,NA,1,33,2,1,,,NA,NA,NA,NA,NA,NA,NA,NA,NA,NA,NA,NA,NA,NA,0,
2105,11/9/13 19:45,"226 Pearl St, Somerville, MA",-71.093987,42.387431,1,1,1,1,1,4,5,2,9,11,1,1,,1,1,NA,1,1,NA,2,1,NA,NA,NA,NA,NA,NA,NA,0,0,0,NA,,,,0,NA,,,,,,,NA,NA,NA,NA,NA,NA,NA,NA,NA,NA,NA,NA,NA,NA,0,
2106,11/10/13 22:00,"201 Willow Ave, Somerville, MA",-71.1141142,42.3973541,1,1,,1,1,4,1,NA,99,NA,,,,NA,NA,NA,NA,NA,NA,NA,NA,NA,NA,NA,NA,NA,NA,NA,1,0,0,4,2,,7,0,NA,,,,,,,NA,NA,NA,NA,NA,NA,NA,NA,NA,NA,NA,NA,NA,NA,0,
2107,11/11/13 20:00,"Cherry St and Summer St, Somerville, MA",-71.1149866,42.3914194,1,1,2,2,1,3,1,NA,NA,NA,,,,NA,NA,NA,NA,NA,NA,NA,NA,NA,NA,NA,NA,NA,NA,NA,1,0,0,4,2,,5,1,NA,0,28,3,1,,,NA,NA,NA,NA,NA,NA,NA,NA,NA,NA,NA,NA,NA,NA,0,
2108,11/12/13 15:45,"40 Holland St, Somerville, MA",-71.1236271,42.3975004,2,1,1,1,1,3,2,NA,4,NA,,99,,NA,NA,NA,NA,NA,NA,NA,NA,NA,NA,NA,NA,NA,NA,NA,0,0,0,NA,,,,0,NA,,,,,,,NA,NA,NA,NA,NA,NA,NA,NA,NA,NA,NA,NA,NA,NA,0,
2109,11/12/13 17:40,"Washington St and Hawkins St, Somerville, MA",-71.0979887,42.3794877,1,1,6,3,1,2,2,1,1,NA,1,10,19,NA,NA,NA,NA,NA,NA,NA,NA,NA,NA,NA,NA,NA,NA,NA,0,0,0,NA,,,,0,NA,,,,,,,NA,NA,NA,NA,NA,NA,NA,NA,NA,NA,NA,NA,NA,NA,0,
2110,11/14/13 8:29,"103 College Ave, Somerville, MA",-71.1184969,42.3994253,1,1,1,1,1,2,2,NA,19,NA,2,,,NA,NA,NA,NA,NA,NA,NA,NA,NA,NA,NA,NA,NA,NA,NA,0,0,0,NA,,,,0,NA,,,,,,,NA,NA,NA,NA,NA,NA,NA,NA,NA,NA,NA,NA,NA,NA,1,
2111,11/14/13 15:41,"148 Highland Ave, Somerville, MA",-71.1030961,42.388151,2,1,1,1,1,3,2,1,1,NA,2,3,,NA,NA,NA,NA,NA,NA,NA,NA,NA,NA,NA,NA,NA,NA,NA,0,0,0,NA,,,,0,NA,,,,,,,NA,NA,NA,NA,NA,NA,NA,NA,NA,NA,NA,NA,NA,NA,0,
2112,11/14/13 16:50,"99 Holland St, Somerville, MA",-71.1246194,42.3990907,1,1,1,1,1,2,2,1,NA,NA,,,,NA,NA,NA,NA,NA,NA,NA,NA,NA,NA,NA,NA,NA,NA,NA,0,0,0,NA,,,,1,NA,0,22,4,1,,,NA,NA,NA,NA,NA,NA,NA,NA,NA,NA,NA,NA,NA,NA,0,
2113,11/14/13 11:15,"689 Somerville Ave, Somerville, MA",-71.1129319,42.3854236,1,1,1,1,1,1,1,1,4,NA,,,,NA,NA,NA,NA,NA,NA,NA,NA,NA,NA,NA,NA,NA,NA,NA,1,0,0,4,2,,2,1,NA,0,41,3,1,,,NA,NA,NA,NA,NA,NA,NA,NA,NA,NA,NA,NA,NA,NA,0,
2114,11/15/13 15:49,"13 Cutter St, Somerville, MA",-71.083977,42.386985,1,1,1,1,4,1,1,1,10,NA,,,,NA,NA,NA,NA,NA,NA,NA,NA,NA,NA,NA,NA,NA,NA,NA,0,0,1,NA,,Exterior wall of residence; fence,,0,NA,,,,,,,NA,NA,NA,NA,NA,NA,NA,NA,NA,NA,NA,NA,NA,NA,0,
2115,11/15/13 8:00,"157 Beacon St, Somerville, MA",-71.1072828,42.3793216,,,,,,,2,1,1,NA,97,1,,NA,NA,NA,NA,NA,NA,NA,NA,NA,NA,NA,NA,NA,NA,NA,1,0,0,10,2,,3,1,NA,0,,4,0,,,NA,NA,NA,NA,NA,NA,NA,NA,NA,NA,NA,NA,NA,NA,0,
2116,11/16/13 16:49,"Fellsway and Grand Union Blvd, Somerville, MA",-71.0845567,42.3976274,,,,,,,3,1,5,NA,1,1,,1,1,NA,NA,NA,NA,NA,NA,NA,NA,NA,NA,NA,NA,NA,0,0,0,NA,,,,1,NA,1,31,4,1,,,NA,NA,NA,NA,NA,NA,NA,NA,NA,NA,NA,NA,NA,NA,0,
2117,11/16/13 18:30,"Summer St and Cutter Ave, Somerville, MA",-71.1206131,42.3940936,1,1,3,3,4,2,3,1,14,17,1,1,,1,NA,NA,NA,NA,NA,NA,NA,NA,NA,NA,NA,NA,NA,NA,0,0,0,NA,,,,1,NA,1,57,3,1,,,NA,NA,NA,NA,NA,NA,NA,NA,NA,NA,NA,NA,NA,NA,0,
2118,11/18/13 7:58,"Broadway and Fellsway W, Somerville, MA",-71.0903539,42.390614,23,2,25,2,3,3,2,1,1,NA,2,99,,NA,NA,NA,NA,NA,NA,NA,NA,NA,NA,NA,NA,NA,NA,NA,0,0,0,NA,,,,0,NA,,,,,,,NA,NA,NA,NA,NA,NA,NA,NA,NA,NA,NA,NA,NA,NA,0,
2119,11/18/13 11:53,"176 Tremont St, Somerville, MA",-71.0957363,42.3751736,1,1,1,1,4,4,2,1,1,NA,,,,NA,NA,NA,NA,NA,NA,NA,NA,NA,NA,NA,NA,NA,NA,NA,0,0,0,NA,,,,0,NA,,,,,,,NA,NA,NA,NA,NA,NA,NA,NA,NA,NA,NA,NA,NA,NA,0,
2120,11/18/13 7:35,"181 Washington St, Somerville, MA",-71.0910397,42.3800532,23,2,1,1,2,3,1,NA,1,NA,,,,NA,NA,NA,NA,NA,NA,NA,NA,NA,NA,NA,NA,NA,NA,NA,1,0,0,4,2,,5a,1,NA,1,16,3,1,,,NA,NA,NA,NA,NA,NA,NA,NA,NA,NA,NA,NA,NA,NA,0,
2121,11/19/13 8:59,"605 Broadway, Somerville, MA",-71.108667,42.398939,1,1,1,1,2,2,2,1,1,NA,1,97,,NA,NA,NA,NA,NA,NA,NA,NA,NA,NA,NA,NA,NA,NA,NA,0,0,0,NA,,,,1,2,1,63,4,0,1,41,4,0,NA,NA,NA,NA,NA,NA,NA,NA,NA,NA,NA,NA,0,
2122,11/19/13 13:15,"Latin Way and Professor's Row, Somerville, MA",-71.1203151,42.4061406,2,1,2,3,1,3,1,2,NA,NA,,,,NA,NA,NA,NA,NA,NA,NA,NA,NA,NA,NA,NA,NA,NA,NA,1,0,0,4,2,,5a,1,NA,1,20,3,1,,,NA,NA,NA,NA,NA,NA,NA,NA,NA,NA,NA,NA,NA,NA,0,
2123,11/19/13 19:00,"Somerville Ave and Kent St, Somerville, MA",-71.1097087,42.3839475,1,1,1,3,,5,1,1,99,NA,,,,NA,NA,NA,NA,NA,NA,NA,NA,NA,NA,NA,NA,NA,NA,NA,1,0,0,4,2,,2,0,NA,,,,,,,NA,NA,NA,NA,NA,NA,NA,NA,NA,NA,NA,NA,NA,NA,0,
2124,11/20/13 7:26,"Farragut Ave and Hooker Ave, Somerville, MA",-71.1320764,42.4029427,1,1,2,3,1,3,2,1,3,NA,1,1,,NA,NA,NA,NA,NA,NA,NA,NA,NA,NA,NA,NA,NA,NA,NA,0,0,0,NA,,,,0,NA,,,,,,,NA,NA,NA,NA,NA,NA,NA,NA,NA,NA,NA,NA,NA,NA,0,
2125,11/21/13 13:07,"Prospect St and Somerville Ave, Somerville, MA",-71.0941078,42.3791063,1,1,3,2,1,4,2,2,1,NA,10,1,,NA,NA,NA,NA,NA,NA,NA,NA,NA,NA,NA,NA,NA,NA,NA,0,0,0,NA,,,,0,NA,,,,,,,NA,NA,NA,NA,NA,NA,NA,NA,NA,NA,NA,NA,NA,NA,0,
2126,11/21/13 13:07,"Broadway and McGrath Hwy, Somerville, MA",-71.0880963,42.3897397,1,1,3,2,2,3,1,2,NA,NA,,,,NA,NA,NA,NA,NA,NA,NA,NA,NA,NA,NA,NA,NA,NA,NA,0,1,0,1,1,Electric Wheelchair,5,1,NA,1,73,4,1,,,NA,NA,NA,NA,NA,NA,NA,NA,NA,NA,NA,NA,NA,NA,0,
2127,11/21/13 14:00,"Washington St and Florence St, Somerville, MA",-71.0830775,42.38179,1,1,1,1,1,1,1,2,1,NA,,,,NA,NA,NA,NA,NA,NA,NA,NA,NA,NA,NA,NA,NA,NA,NA,1,0,0,4,2,,6,1,NA,1,74,4,0,,,NA,NA,NA,NA,NA,NA,NA,NA,NA,NA,NA,NA,NA,NA,0,
2128,11/23/13 5:53,"Walnut St and Gilman St, Somerville, MA",-71.093397,42.3867133,1,1,1,3,4,2,4,1,10,NA,1,1,,1,1,NA,1,1,NA,NA,NA,NA,NA,NA,NA,NA,NA,NA,0,0,0,NA,,,,1,NA,0,28,2,1,,,NA,NA,NA,NA,NA,NA,NA,NA,NA,NA,NA,NA,NA,NA,0,
2129,11/23/13 19:58,"Medford St and Lowell St, Somerville, MA",-71.1036591,42.396406,1,1,3,3,1,2,2,NA,1,NA,,99,,NA,NA,NA,NA,NA,NA,NA,NA,NA,NA,NA,NA,NA,NA,NA,0,0,0,NA,,,,0,NA,,,,,,,NA,NA,NA,NA,NA,NA,NA,NA,NA,NA,NA,NA,NA,NA,0,
2130,11/24/13 12:55,"REVOLUTION DRIVE, Somerville, MA",-71.0808,42.3905269,1,1,1,3,3,3,2,1,4,NA,1,1,,NA,NA,NA,NA,NA,NA,NA,NA,NA,NA,NA,NA,NA,NA,NA,0,0,0,NA,,,,0,NA,,,,,,,NA,NA,NA,NA,NA,NA,NA,NA,NA,NA,NA,NA,NA,NA,0,
2131,11/24/13 22:24,"19 Adams St, Somerville, MA",-71.1006347,42.394016,1,1,1,1,4,4,3,1,99,NA,,1,,NA,NA,NA,NA,NA,NA,NA,NA,NA,NA,NA,NA,NA,NA,NA,0,0,0,NA,,,,0,NA,,,,,,,NA,NA,NA,NA,NA,NA,NA,NA,NA,NA,NA,NA,NA,NA,0,
2132,11/24/13 13:24,"30 College Ave, Somerville, MA",-71.1220665,42.3974028,1,1,1,1,1,4,1,2,1,NA,,,,NA,NA,NA,NA,NA,NA,NA,NA,NA,NA,NA,NA,NA,NA,NA,1,0,0,4,2,,3,0,NA,,,,,,,NA,NA,NA,NA,NA,NA,NA,NA,NA,NA,NA,NA,NA,NA,0,
2133,11/25/13 6:03,"Highland Ave and Walnut St, Somerville, MA",-71.0941672,42.3851419,1,1,3,2,1,5,2,1,1,NA,2,3,,NA,NA,NA,NA,NA,NA,NA,NA,NA,NA,NA,NA,NA,NA,NA,0,0,0,NA,,,,0,NA,,,,,,,NA,NA,NA,NA,NA,NA,NA,NA,NA,NA,NA,NA,NA,NA,0,
2134,11/25/13 7:45,"Banks St and Elm St, Somerville, MA",-71.1183216,42.3909161,1,1,2,3,4,4,2,6,NA,NA,1,,,NA,NA,NA,NA,NA,NA,NA,NA,NA,NA,NA,NA,NA,NA,NA,0,0,0,NA,,,,0,NA,,,,,,,NA,NA,NA,NA,NA,NA,NA,NA,NA,NA,NA,NA,NA,NA,1,
2135,11/25/13 9:00,"Curtis St and Curtis Ave, Somerville, MA",-71.1245225,42.4074307,1,1,2,3,1,3,2,6,1,NA,2,1,,NA,NA,NA,NA,NA,NA,NA,NA,NA,NA,NA,NA,NA,NA,NA,0,0,0,NA,,,,0,NA,,,,,,,NA,NA,NA,NA,NA,NA,NA,NA,NA,NA,NA,NA,NA,NA,1,
2136,11/25/13 9:02,"Broadway and Main St, Somerville, MA",-71.0975984,42.3947314,1,1,3,2,2,2,2,2,99,NA,1,1,,NA,NA,NA,NA,NA,NA,NA,NA,NA,NA,NA,NA,NA,NA,NA,0,0,0,NA,,,,0,NA,,,,,,,NA,NA,NA,NA,NA,NA,NA,NA,NA,NA,NA,NA,NA,NA,0,
2137,11/25/13 11:48,"Broadway and Cross St, Somerville, MA",-71.0859942,42.3886405,1,1,3,2,3,2,2,1,24,NA,2,99,,NA,NA,NA,NA,NA,NA,NA,NA,NA,NA,NA,NA,NA,NA,NA,0,0,0,NA,,,,1,4,0,87,4,0,1,43,4,0,1,51,4,0,1,44,4,0,NA,NA,NA,NA,0,
2138,11/25/13 12:00,"Powder House Blvd and Powder House Rotary, Somerville, MA",-71.0994968,42.3875968,2,1,3,7,1,3,2,NA,4,NA,,1,,NA,NA,NA,NA,NA,NA,NA,NA,NA,NA,NA,NA,NA,NA,NA,0,0,0,NA,,,,1,NA,1,67,4,1,,,NA,NA,NA,NA,NA,NA,NA,NA,NA,NA,NA,NA,NA,NA,0,
2139,11/25/13 20:13,"Myrtle St and McGrath Hwy, Somerville, MA",-71.0902338,42.3820569,1,1,3,4,1,4,2,1,1,NA,2,10,9,NA,NA,NA,NA,NA,NA,NA,NA,NA,NA,NA,NA,NA,NA,NA,0,0,0,NA,,,,0,NA,,,,,,,NA,NA,NA,NA,NA,NA,NA,NA,NA,NA,NA,NA,NA,NA,0,
2140,11/25/13 22:46,"Elm St and Cedar St, Somerville, MA",-71.115425,42.3879583,1,1,3,2,1,2,2,2,19,10,1,1,,NA,NA,NA,NA,NA,NA,NA,NA,NA,NA,NA,NA,NA,NA,NA,0,0,0,NA,,,,0,NA,,,,,,,NA,NA,NA,NA,NA,NA,NA,NA,NA,NA,NA,NA,NA,NA,0,
2141,11/26/13 10:00,"Broadway and Packard Ave, Somerville, MA",-71.1249528,42.4022912,,,,,,,2,1,1,NA,2,1,,NA,NA,NA,NA,NA,NA,NA,NA,NA,NA,NA,NA,NA,NA,NA,0,0,0,NA,,,,1,3,1,61,3,1,0,56,3,1,0,79,3,1,NA,NA,NA,NA,NA,NA,NA,NA,0,
2142,11/27/13 14:20,"Harding St and South St, Somerville, MA",-71.0902116,42.3743491,3,2,2,3,4,3,2,1,1,NA,1,4,3,NA,NA,NA,NA,NA,NA,NA,NA,NA,NA,NA,NA,NA,NA,NA,0,0,0,NA,,,,1,NA,0,67,3,1,,,NA,NA,NA,NA,NA,NA,NA,NA,NA,NA,NA,NA,NA,NA,0,
2143,11/28/13 0:42,"Boston Ave and Broadway, Somerville, MA",-71.111491,42.399676,2,1,3,1,1,1,2,1,NA,NA,1,,,NA,NA,NA,NA,NA,NA,NA,NA,NA,NA,NA,NA,NA,NA,NA,0,0,0,NA,,,,1,NA,0,36,4,1,,,NA,NA,NA,NA,NA,NA,NA,NA,NA,NA,NA,NA,NA,NA,0,
2144,11/28/13 23:09,"Laurel St and Laurel Terr, Somerville, MA",-71.1045497,42.3842459,1,1,1,3,4,2,3,1,1,NA,2,1,,1,1,NA,NA,NA,NA,NA,NA,NA,NA,NA,NA,NA,NA,NA,0,0,0,NA,,,,0,NA,,,,,,,NA,NA,NA,NA,NA,NA,NA,NA,NA,NA,NA,NA,NA,NA,0,
2145,11/28/13 13:05,"25 Illinois Ave, Somerville, MA",-71.0826761,42.3882786,1,1,1,1,4,3,1,NA,1,NA,,,,NA,NA,NA,NA,NA,NA,NA,NA,NA,NA,NA,NA,NA,NA,NA,0,1,0,4,1,,5,1,NA,1,9,2,1,,,NA,NA,NA,NA,NA,NA,NA,NA,NA,NA,NA,NA,NA,NA,0,
2146,11/29/13 22:28,"Temple St and Broadway, Somerville, MA",-71.0934064,42.3925566,1,1,3,3,2,2,2,1,1,NA,1,14,,NA,NA,NA,NA,NA,NA,NA,NA,NA,NA,NA,NA,NA,NA,NA,0,0,0,NA,,,,0,NA,,,,,,,NA,NA,NA,NA,NA,NA,NA,NA,NA,NA,NA,NA,NA,NA,0,
2147,11/30/13 1:48,"28 Burnham St, Somerville, MA",-71.1213523,42.4022535,1,1,1,1,1,5,2,2,20,NA,2,1,,NA,NA,NA,NA,NA,NA,NA,NA,NA,NA,NA,NA,NA,NA,NA,0,0,0,NA,,,,0,NA,,,,,,,NA,NA,NA,NA,NA,NA,NA,NA,NA,NA,NA,NA,NA,NA,0,
2148,12/1/13 9:09,"Broadway and Warner St, Somerville, MA",-71.116275,42.401082,2,2,4,7,4,3,2,2,4,NA,2,99,,NA,NA,NA,NA,NA,NA,NA,NA,NA,NA,NA,NA,NA,NA,NA,0,0,0,NA,,,,1,5,0,56,4,1,0,65,4,1,0,57,4,1,0,68,4,1,0,3,4,1,0,Powder House Rotary
2149,12/1/13 16:32,"83 Cross St, Somerville, MA",-71.088464,42.385297,3,2,1,1,1,99,1,1,1,NA,,,,NA,NA,NA,NA,NA,NA,NA,NA,NA,NA,NA,NA,NA,NA,NA,0,0,0,NA,,,,0,NA,,,,,,,NA,NA,NA,NA,NA,NA,NA,NA,NA,NA,NA,NA,NA,NA,0,
2150,12/3/13 8:24,"Pearson Rd and Warner St, Somerville, MA",-71.1150872,42.4020669,2,1,2,2,1,3,2,1,4,NA,1,1,,NA,NA,NA,NA,NA,NA,NA,NA,NA,NA,NA,NA,NA,NA,NA,0,0,0,NA,,,,0,NA,,,,,,,NA,NA,NA,NA,NA,NA,NA,NA,NA,NA,NA,NA,NA,NA,0,
2151,12/3/13 11:01,"Lombardi St and Mystic Ave, Somerville, MA",-71.0776432,42.3869834,,,,,,,2,NA,1,NA,1,4,,NA,NA,NA,NA,NA,NA,NA,NA,NA,NA,NA,NA,NA,NA,NA,0,0,0,NA,,,,1,NA,0,67,99,1,,,NA,NA,NA,NA,NA,NA,NA,NA,NA,NA,NA,NA,NA,NA,0,
2152,12/3/13 18:36,"Holland St and Buena Vista Rd, Somerville, MA",-71.1239122,42.3982181,1,1,1,3,1,2,4,3,1,NA,1,1,,1,1,NA,1,22,NA,NA,NA,NA,NA,NA,NA,NA,NA,NA,0,0,1,NA,,Motorcycle,,1,NA,0,29,4,1,,,NA,NA,NA,NA,NA,NA,NA,NA,NA,NA,NA,NA,NA,NA,0,
2153,12/4/13 16:56,"30 Washington St, Somerville, MA",-71.0820238,42.3813271,,,,,,,3,1,5,NA,2,1,,1,1,NA,NA,NA,NA,NA,NA,NA,NA,NA,NA,NA,NA,NA,0,0,0,NA,,,,1,3,0,95,4,1,1,46,4,0,0,37,4,0,NA,NA,NA,NA,NA,NA,NA,NA,0,
2154,12/5/13 9:45,"Washington St and Webster Ave, Somerville, MA",-71.0964021,42.3796323,2,1,3,2,2,3,2,1,99,NA,2,99,,NA,NA,NA,NA,NA,NA,NA,NA,NA,NA,NA,NA,NA,NA,NA,0,0,0,NA,,,,0,NA,,,,,,,NA,NA,NA,NA,NA,NA,NA,NA,NA,NA,NA,NA,NA,NA,0,
2155,12/6/13 23:46,"Highland Ave and Walnut St, Somerville, MA",-71.0941672,42.3851419,5,2,3,3,1,3,2,2,1,NA,2,4,,NA,NA,NA,NA,NA,NA,NA,NA,NA,NA,NA,NA,NA,NA,NA,0,0,0,NA,,,,1,NA,1,59,3,0,,,NA,NA,NA,NA,NA,NA,NA,NA,NA,NA,NA,NA,NA,NA,0,
2156,12/7/13 1:52,"380 Washington St, Somerville, MA",-71.1046033,42.3785049,5,2,3,2,1,,4,1,7,NA,2,1,,1,1,NA,1,1,NA,NA,NA,NA,NA,NA,NA,NA,NA,NA,0,0,0,NA,,,,0,NA,,,,,,,NA,NA,NA,NA,NA,NA,NA,NA,NA,NA,NA,NA,NA,NA,0,
2157,12/8/13 15:35,"Lowell St and Hudson St, Somerville, MA",-71.1075438,42.3908061,1,1,2,2,1,3,2,1,1,NA,1,3,4,NA,NA,NA,NA,NA,NA,NA,NA,NA,NA,NA,NA,NA,NA,NA,0,0,0,NA,,,,0,NA,,,,,,,NA,NA,NA,NA,NA,NA,NA,NA,NA,NA,NA,NA,NA,NA,0,
2158,12/8/13 22:00,"Oliver St and Cross St, Somerville, MA",-71.0891001,42.3842254,1,1,2,3,4,3,2,6,1,NA,1,1,,NA,NA,NA,NA,NA,NA,NA,NA,NA,NA,NA,NA,NA,NA,NA,0,0,0,NA,,,,0,NA,,,,,,,NA,NA,NA,NA,NA,NA,NA,NA,NA,NA,NA,NA,NA,NA,1,
2159,12/8/13 16:27,"278 Elm St, Somerville, MA",-71.1225189,42.3959728,2,1,1,1,4,1,1,1,10,19,,,,NA,NA,NA,NA,NA,NA,NA,NA,NA,NA,NA,NA,NA,NA,NA,0,1,0,4,5,,7,1,NA,0,65,3,1,,,NA,NA,NA,NA,NA,NA,NA,NA,NA,NA,NA,NA,NA,NA,0,
2160,12/9/13 13:43,"60 Franklin St, Somerville, MA",-71.084905,42.383158,23,2,2,3,4,99,1,NA,NA,NA,,,,NA,NA,NA,NA,NA,NA,NA,NA,NA,NA,NA,NA,NA,NA,NA,0,0,1,NA,,Fence,,0,NA,,,,,,,NA,NA,NA,NA,NA,NA,NA,NA,NA,NA,NA,NA,NA,NA,0,
2161,12/9/13 14:23,"Albion St and Lowell St, Somerville, MA",-71.1071395,42.3913877,25,2,2,3,1,4,2,2,99,NA,2,99,,NA,NA,NA,NA,NA,NA,NA,NA,NA,NA,NA,NA,NA,NA,NA,0,0,0,NA,,,,0,NA,,,,,,,NA,NA,NA,NA,NA,NA,NA,NA,NA,NA,NA,NA,NA,NA,0,
2162,12/9/13 19:09,"324 Washington St, Somerville, MA",-71.1011851,42.3792554,23,2,1,1,1,2,2,1,5,NA,1,99,,NA,NA,NA,NA,NA,NA,NA,NA,NA,NA,NA,NA,NA,NA,NA,0,0,0,NA,,,,0,NA,,,,,,,NA,NA,NA,NA,NA,NA,NA,NA,NA,NA,NA,NA,NA,NA,0,
2163,12/9/13 19:11,"Webster Ave and Prospect St, Somerville, MA",-71.0955943,42.376968,,,,,,,2,1,1,NA,1,5,,NA,NA,NA,NA,NA,NA,NA,NA,NA,NA,NA,NA,NA,NA,NA,0,0,0,NA,,,,0,NA,,,,,,,NA,NA,NA,NA,NA,NA,NA,NA,NA,NA,NA,NA,NA,NA,0,
2164,12/10/13 16:36,"Washington St and Columbus Ave, Somerville, MA",-71.0930682,42.3795065,2,2,2,3,1,3,3,1,4,NA,1,97,,2,NA,NA,NA,NA,NA,NA,NA,NA,NA,NA,NA,NA,NA,NA,0,0,0,NA,,,,1,2,1,37,3,1,1,28,3,1,NA,NA,NA,NA,NA,NA,NA,NA,NA,NA,NA,NA,0,
2165,12/10/13 17:50,"Walnut St and Pearl St, Somerville, MA",-71.0931605,42.3873566,97,2,2,3,2,99,2,1,1,NA,1,3,,NA,NA,NA,NA,NA,NA,NA,NA,NA,NA,NA,NA,NA,NA,NA,0,0,0,NA,,,,0,NA,,,,,,,NA,NA,NA,NA,NA,NA,NA,NA,NA,NA,NA,NA,NA,NA,0,
2166,12/10/13 19:13,"Washington St and New Washington St, Somerville, MA",-71.0870816,42.3811086,97,2,99,1,99,2,2,1,1,NA,1,5,,NA,NA,NA,NA,NA,NA,NA,NA,NA,NA,NA,NA,NA,NA,NA,0,0,0,NA,,,,0,NA,,,,,,,NA,NA,NA,NA,NA,NA,NA,NA,NA,NA,NA,NA,NA,NA,0,
2167,12/10/13 20:52,"Mystic Ave and Sturtevant St, Somerville, MA",-71.0786792,42.3891855,2,2,3,3,4,3,2,2,99,NA,1,99,,NA,NA,NA,NA,NA,NA,NA,NA,NA,NA,NA,NA,NA,NA,NA,0,0,0,NA,,,,0,NA,,,,,,,NA,NA,NA,NA,NA,NA,NA,NA,NA,NA,NA,NA,NA,NA,0,
2168,12/11/13 8:00,"Powder House Blvd and Harden Rd, Somerville, MA",-71.0994968,42.3875968,1,1,2,3,2,3,2,2,4,NA,1,1,,NA,NA,NA,NA,NA,NA,NA,NA,NA,NA,NA,NA,NA,NA,NA,0,0,0,NA,,,,0,NA,,,,,,,NA,NA,NA,NA,NA,NA,NA,NA,NA,NA,NA,NA,NA,NA,0,
2169,12/11/13 8:12,"Highland Ave and Lowell St, Somerville, MA",-71.1079523,42.3902029,1,5,3,2,1,3,2,1,99,NA,6,1,,NA,NA,NA,NA,NA,NA,NA,NA,NA,NA,NA,NA,NA,NA,NA,0,0,0,NA,,,,0,NA,,,,,,,NA,NA,NA,NA,NA,NA,NA,NA,NA,NA,NA,NA,NA,NA,0,
2170,12/11/13 10:42,"Propsect St and Bennett St, Somerville, MA",-71.0948423,42.378024,1,1,1,3,4,3,2,1,1,NA,8,1,,NA,NA,NA,NA,NA,NA,NA,NA,NA,NA,NA,NA,NA,NA,NA,0,0,0,NA,,,,0,NA,,,,,,,NA,NA,NA,NA,NA,NA,NA,NA,NA,NA,NA,NA,NA,NA,0,