id,date_time,address,lon,lat,Weather,road_surface,traffic_control_device,intersection_type,traffic_way_desc,collision_manner,num_involved_vehicles,vehicle1_configuration,driver1_contrib1,driver1_contrib2,vehicle2_configuration,driver2_contrib1,driver2_contrib2,vehicle3_configuration,driver3_contrib1,driver3_contrib2,vehicle4_configuration,driver4_contrib1,driver4_contrib2,vehicle5_configuration,driver5_contrib1,driver5_contrib2,vehicle6_configuration,driver6_contrib1,driver6_contrib2,vehicle7_configuration,driver7_contrib1,driver7_contrib2,Bicycle,Pedestrian,non_mv,non_motorist_location,non_motorist_action,non_motorist_type,manner_of_non_motorist_collision,Injury,Multiple,Gender1,Age1,Severity1,Hospital1,Gender2,Age2,Severity2,Hospital2,Gender3,Age3,Severity3,Hospital3,Gender4,Age4,Severity4,Hospital4,Gender5,Age5,Severity5,Hospital5,city_vehicle,Notes
2171,12/11/13 11:21,"72 Cross St, Somerville, MA",-71.0877491,42.3855242,197,4,1,1,1,4,1,1,1,NA,,,,NA,NA,NA,NA,NA,NA,NA,NA,NA,NA,NA,NA,NA,NA,NA,0,0,0,NA,,,,0,NA,,,,,,,NA,NA,NA,NA,NA,NA,NA,NA,NA,NA,NA,NA,NA,NA,0,
2172,12/12/13 1:30,"Liberty Ave and Broadway, Somerville, MA",-71.1150914,42.4008846,1,1,2,3,1,4,2,2,1,NA,1,1,,1,NA,NA,NA,NA,NA,NA,NA,NA,NA,NA,NA,NA,NA,NA,0,0,0,NA,,,,0,NA,,,,,,,NA,NA,NA,NA,NA,NA,NA,NA,NA,NA,NA,NA,NA,NA,0,
2173,12/12/13 16:15,"Summer St and Benton Rd, Somerville, MA",-71.106865,42.3866442,1,1,2,2,1,3,2,2,1,NA,1,19,10,NA,NA,NA,NA,NA,NA,NA,NA,NA,NA,NA,NA,NA,NA,NA,0,0,0,NA,,,,0,NA,,,,,,,NA,NA,NA,NA,NA,NA,NA,NA,NA,NA,NA,NA,NA,NA,0,
2174,12/12/13 17:19,"Highland Ave and Benton Rd, Somerville, MA",-71.1052291,42.3890287,1,1,2,2,1,3,2,1,99,NA,1,99,,NA,NA,NA,NA,NA,NA,NA,NA,NA,NA,NA,NA,NA,NA,NA,0,0,0,NA,,,,0,NA,,,,,,,NA,NA,NA,NA,NA,NA,NA,NA,NA,NA,NA,NA,NA,NA,0,
2175,12/12/13 7:32,"Somerville Ave and Lowell St, Somerville, MA",-71.1118757,42.3845931,1,1,3,3,1,3,1,1,13,NA,,,,NA,NA,NA,NA,NA,NA,NA,NA,NA,NA,NA,NA,NA,NA,NA,0,1,0,1,1,,5,1,NA,1,48,4,1,,,NA,NA,NA,NA,NA,NA,NA,NA,NA,NA,NA,NA,NA,NA,0,
2176,12/13/13 0:56,"North St and Gordon St, Somerville, MA",-71.127434,42.411748,1,1,,1,1,1,3,1,99,NA,1,1,,1,3,NA,NA,NA,NA,NA,NA,NA,NA,NA,NA,NA,NA,NA,0,0,0,NA,,,,0,NA,,,,,,,NA,NA,NA,NA,NA,NA,NA,NA,NA,NA,NA,NA,NA,NA,0,
2177,12/13/13 8:30,"Newton St and Webster Ave, Somerville, MA",-71.095842,42.3778737,1,1,1,3,4,1,2,1,1,NA,1,1,,NA,NA,NA,NA,NA,NA,NA,NA,NA,NA,NA,NA,NA,NA,NA,0,0,0,NA,,,,0,NA,,,,,,,NA,NA,NA,NA,NA,NA,NA,NA,NA,NA,NA,NA,NA,NA,0,
2178,12/13/13 17:34,"Washington St and New Washington St, Somerville, MA",-71.0870816,42.3811086,1,1,5,3,1,1,1,NA,3,4,,,,NA,NA,NA,NA,NA,NA,NA,NA,NA,NA,NA,NA,NA,NA,NA,0,1,0,1,1,,5,1,NA,0,39,2,1,,,NA,NA,NA,NA,NA,NA,NA,NA,NA,NA,NA,NA,NA,NA,0,
2179,12/17/13 12:15,"North St and Hamilton Rd, Somerville, MA",-71.1306561,42.4068163,4,4,2,3,1,3,2,1,99,NA,1,1,,NA,NA,NA,NA,NA,NA,NA,NA,NA,NA,NA,NA,NA,NA,NA,0,0,0,NA,,,,0,NA,,,,,,,NA,NA,NA,NA,NA,NA,NA,NA,NA,NA,NA,NA,NA,NA,0,
2180,12/17/13 13:20,"91 Highland Ave, Somerville, MA",-71.098537,42.386787,4,2,1,9,1,3,2,2,99,NA,2,99,,NA,NA,NA,NA,NA,NA,NA,NA,NA,NA,NA,NA,NA,NA,NA,0,0,0,NA,,,,0,NA,,,,,,,NA,NA,NA,NA,NA,NA,NA,NA,NA,NA,NA,NA,NA,NA,0,
2181,12/17/13 21:45,"106 Governor Winthrop Rd, Somerville, MA",-71.0891298,42.3974304,48,3,1,1,4,4,2,6,1,NA,1,1,,NA,NA,NA,NA,NA,NA,NA,NA,NA,NA,NA,NA,NA,NA,NA,0,0,0,NA,,,,0,NA,,,,,,,NA,NA,NA,NA,NA,NA,NA,NA,NA,NA,NA,NA,NA,NA,1,
2182,12/17/13 22:09,"50 Bartlett St, Somerville, MA",-71.1023968,42.393674,4,3,1,1,4,4,2,1,1,NA,6,6,,NA,NA,NA,NA,NA,NA,NA,NA,NA,NA,NA,NA,NA,NA,NA,0,0,0,NA,,,,0,NA,,,,,,,NA,NA,NA,NA,NA,NA,NA,NA,NA,NA,NA,NA,NA,NA,1,
2183,12/17/13 8:25,"211 Pearl St, Somerville, MA",-71.0929628,42.3874701,12,1,1,1,1,4,2,1,10,NA,2,1,,NA,NA,NA,NA,NA,NA,NA,NA,NA,NA,NA,NA,NA,NA,NA,0,1,0,NA,,,,1,NA,1,66,4,1,,,NA,NA,NA,NA,NA,NA,NA,NA,NA,NA,NA,NA,NA,NA,0,
2184,12/18/13 17:39,"10 Cross St East, Somerville, MA",-71.0858201,42.3891746,1,3,1,1,1,5,2,2,1,NA,1,1,,NA,NA,NA,NA,NA,NA,NA,NA,NA,NA,NA,NA,NA,NA,NA,0,0,0,NA,,,,0,NA,,,,,,,NA,NA,NA,NA,NA,NA,NA,NA,NA,NA,NA,NA,NA,NA,1,
2185,12/20/13 1:30,"354 Somerville Ave, Somerville, MA",-71.0987615,42.3808988,1,2,1,1,4,1,2,1,99,NA,,,,NA,NA,NA,NA,NA,NA,NA,NA,NA,NA,NA,NA,NA,NA,NA,0,0,0,NA,,,,0,NA,,,,,,,NA,NA,NA,NA,NA,NA,NA,NA,NA,NA,NA,NA,NA,NA,0,
2186,12/20/13 19:23,"Pearl St and Marshall St, Somerville, MA",-71.0957494,42.3881671,2,2,2,3,1,3,2,2,1,NA,2,3,,NA,NA,NA,NA,NA,NA,NA,NA,NA,NA,NA,NA,NA,NA,NA,0,0,0,NA,,,,0,NA,,,,,,,NA,NA,NA,NA,NA,NA,NA,NA,NA,NA,NA,NA,NA,NA,0,
2187,12/20/13 9:27,"Highland Ave and Central St, Somerville, MA",-71.1034359,42.3884241,1,3,3,2,,,1,NA,1,NA,,,,NA,NA,NA,NA,NA,NA,NA,NA,NA,NA,NA,NA,NA,NA,NA,0,1,0,1,1,,5,1,NA,1,90,2,1,,,NA,NA,NA,NA,NA,NA,NA,NA,NA,NA,NA,NA,NA,NA,0,
2188,12/22/13 2:51,"130 Walnut St, Somerville, MA",-71.092921,42.388405,1,2,1,1,4,3,2,1,99,NA,1,1,,NA,NA,NA,NA,NA,NA,NA,NA,NA,NA,NA,NA,NA,NA,NA,0,0,0,NA,,,,0,NA,,,,,,,NA,NA,NA,NA,NA,NA,NA,NA,NA,NA,NA,NA,NA,NA,0,
2189,12/23/13 17:00,"Cedar St and Hudson St, Somerville, MA",-71.1120002,42.3927629,1,1,,,1,,1,1,19,NA,,,,NA,NA,NA,NA,NA,NA,NA,NA,NA,NA,NA,NA,NA,NA,NA,0,1,0,4,1,,2,1,NA,0,35,4,1,,,NA,NA,NA,NA,NA,NA,NA,NA,NA,NA,NA,NA,NA,NA,0,
2190,12/28/13 14:00,"Grant St and Sewall St, Somerville, MA",-71.0907762,42.3923482,1,1,2,3,4,3,2,1,1,NA,2,3,4,NA,NA,NA,NA,NA,NA,NA,NA,NA,NA,NA,NA,NA,NA,NA,0,0,0,NA,,,,0,NA,,,,,,,NA,NA,NA,NA,NA,NA,NA,NA,NA,NA,NA,NA,NA,NA,0,
2191,12/28/13 15:00,"186 Lowell St, Somerville, MA",-71.1079264,42.3904391,1,1,1,1,1,4,2,1,1,NA,1,4,,NA,NA,NA,NA,NA,NA,NA,NA,NA,NA,NA,NA,NA,NA,NA,0,0,0,NA,,,,0,NA,,,,,,,NA,NA,NA,NA,NA,NA,NA,NA,NA,NA,NA,NA,NA,NA,0,
2192,12/29/13 17:10,"Highland Ave and Medford St, Somerville, MA",-71.0926238,42.3845416,,,,,,,2,1,1,NA,2,,,NA,NA,NA,NA,NA,NA,NA,NA,NA,NA,NA,NA,NA,NA,NA,0,0,0,NA,,,,0,NA,,,,,,,NA,NA,NA,NA,NA,NA,NA,NA,NA,NA,NA,NA,NA,NA,0,
2193,12/30/13 12:30,"BROADWAY and MCGRATH HIGHWAY, Somerville, MA",-71.0880963,42.3897397,1,1,3,2,3,3,2,1,1,NA,1,1,,NA,NA,NA,NA,NA,NA,NA,NA,NA,NA,NA,NA,NA,NA,NA,0,0,0,NA,,,,0,NA,,,,,,,NA,NA,NA,NA,NA,NA,NA,NA,NA,NA,NA,NA,NA,NA,1,
2194,1/2/14 9:20,"Cross Street and Flint Street, Somerville, MA",-71.0885192,42.3848417,4,3,1,2,1,1,2,2,11,NA,2,11,,NA,NA,NA,NA,NA,NA,NA,NA,NA,NA,NA,NA,NA,NA,NA,0,0,0,0,0,,,0,NA,,,,,,,NA,NA,NA,NA,NA,NA,NA,NA,NA,NA,NA,NA,NA,NA,0,
2195,1/4/14 16:07,"Blakely Ave and McGrath Hwy, Somerville, MA",-71.087013,42.391042,1,23,3,3,23,3,2,1,99,NA,2,99,,NA,NA,NA,NA,NA,NA,NA,NA,NA,NA,NA,NA,NA,NA,NA,0,0,0,0,0,,,0,NA,,,,,,,NA,NA,NA,NA,NA,NA,NA,NA,NA,NA,NA,NA,NA,NA,0,
2196,1/7/14 8:45,"Pearl Street and Walnut Street, Somerville, MA",-71.0931605,42.3873566,2,99,3,2,1,6,2,1,3,NA,2,1,,NA,NA,NA,NA,NA,NA,NA,NA,NA,NA,NA,NA,NA,NA,NA,0,0,1,0,0,Traffic Light,,1,2,1,19,4,1,0,39,4,0,NA,NA,NA,NA,NA,NA,NA,NA,NA,NA,NA,NA,0,Collided with traffic light after being struck 
2197,1/7/14 23:30,"76 Thurston Street, Somerville, MA",-71.097062,42.392506,1,4,1,1,4,4,2,13,1,NA,1,,,NA,NA,NA,NA,NA,NA,NA,NA,NA,NA,NA,NA,NA,NA,NA,0,0,0,0,0,,,0,NA,,,,,,,NA,NA,NA,NA,NA,NA,NA,NA,NA,NA,NA,NA,NA,NA,1,Fire truck struck parked MV responding to alarm
2198,1/8/14 8:00,"Lowell Street and Albion Street, Somerville, MA",-71.1071395,42.3913877,1,1,2,2,1,3,2,1,4,NA,2,1,,NA,NA,NA,NA,NA,NA,NA,NA,NA,NA,NA,NA,NA,NA,NA,0,0,0,0,0,,,0,NA,,,,,,,NA,NA,NA,NA,NA,NA,NA,NA,NA,NA,NA,NA,NA,NA,0,
2199,1/8/14 15:37,"Washington Street and Mansfield Street, Somerville, MA",-71.0906664,42.3798839,1,1,1,3,1,3,3,2,1,NA,2,1,,1,3,4,NA,NA,NA,NA,NA,NA,NA,NA,NA,NA,NA,NA,0,0,0,0,0,,,0,NA,,,,,,,NA,NA,NA,NA,NA,NA,NA,NA,NA,NA,NA,NA,NA,NA,0,
2200,1/9/14 19:02,"250 Elm Street, Somerville, MA",-71.1222737,42.3954169,99,99,1,1,99,3,2,1,4,NA,13,1,,NA,NA,NA,NA,NA,NA,NA,NA,NA,NA,NA,NA,NA,NA,NA,0,0,0,0,0,,,0,NA,,,,,,,NA,NA,NA,NA,NA,NA,NA,NA,NA,NA,NA,NA,NA,NA,1,MV changed lanes into DPW MV
2201,1/10/14 5:35,"7 Washington Street, Somerville, MA",-71.08145,42.382388,1,1,1,1,2,6,1,2,1,NA,,8,9,NA,NA,NA,NA,NA,NA,NA,NA,NA,NA,NA,NA,NA,NA,NA,1,0,0,10,2,,6,1,NA,1,36,3,1,,,NA,NA,NA,NA,NA,NA,NA,NA,NA,NA,NA,NA,NA,NA,0,
2202,1/11/14 0:27,"51 Tufts St, Somerville, MA",-71.0890697,42.3828821,,,,,,,NA,NA,NA,NA,,,,NA,NA,NA,NA,NA,NA,NA,NA,NA,NA,NA,NA,NA,NA,NA,0,0,0,0,0,,,0,NA,,,,,,,NA,NA,NA,NA,NA,NA,NA,NA,NA,NA,NA,NA,NA,NA,0,14001153
2203,1/13/14 9:45,"Cedar Street and Franey Road, Somerville, MA",-71.1085009,42.3977226,1,1,1,3,1,3,2,2,1,NA,1,4,,NA,NA,NA,NA,NA,NA,NA,NA,NA,NA,NA,NA,NA,NA,NA,0,0,0,0,0,,,0,NA,,,,,,,NA,NA,NA,NA,NA,NA,NA,NA,NA,NA,NA,NA,NA,NA,0,
2204,1/13/14 12:29,"Grant Street and Broadway, Somerville, MA",-71.0917969,42.3915907,1,1,2,1,4,1,1,1,11,NA,,,,NA,NA,NA,NA,NA,NA,NA,NA,NA,NA,NA,NA,NA,NA,NA,0,0,1,0,0,Tree,,0,NA,,,,,,,NA,NA,NA,NA,NA,NA,NA,NA,NA,NA,NA,NA,NA,NA,0,
2205,1/14/14 9:30,"727 Somerville Ave, Somerville, MA",-71.1146465,42.3863138,3,2,1,1,,3,2,1,1,NA,2,1,,NA,NA,NA,NA,NA,NA,NA,NA,NA,NA,NA,NA,NA,NA,NA,0,0,0,0,0,,,0,NA,,,,,,,NA,NA,NA,NA,NA,NA,NA,NA,NA,NA,NA,NA,NA,NA,0,
2206,1/15/14 9:46,"Medford St and Warren St, Somerville, MA",-71.0876474,42.3737985,1,1,2,3,1,3,2,1,1,NA,1,4,3,NA,NA,NA,NA,NA,NA,NA,NA,NA,NA,NA,NA,NA,NA,NA,0,0,0,0,0,,,0,NA,,,,,,,NA,NA,NA,NA,NA,NA,NA,NA,NA,NA,NA,NA,NA,NA,0,
2207,1/16/14 8:00,"Central St and Forster St, Somerville, MA",-71.0998751,42.3934793,99,99,2,3,99,3,2,1,4,NA,1,1,,NA,NA,NA,NA,NA,NA,NA,NA,NA,NA,NA,NA,NA,NA,NA,0,0,0,0,0,,,0,NA,,,,,,,NA,NA,NA,NA,NA,NA,NA,NA,NA,NA,NA,NA,NA,NA,0,
2208,1/16/14 12:04,"14 McGrath Hwy, Somerville, MA",-71.0850044,42.3743491,2,2,1,1,1,1,1,2,3,NA,,,,NA,NA,NA,NA,NA,NA,NA,NA,NA,NA,NA,NA,NA,NA,NA,0,1,0,1,1,,5,0,NA,,,,,,,NA,NA,NA,NA,NA,NA,NA,NA,NA,NA,NA,NA,NA,NA,0,
2209,1/17/14 8:21,"56 Beacon St, Somerville, MA",-71.103773,42.375817,1,1,1,1,2,1,3,1,10,NA,1,,,1,1,1,NA,NA,NA,NA,NA,NA,NA,NA,NA,NA,NA,NA,0,0,0,0,0,,,1,NA,0,29,4,1,,,NA,NA,NA,NA,NA,NA,NA,NA,NA,NA,NA,NA,NA,NA,0,
2210,1/17/14 9:27,"Broadway and Bay State Ave, Somerville, MA",-71.1143386,42.4006346,1,1,1,3,1,3,2,2,8,NA,1,1,,NA,NA,NA,NA,NA,NA,NA,NA,NA,NA,NA,NA,NA,NA,NA,0,0,0,0,0,,,0,NA,,,,,,,NA,NA,NA,NA,NA,NA,NA,NA,NA,NA,NA,NA,NA,NA,0,
2211,1/20/14 16:35,"Elm St and Beech St, Somerville, MA",-71.1190479,42.3915262,1,1,1,2,1,2,2,1,5,NA,2,1,,NA,NA,NA,NA,NA,NA,NA,NA,NA,NA,NA,NA,NA,NA,NA,0,0,0,0,0,,,0,NA,,,,,,,NA,NA,NA,NA,NA,NA,NA,NA,NA,NA,NA,NA,NA,NA,0,
2212,1/21/14 8:19,"Medford St and Walnut St, Somerville, MA",-71.0937489,42.3857992,2,1,3,2,1,2,2,1,19,NA,2,1,,NA,NA,NA,NA,NA,NA,NA,NA,NA,NA,NA,NA,NA,NA,NA,0,0,0,0,0,,,0,NA,,,,,,,NA,NA,NA,NA,NA,NA,NA,NA,NA,NA,NA,NA,NA,NA,0,
2213,1/21/14 12:53,"Cross St and Brooks St, Somerville, MA",-71.0866999,42.3874834,2,1,1,3,1,2,2,2,9,NA,2,1,,NA,NA,NA,NA,NA,NA,NA,NA,NA,NA,NA,NA,NA,NA,NA,0,0,0,0,0,,,1,NA,1,27,3,1,,,NA,NA,NA,NA,NA,NA,NA,NA,NA,NA,NA,NA,NA,NA,0,
2228,2/1/14 5:07,"240 Summer St, Somerville, MA",-71.1124211,42.3894559,1,1,99,7,2,4,2,1,21,NA,1,99,,NA,NA,NA,NA,NA,NA,NA,NA,NA,NA,NA,NA,NA,NA,NA,0,0,0,0,0,,,0,NA,,,,,,,NA,NA,NA,NA,NA,NA,NA,NA,NA,NA,NA,NA,NA,NA,0,
2214,1/21/14 21:54,"30 Washington St, Somerville, MA",-71.0820238,42.3813271,4,3,1,1,1,6,2,1,14,NA,1,1,,NA,NA,NA,NA,NA,NA,NA,NA,NA,NA,NA,NA,NA,NA,NA,0,0,1,0,0,Brick Barrier,,0,NA,,,,,,,NA,NA,NA,NA,NA,NA,NA,NA,NA,NA,NA,NA,NA,NA,0,Brick barrier fell onto 2nd vehicle 
2215,1/23/14 8:39,"Lowell St and Hudson St, Somerville, MA",-71.1075438,42.3908061,1,1,1,3,1,2,2,1,9,NA,1,,,NA,NA,NA,NA,NA,NA,NA,NA,NA,NA,NA,NA,NA,NA,NA,0,0,0,0,0,,,0,NA,,,,,,,NA,NA,NA,NA,NA,NA,NA,NA,NA,NA,NA,NA,NA,NA,0,
2216,1/24/14 15:02,"Broadway and MacArthur St, Somerville, MA",-71.0877919,42.3894343,1,1,1,3,3,3,2,6,99,NA,1,99,,NA,NA,NA,NA,NA,NA,NA,NA,NA,NA,NA,NA,NA,NA,NA,0,0,0,0,0,,,0,NA,,,,,,,NA,NA,NA,NA,NA,NA,NA,NA,NA,NA,NA,NA,NA,NA,0,
2217,1/24/14 18:58,"Cedar St and Elm St, Somerville, MA",-71.115425,42.3879583,48,3,1,1,4,1,1,1,1,NA,,,,NA,NA,NA,NA,NA,NA,NA,NA,NA,NA,NA,NA,NA,NA,NA,0,0,1,0,0,Metal box,,0,NA,,,,,,,NA,NA,NA,NA,NA,NA,NA,NA,NA,NA,NA,NA,NA,NA,0,
2218,1/26/14 11:30,"Derby St and Grant St, Somerville, MA",-71.0893042,42.3934171,1,1,1,2,99,5,2,2,1,NA,13,1,,NA,NA,NA,NA,NA,NA,NA,NA,NA,NA,NA,NA,NA,NA,NA,0,0,0,0,0,,,0,NA,,,,,,,NA,NA,NA,NA,NA,NA,NA,NA,NA,NA,NA,NA,NA,NA,1,Fire truck scraped cruiser while responding to fire
2219,1/28/14 9:46,"Holland St and Simpson Ave, Somerville, MA",-71.1245848,42.399049,1,1,2,3,1,3,2,2,4,NA,2,1,,NA,NA,NA,NA,NA,NA,NA,NA,NA,NA,NA,NA,NA,NA,NA,0,0,0,0,0,,,1,2,0,63,3,1,0,40,4,1,NA,NA,NA,NA,NA,NA,NA,NA,NA,NA,NA,NA,0,
2220,1/28/14 17:03,"114 Temple St, Somerville, MA",-71.0900588,42.3956935,1,12,1,1,2,34,2,2,1,NA,2,99,,NA,NA,NA,NA,NA,NA,NA,NA,NA,NA,NA,NA,NA,NA,NA,0,0,0,0,0,,,0,NA,,,,,,,NA,NA,NA,NA,NA,NA,NA,NA,NA,NA,NA,NA,NA,NA,0,
2221,1/28/14 11:40,"Somerville Ave and Elm St, Somerville, MA",-71.1136035,42.3855028,1,1,1,1,2,4,1,1,4,NA,,,,NA,NA,NA,NA,NA,NA,NA,NA,NA,NA,NA,NA,NA,NA,NA,1,0,0,10,2,,1,1,NA,1,27,3,1,,,NA,NA,NA,NA,NA,NA,NA,NA,NA,NA,NA,NA,NA,NA,0,
2222,1/29/14 4:17,"Cross St and Fountain Ave, Somerville, MA",-71.0895188,42.3836836,1,1,1,99,1,2,2,1,97,NA,2,99,,NA,NA,NA,NA,NA,NA,NA,NA,NA,NA,NA,NA,NA,NA,NA,0,0,0,0,0,,,0,NA,,,,,,,NA,NA,NA,NA,NA,NA,NA,NA,NA,NA,NA,NA,NA,NA,0,
2223,1/29/14 10:00,"358 Somerville Ave, Somerville, MA",-71.0991251,42.3809129,4,6,1,1,4,2,2,1,1,NA,1,5,,NA,NA,NA,NA,NA,NA,NA,NA,NA,NA,NA,NA,NA,NA,NA,0,0,0,0,0,,,0,NA,,,,,,,NA,NA,NA,NA,NA,NA,NA,NA,NA,NA,NA,NA,NA,NA,0,
2224,1/29/14 13:04,"65 Mystic Ave, Somerville, MA",-71.0805284,42.3892062,1,1,1,1,1,3,1,8,99,NA,,,,NA,NA,NA,NA,NA,NA,NA,NA,NA,NA,NA,NA,NA,NA,NA,0,0,1,0,0,Metal pole,,0,NA,,,,,,,NA,NA,NA,NA,NA,NA,NA,NA,NA,NA,NA,NA,NA,NA,0,
2225,1/31/14 18:21,"Broadway and Garfield Ave, Somerville, MA",-71.0867525,42.3889844,1,1,3,3,2,3,2,1,3,10,1,1,,NA,NA,NA,NA,NA,NA,NA,NA,NA,NA,NA,NA,NA,NA,NA,0,0,0,0,0,,,1,NA,0,38,3,1,,,NA,NA,NA,NA,NA,NA,NA,NA,NA,NA,NA,NA,NA,NA,0,
2226,1/31/14 19:44,"Washington St and Florence St, Somerville, MA",-71.0830775,42.38179,1,1,1,3,1,2,3,2,19,NA,2,1,,1,1,NA,NA,NA,NA,NA,NA,NA,NA,NA,NA,NA,NA,NA,0,0,0,0,0,,,1,NA,1,38,3,0,,,NA,NA,NA,NA,NA,NA,NA,NA,NA,NA,NA,NA,NA,NA,0,
2227,2/1/14 0:30,"115 Broadway, Somerville, MA",-71.0835844,42.3879313,1,1,1,1,3,6,2,1,99,NA,97,,,NA,NA,NA,NA,NA,NA,NA,NA,NA,NA,NA,NA,NA,NA,NA,0,0,1,0,0,Jersey Barrier,,0,NA,,,,,,,NA,NA,NA,NA,NA,NA,NA,NA,NA,NA,NA,NA,NA,NA,0,
2229,2/2/14 5:36,"School St and Montrose St, Somerville, MA",-71.0978695,42.388066,1,1,1,99,4,2,2,1,9,NA,2,1,,NA,NA,NA,NA,NA,NA,NA,NA,NA,NA,NA,NA,NA,NA,NA,0,0,0,0,0,,,0,NA,,,,,,,NA,NA,NA,NA,NA,NA,NA,NA,NA,NA,NA,NA,NA,NA,0,
2230,2/2/14 11:09,"Somerville Ave and Hawkins St, Somerville, MA",-71.097742,42.3805046,1,1,1,1,4,4,2,1,4,9,99,1,,NA,NA,NA,NA,NA,NA,NA,NA,NA,NA,NA,NA,NA,NA,NA,0,0,0,0,0,,,1,NA,1,20,3,0,,,NA,NA,NA,NA,NA,NA,NA,NA,NA,NA,NA,NA,NA,NA,0,
2231,2/4/14 5:48,"51 Central St, Somerville, MA",-71.1043938,42.3866577,4,4,1,1,1,4,3,1,1,NA,1,1,,1,1,NA,NA,NA,NA,NA,NA,NA,NA,NA,NA,NA,NA,NA,0,0,0,0,0,,,0,NA,,,,,,,NA,NA,NA,NA,NA,NA,NA,NA,NA,NA,NA,NA,NA,NA,0,
2232,2/4/14 18:42,"Washington St and Tufts St, Somerville, MA",-71.0875544,42.3809863,1,1,1,3,1,3,2,2,4,NA,3,3,10,NA,NA,NA,NA,NA,NA,NA,NA,NA,NA,NA,NA,NA,NA,NA,0,0,1,10,1,Motorcycle,2,1,NA,1,32,4,1,,,NA,NA,NA,NA,NA,NA,NA,NA,NA,NA,NA,NA,NA,NA,0,
2233,2/4/14 21:14,"Highland Ave and Holland Street, Somerville, MA",-71.1252368,42.3998502,1,1,3,8,2,3,2,2,3,NA,1,1,,NA,NA,NA,NA,NA,NA,NA,NA,NA,NA,NA,NA,NA,NA,NA,0,0,0,0,0,,,0,NA,,,,,,,NA,NA,NA,NA,NA,NA,NA,NA,NA,NA,NA,NA,NA,NA,0,
2234,2/6/14 15:48,"Lowell St and Lowell St Bridge, Somerville, MA",-71.1041278,42.3957699,1,2,2,3,1,3,2,1,4,NA,1,1,,NA,NA,NA,NA,NA,NA,NA,NA,NA,NA,NA,NA,NA,NA,NA,0,0,0,0,0,,,1,3,0,22,2,1,1,26,3,1,0,49,3,0,NA,NA,NA,NA,NA,NA,NA,NA,0,
2235,2/7/14 8:10,"855 Broadway, Somerville, MA",-71.1175301,42.4010785,1,1,1,8,2,4,2,1,NA,NA,2,,,NA,NA,NA,NA,NA,NA,NA,NA,NA,NA,NA,NA,NA,NA,NA,0,0,0,0,0,,,0,NA,,,,,,,NA,NA,NA,NA,NA,NA,NA,NA,NA,NA,NA,NA,NA,NA,0,
2236,2/7/14 10:08,"720 Somerville Ave, Somerville, MA",-71.1151314,42.3863115,1,2,3,1,1,3,1,1,99,NA,,,,NA,NA,NA,NA,NA,NA,NA,NA,NA,NA,NA,NA,NA,NA,NA,0,1,0,4,1,,5,1,NA,1,45,3,1,,,NA,NA,NA,NA,NA,NA,NA,NA,NA,NA,NA,NA,NA,NA,0,
2237,2/8/14 13:16,"643 Broadway, Somerville, MA",-71.1101304,42.3994632,1,1,1,1,2,2,2,1,99,NA,1,1,,NA,NA,NA,NA,NA,NA,NA,NA,NA,NA,NA,NA,NA,NA,NA,0,0,0,0,0,,,0,NA,,,,,,,NA,NA,NA,NA,NA,NA,NA,NA,NA,NA,NA,NA,NA,NA,0,
2238,2/8/14 22:35,"20 School St, Somerville, MA",-71.101774,42.382853,4,2,1,1,4,4,2,1,1,NA,1,99,,NA,NA,NA,NA,NA,NA,NA,NA,NA,NA,NA,NA,NA,NA,NA,0,0,0,0,0,,,0,NA,,,,,,,NA,NA,NA,NA,NA,NA,NA,NA,NA,NA,NA,NA,NA,NA,0,
2239,2/10/14 15:25,"100 Dover St, Somerville, MA",-71.1237384,42.3961508,1,1,1,1,4,4,2,13,1,NA,1,1,,NA,NA,NA,NA,NA,NA,NA,NA,NA,NA,NA,NA,NA,NA,NA,0,0,0,0,0,,,0,NA,,,,,,,NA,NA,NA,NA,NA,NA,NA,NA,NA,NA,NA,NA,NA,NA,0,
2240,2/10/14 15:28,"Revolution Drive, Somerville, MA",-71.0808,42.3905269,1,1,2,3,2,3,2,2,4,19,1,1,,NA,NA,NA,NA,NA,NA,NA,NA,NA,NA,NA,NA,NA,NA,NA,0,0,0,0,0,,,0,NA,,,,,,,NA,NA,NA,NA,NA,NA,NA,NA,NA,NA,NA,NA,NA,NA,0,