id,date_time,address,lon,lat,Weather,road_surface,traffic_control_device,intersection_type,traffic_way_desc,collision_manner,num_involved_vehicles,vehicle1_configuration,driver1_contrib1,driver1_contrib2,vehicle2_configuration,driver2_contrib1,driver2_contrib2,vehicle3_configuration,driver3_contrib1,driver3_contrib2,vehicle4_configuration,driver4_contrib1,driver4_contrib2,vehicle5_configuration,driver5_contrib1,driver5_contrib2,vehicle6_configuration,driver6_contrib1,driver6_contrib2,vehicle7_configuration,driver7_contrib1,driver7_contrib2,Bicycle,Pedestrian,non_mv,non_motorist_location,non_motorist_action,non_motorist_type,manner_of_non_motorist_collision,Injury,Multiple,Gender1,Age1,Severity1,Hospital1,Gender2,Age2,Severity2,Hospital2,Gender3,Age3,Severity3,Hospital3,Gender4,Age4,Severity4,Hospital4,Gender5,Age5,Severity5,Hospital5,city_vehicle,Notes
2241,2/10/14 0:04,"Henderson St and Richardson St, Somerville, MA",-71.105612,42.3959123,4,3,1,3,1,4,2,97,9,NA,1,,,NA,NA,NA,NA,NA,NA,NA,NA,NA,NA,NA,NA,NA,NA,NA,0,0,0,0,0,,,0,NA,,,,,,,NA,NA,NA,NA,NA,NA,NA,NA,NA,NA,NA,NA,NA,NA,1,DPW sander sideswipped parked car
2242,2/10/14 7:35,"Summer St and Spring St, Somerville, MA",-71.1079307,42.3870078,1,2,6,3,2,1,1,1,13,NA,,,,NA,NA,NA,NA,NA,NA,NA,NA,NA,NA,NA,NA,NA,NA,NA,0,1,0,1,3,,5,1,NA,1,69,4,0,,,NA,NA,NA,NA,NA,NA,NA,NA,NA,NA,NA,NA,NA,NA,1,Crossing guard
2243,2/11/14 12:42,"Medford St and Somerville Ave, Somerville, MA",-71.1129435,42.3851277,4,1,1,1,4,4,2,1,1,NA,2,99,,NA,NA,NA,NA,NA,NA,NA,NA,NA,NA,NA,NA,NA,NA,NA,0,0,0,0,0,,,0,NA,,,,,,,NA,NA,NA,NA,NA,NA,NA,NA,NA,NA,NA,NA,NA,NA,0,
2244,2/11/14 18:34,"30 Broadway, Somerville, MA",-71.0792687,42.3861698,2,1,3,1,3,3,3,2,97,NA,1,1,,1,1,NA,NA,NA,NA,NA,NA,NA,NA,NA,NA,NA,NA,NA,0,0,0,0,0,,,0,NA,,,,,,,NA,NA,NA,NA,NA,NA,NA,NA,NA,NA,NA,NA,NA,NA,0,
2245,2/11/14 7:49,"Broadway and Medford Street, Somerville, MA",-71.1043116,42.3973445,1,1,3,2,2,3,1,1,13,NA,,,,NA,NA,NA,NA,NA,NA,NA,NA,NA,NA,NA,NA,NA,NA,NA,0,1,0,1,1,,5,1,NA,1,22,3,1,,,NA,NA,NA,NA,NA,NA,NA,NA,NA,NA,NA,NA,NA,NA,0,
2246,2/12/14 7:30,"720 Broadway, Somerville, MA",-71.112999,42.3999669,1,1,2,1,2,2,2,2,1,NA,1,1,,NA,NA,NA,NA,NA,NA,NA,NA,NA,NA,NA,NA,NA,NA,NA,0,0,0,0,0,,,0,NA,,,,,,,NA,NA,NA,NA,NA,NA,NA,NA,NA,NA,NA,NA,NA,NA,0,
2247,2/12/14 14:23,"265 Highland Ave, Somerville, MA",-71.1108025,42.3917705,1,1,1,1,1,2,2,1,97,NA,1,1,,NA,NA,NA,NA,NA,NA,NA,NA,NA,NA,NA,NA,NA,NA,NA,0,0,0,0,0,,,0,NA,,,,,,,NA,NA,NA,NA,NA,NA,NA,NA,NA,NA,NA,NA,NA,NA,0,
2248,2/12/14 18:43,"Beacon St and Miller St, Somerville, MA",-71.113635,42.3841718,1,1,1,3,1,2,2,1,1,NA,2,10,19,NA,NA,NA,NA,NA,NA,NA,NA,NA,NA,NA,NA,NA,NA,NA,0,0,0,0,0,,,1,NA,0,34,3,1,,,NA,NA,NA,NA,NA,NA,NA,NA,NA,NA,NA,NA,NA,NA,0,
2249,2/13/14 9:41,"9 Davis Sq, Somerville, MA",-71.1220459,42.3961704,4,2,1,1,4,3,2,2,99,NA,2,99,,NA,NA,NA,NA,NA,NA,NA,NA,NA,NA,NA,NA,NA,NA,NA,0,0,0,0,0,,,0,NA,,,,,,,NA,NA,NA,NA,NA,NA,NA,NA,NA,NA,NA,NA,NA,NA,0,
2250,2/13/14 13:19,"292 Beacon St, Somerville, MA",-71.113142,42.383339,4,3,1,1,1,3,2,2,6,4,2,1,,NA,NA,NA,NA,NA,NA,NA,NA,NA,NA,NA,NA,NA,NA,NA,0,0,0,0,0,,,0,NA,,,,,,,NA,NA,NA,NA,NA,NA,NA,NA,NA,NA,NA,NA,NA,NA,0,
2251,2/13/14 13:30,"McGrath Hwy and Pearl St, Somerville, MA",-71.0904563,42.3865189,4,3,1,1,3,2,2,2,1,NA,1,7,,NA,NA,NA,NA,NA,NA,NA,NA,NA,NA,NA,NA,NA,NA,NA,0,0,0,0,0,,,0,NA,,,,,,,NA,NA,NA,NA,NA,NA,NA,NA,NA,NA,NA,NA,NA,NA,0,
3530,3/25/16 7:30,"Somerville Ave and Loring St, Somerville, MA",-71.1041532,42.3827009,,,,,,3,3,2,1,NA,1,4,,1,1,NA,NA,NA,NA,NA,NA,NA,NA,NA,NA,NA,NA,NA,0,0,0,NA,,,,0,NA,,,,,,,NA,NA,NA,NA,NA,NA,NA,NA,NA,NA,NA,NA,NA,NA,0,
2252,2/13/14 14:08,"Washinton St and Joy St, Somerville, MA",-71.0885832,42.3806671,4,3,1,3,1,2,2,4,8,NA,1,8,7,NA,NA,NA,NA,NA,NA,NA,NA,NA,NA,NA,NA,NA,NA,NA,0,0,0,0,0,,,0,NA,,,,,,,NA,NA,NA,NA,NA,NA,NA,NA,NA,NA,NA,NA,NA,NA,0,
2253,2/14/14 12:25,"Broadway and Boston Ave, Somerville, MA",-71.111491,42.399676,1,2,3,2,1,2,2,1,19,NA,2,1,,NA,NA,NA,NA,NA,NA,NA,NA,NA,NA,NA,NA,NA,NA,NA,0,0,0,0,0,,,1,NA,0,26,3,1,,,NA,NA,NA,NA,NA,NA,NA,NA,NA,NA,NA,NA,NA,NA,0,
2254,2/15/14 17:03,"Cross St and Bonair St, Somerville, MA",-71.0866296,42.3876065,4,3,1,3,1,3,2,2,4,NA,1,1,,NA,NA,NA,NA,NA,NA,NA,NA,NA,NA,NA,NA,NA,NA,NA,0,0,0,0,0,,,0,NA,,,,,,,NA,NA,NA,NA,NA,NA,NA,NA,NA,NA,NA,NA,NA,NA,0,
2255,2/15/14 23:08,"Broadway and Medford Street, Somerville, MA",-71.1043116,42.3973445,4,3,3,8,1,2,2,1,1,NA,2,99,,NA,NA,NA,NA,NA,NA,NA,NA,NA,NA,NA,NA,NA,NA,NA,0,0,0,0,0,,,0,NA,,,,,,,NA,NA,NA,NA,NA,NA,NA,NA,NA,NA,NA,NA,NA,NA,0,
2256,2/15/14 16:45,"85 Central St, Somerville, MA",-71.1031756,42.3886954,4,3,3,1,1,2,2,99,5,NA,99,1,,NA,NA,NA,NA,NA,NA,NA,NA,NA,NA,NA,NA,NA,NA,NA,0,0,0,0,0,,,1,NA,1,46,4,0,,,NA,NA,NA,NA,NA,NA,NA,NA,NA,NA,NA,NA,NA,NA,1,Cruiser struck from behind waiting in traffic
2257,2/17/14 8:31,"62 Central St, Somerville, MA",-71.1043735,42.3872064,1,1,1,1,1,2,3,1,5,NA,1,1,,2,1,NA,NA,NA,NA,NA,NA,NA,NA,NA,NA,NA,NA,NA,0,0,0,0,0,,,0,NA,,,,,,,NA,NA,NA,NA,NA,NA,NA,NA,NA,NA,NA,NA,NA,NA,0,
2258,2/17/14 15:21,"Elm St and Burnside Ave, Somerville, MA",-71.1176459,42.3902661,1,1,5,3,1,2,2,2,1,NA,6,22,,NA,NA,NA,NA,NA,NA,NA,NA,NA,NA,NA,NA,NA,NA,NA,0,0,0,0,0,,,1,NA,0,54,3,1,,,NA,NA,NA,NA,NA,NA,NA,NA,NA,NA,NA,NA,NA,NA,0,
2259,2/18/14 14:50,"2 Union Sq, Somerville, MA",-71.09516,42.37908,4,3,1,1,1,2,2,2,99,NA,2,99,,NA,NA,NA,NA,NA,NA,NA,NA,NA,NA,NA,NA,NA,NA,NA,0,0,0,0,0,,,0,NA,,,,,,,NA,NA,NA,NA,NA,NA,NA,NA,NA,NA,NA,NA,NA,NA,0,
2260,2/19/14 12:54,"Washington St and Webster Ave, Somerville, MA",-71.0964021,42.3796323,2,2,3,2,1,3,2,2,3,NA,2,1,,NA,NA,NA,NA,NA,NA,NA,NA,NA,NA,NA,NA,NA,NA,NA,0,0,0,0,0,,,0,NA,,,,,,,NA,NA,NA,NA,NA,NA,NA,NA,NA,NA,NA,NA,NA,NA,1,Plow clearing snow in left only; MV turned left into plow from center
2261,2/20/14 11:20,"97 Washington St, Somerville, MA",-71.085876,42.3815692,1,1,1,1,1,2,2,1,1,NA,2,5,,NA,NA,NA,NA,NA,NA,NA,NA,NA,NA,NA,NA,NA,NA,NA,0,0,0,0,0,,,0,NA,,,,,,,NA,NA,NA,NA,NA,NA,NA,NA,NA,NA,NA,NA,NA,NA,0,
2262,2/20/14 19:52,"38 Glen St, Somerville, MA",-71.084889,42.3864971,3,2,1,1,4,5,2,1,8,NA,1,,,NA,NA,NA,NA,NA,NA,NA,NA,NA,NA,NA,NA,NA,NA,NA,0,0,0,0,0,,,0,NA,,,,,,,NA,NA,NA,NA,NA,NA,NA,NA,NA,NA,NA,NA,NA,NA,0,
2263,2/22/14 11:08,"709 McGrath Hwy, Somerville, MA",-71.086728,42.3906214,1,2,1,1,99,99,2,1,99,NA,1,1,,NA,NA,NA,NA,NA,NA,NA,NA,NA,NA,NA,NA,NA,NA,NA,0,0,0,0,0,,,1,NA,0,64,3,1,,,NA,NA,NA,NA,NA,NA,NA,NA,NA,NA,NA,NA,NA,NA,0,
2264,2/22/14 13:33,"Cutter Ave, Somerville, MA",-71.1199488,42.3947038,1,1,1,1,4,3,2,2,4,97,4,1,,NA,NA,NA,NA,NA,NA,NA,NA,NA,NA,NA,NA,NA,NA,NA,0,0,0,0,0,,,0,NA,,,,,,,NA,NA,NA,NA,NA,NA,NA,NA,NA,NA,NA,NA,NA,NA,0,
2265,2/22/14 15:20,"44 Banks St, Somerville, MA",-71.117389,42.392278,1,1,1,1,4,4,2,1,97,NA,1,,,NA,NA,NA,NA,NA,NA,NA,NA,NA,NA,NA,NA,NA,NA,NA,0,0,0,0,0,,,0,NA,,,,,,,NA,NA,NA,NA,NA,NA,NA,NA,NA,NA,NA,NA,NA,NA,0,
2266,2/22/14 12:52,"Putnam St and Summer St, Somerville, MA",-71.0990713,42.3829706,1,1,2,3,1,1,1,1,11,NA,,,,NA,NA,NA,NA,NA,NA,NA,NA,NA,NA,NA,NA,NA,NA,NA,0,1,1,5,7,Fence,8,1,3,0,18,3,0,0,26,4,0,0,25,4,0,NA,NA,NA,NA,NA,NA,NA,NA,0,
2267,2/23/14 0:06,"Puritan Rd and Temple Rd, Somerville, MA",-71.087256,42.3969082,,,,,,,NA,NA,NA,NA,,,,NA,NA,NA,NA,NA,NA,NA,NA,NA,NA,NA,NA,NA,NA,NA,0,0,0,0,0,,,0,NA,,,,,,,NA,NA,NA,NA,NA,NA,NA,NA,NA,NA,NA,NA,NA,NA,0,14006052
2268,2/24/14 8:00,"Webster Ave and Tremont St, Somerville, MA",-71.0952351,42.3758647,1,1,2,2,1,3,1,2,99,NA,,,,NA,NA,NA,NA,NA,NA,NA,NA,NA,NA,NA,NA,NA,NA,NA,1,0,0,2,1,,5a,1,NA,1,27,3,1,,,NA,NA,NA,NA,NA,NA,NA,NA,NA,NA,NA,NA,NA,NA,0,
2269,2/25/14 8:53,"Broadway and Main St, Somerville, MA",-71.0975984,42.3947314,1,1,3,4,2,3,2,2,3,NA,1,1,,NA,NA,NA,NA,NA,NA,NA,NA,NA,NA,NA,NA,NA,NA,NA,0,0,0,0,0,,,0,NA,,,,,,,NA,NA,NA,NA,NA,NA,NA,NA,NA,NA,NA,NA,NA,NA,0,
2270,2/26/14 7:30,"Sycamore St and Pembroke St, Somerville, MA",-71.1000074,42.3905004,1,1,2,3,4,3,2,1,99,NA,1,99,,NA,NA,NA,NA,NA,NA,NA,NA,NA,NA,NA,NA,NA,NA,NA,0,0,0,0,0,,,1,NA,0,36,4,0,,,NA,NA,NA,NA,NA,NA,NA,NA,NA,NA,NA,NA,NA,NA,0,
2271,2/28/14 8:50,"70 Innerbelt Rd, Somerville, MA",-71.0797634,42.3767025,1,1,1,1,1,1,1,6,1,NA,,,,NA,NA,NA,NA,NA,NA,NA,NA,NA,NA,NA,NA,NA,NA,NA,0,0,1,9,7,Utility pole,,0,NA,,,,,,,NA,NA,NA,NA,NA,NA,NA,NA,NA,NA,NA,NA,NA,NA,0,
2272,2/28/14 9:28,"Highland Ave and Willow Ave, Somerville, MA",-71.1168102,42.3941136,1,1,3,2,1,1,2,1,99,NA,1,1,,NA,NA,NA,NA,NA,NA,NA,NA,NA,NA,NA,NA,NA,NA,NA,0,0,0,0,0,,,1,NA,1,52,2,1,,,NA,NA,NA,NA,NA,NA,NA,NA,NA,NA,NA,NA,NA,NA,0,
2273,2/28/14 11:51,"Broadway and Clarendon Ave, Somerville, MA",-71.1276129,42.4034575,1,1,1,3,1,6,2,1,4,NA,1,1,,NA,NA,NA,NA,NA,NA,NA,NA,NA,NA,NA,NA,NA,NA,NA,0,0,0,0,0,,,0,NA,,,,,,,NA,NA,NA,NA,NA,NA,NA,NA,NA,NA,NA,NA,NA,NA,0,
2274,3/1/14 2:49,"Medford St and School St, Somerville, MA",-71.0971615,42.3891241,1,1,99,3,1,6,2,1,1,NA,1,99,,NA,NA,NA,NA,NA,NA,NA,NA,NA,NA,NA,NA,NA,NA,NA,0,0,0,0,0,,,0,NA,,,,,,,NA,NA,NA,NA,NA,NA,NA,NA,NA,NA,NA,NA,NA,NA,0,
2275,3/1/14 3:20,"Boston St and Washington St, Somerville, MA",-71.0906664,42.3798839,1,1,2,1,4,4,2,1,99,NA,1,1,,NA,NA,NA,NA,NA,NA,NA,NA,NA,NA,NA,NA,NA,NA,NA,0,0,0,0,0,,,0,NA,,,,,,,NA,NA,NA,NA,NA,NA,NA,NA,NA,NA,NA,NA,NA,NA,0,
2276,3/1/14 15:30,"453 Somerville Ave, Somerville, MA",-71.102861,42.382486,1,1,1,1,1,3,2,1,1,NA,1,4,,NA,NA,NA,NA,NA,NA,NA,NA,NA,NA,NA,NA,NA,NA,NA,0,0,0,0,0,,,0,NA,,,,,,,NA,NA,NA,NA,NA,NA,NA,NA,NA,NA,NA,NA,NA,NA,0,
2277,3/1/14 22:29,"1 Union Sq, Somerville, MA",-71.0949789,42.3789618,1,1,3,2,1,4,2,8,1,NA,1,97,,NA,NA,NA,NA,NA,NA,NA,NA,NA,NA,NA,NA,NA,NA,NA,0,0,0,0,0,,,0,NA,,,,,,,NA,NA,NA,NA,NA,NA,NA,NA,NA,NA,NA,NA,NA,NA,0,
2278,3/3/14 9:26,"138 Orchard St, Somerville, MA",-71.1252494,42.3950236,1,1,1,1,4,4,2,6,1,NA,1,1,,NA,NA,NA,NA,NA,NA,NA,NA,NA,NA,NA,NA,NA,NA,NA,0,0,0,0,0,,,0,NA,,,,,,,NA,NA,NA,NA,NA,NA,NA,NA,NA,NA,NA,NA,NA,NA,0,
2279,3/3/14 22:52,"Walnut St and Highland Ave, Somerville, MA",-71.0941672,42.3851419,1,2,3,2,4,1,1,2,1,NA,,,,NA,NA,NA,NA,NA,NA,NA,NA,NA,NA,NA,NA,NA,NA,NA,0,1,0,1,1,,2,1,NA,1,44,3,1,,,NA,NA,NA,NA,NA,NA,NA,NA,NA,NA,NA,NA,NA,NA,0,
2280,3/6/14 9:13,"Broadway and Pearson Rd, Somerville, MA",-71.1140978,42.4005491,1,1,1,1,1,2,2,2,1,NA,1,99,,NA,NA,NA,NA,NA,NA,NA,NA,NA,NA,NA,NA,NA,NA,NA,0,0,0,0,0,,,0,NA,,,,,,,NA,NA,NA,NA,NA,NA,NA,NA,NA,NA,NA,NA,NA,NA,0,
3574,4/18/16 9:00,"40 Wigglesworth St, Somerville, MA",-71.0912352,42.3886858,1,1,1,1,3,4,3,1,99,NA,1,1,,1,1,NA,NA,NA,NA,NA,NA,NA,NA,NA,NA,NA,NA,NA,0,0,0,NA,,,,0,NA,,,,,,,NA,NA,NA,NA,NA,NA,NA,NA,NA,NA,NA,NA,NA,NA,0,
2281,3/6/14 17:53,"Somerville Ave and Quincy St, Somerville, MA",-71.1012716,42.3817512,1,1,1,3,1,4,1,2,19,9,,9,,NA,NA,NA,NA,NA,NA,NA,NA,NA,NA,NA,NA,NA,NA,NA,1,0,0,10,2,,7,1,NA,0,24,4,1,,,NA,NA,NA,NA,NA,NA,NA,NA,NA,NA,NA,NA,NA,NA,0,
2282,3/6/14 20:34,"Ivaloo St and Mondamin Ct, Somerville, MA",-71.1089508,42.3812761,1,1,1,3,1,4,2,13,1,NA,1,,,NA,NA,NA,NA,NA,NA,NA,NA,NA,NA,NA,NA,NA,NA,NA,0,0,0,0,0,,,0,NA,,,,,,,NA,NA,NA,NA,NA,NA,NA,NA,NA,NA,NA,NA,NA,NA,1,Fire struck parked vehicle while responding to fire
2283,3/7/14 7:25,"44 Highland Ave, Somerville, MA",-71.095319,42.385356,1,1,2,1,1,6,3,1,18,NA,1,1,,1,1,NA,NA,NA,NA,NA,NA,NA,NA,NA,NA,NA,NA,NA,0,0,0,0,0,,,1,2,0,31,3,1,1,6,3,1,NA,NA,NA,NA,NA,NA,NA,NA,NA,NA,NA,NA,0,
2284,3/7/14 9:52,"9 Union Sq, Somerville, MA",-71.0955728,42.3793176,197,14,1,1,23,4,2,2,99,NA,1,1,,NA,NA,NA,NA,NA,NA,NA,NA,NA,NA,NA,NA,NA,NA,NA,0,0,0,0,0,,,0,NA,,,,,,,NA,NA,NA,NA,NA,NA,NA,NA,NA,NA,NA,NA,NA,NA,0,
2285,3/7/14 17:39,"15 Elm St, Somerville, MA",-71.1139034,42.3864903,1,1,1,9,1,3,2,2,10,97,2,4,,NA,NA,NA,NA,NA,NA,NA,NA,NA,NA,NA,NA,NA,NA,NA,0,0,0,0,0,,,0,NA,,,,,,,NA,NA,NA,NA,NA,NA,NA,NA,NA,NA,NA,NA,NA,NA,0,
2286,3/8/14 10:50,"Orchard St and Day St, Somerville, MA",-71.1248,42.3948856,1,1,2,3,4,99,2,1,3,NA,1,1,,NA,NA,NA,NA,NA,NA,NA,NA,NA,NA,NA,NA,NA,NA,NA,0,0,0,0,0,,,0,NA,,,,,,,NA,NA,NA,NA,NA,NA,NA,NA,NA,NA,NA,NA,NA,NA,0,
2287,3/9/14 1:48,"1303 Broadway, Somerville, MA",-71.131118,42.4057315,1,1,1,1,1,4,4,1,99,NA,1,,,1,NA,NA,1,NA,NA,NA,NA,NA,NA,NA,NA,NA,NA,NA,0,0,0,0,0,,,1,NA,0,31,4,1,,,NA,NA,NA,NA,NA,NA,NA,NA,NA,NA,NA,NA,NA,NA,0,
2288,3/9/14 3:04,"Mossland St and Somerville Ave, Somerville, MA",-71.1167902,42.3872577,1,1,1,3,1,2,2,1,5,NA,1,1,,NA,NA,NA,NA,NA,NA,NA,NA,NA,NA,NA,NA,NA,NA,NA,0,0,0,0,0,,,0,NA,,,,,,,NA,NA,NA,NA,NA,NA,NA,NA,NA,NA,NA,NA,NA,NA,0,
2289,3/9/14 14:42,"Washington St and Washington Terrace, Somerville, MA",-71.0921846,42.3794753,1,1,1,3,1,6,2,1,99,NA,1,99,,NA,NA,NA,NA,NA,NA,NA,NA,NA,NA,NA,NA,NA,NA,NA,0,0,0,0,0,,,1,NA,0,13,4,1,,,NA,NA,NA,NA,NA,NA,NA,NA,NA,NA,NA,NA,NA,NA,0,
2290,3/12/14 20:58,"Somerville Ave and Spring St, Somerville, MA",-71.109476,42.3839008,3,2,1,3,1,1,1,1,1,NA,,,,NA,NA,NA,NA,NA,NA,NA,NA,NA,NA,NA,NA,NA,NA,NA,0,1,0,4,1,,2,1,NA,1,53,4,1,,,NA,NA,NA,NA,NA,NA,NA,NA,NA,NA,NA,NA,NA,NA,0,
2291,3/12/14 22:04,"Innerbelt Rd and Washington St, Somerville, MA",-71.0815211,42.3820437,3,2,3,3,2,1,1,NA,3,NA,,,,NA,NA,NA,NA,NA,NA,NA,NA,NA,NA,NA,NA,NA,NA,NA,0,1,0,1,1,,5,1,NA,0,32,99,1,,,NA,NA,NA,NA,NA,NA,NA,NA,NA,NA,NA,NA,NA,NA,0,
2292,3/13/14 20:59,"Central St, Somerville, MA",-71.1028442,42.3892476,1,1,1,1,1,2,2,1,1,NA,1,,,NA,NA,NA,NA,NA,NA,NA,NA,NA,NA,NA,NA,NA,NA,NA,0,0,0,0,0,,,0,NA,,,,,,,NA,NA,NA,NA,NA,NA,NA,NA,NA,NA,NA,NA,NA,NA,0,
2293,3/13/14 21:00,"Russell St and Elm St, Somerville, MA",-71.1208882,42.3938222,99,99,,,,,2,1,1,NA,1,3,,NA,NA,NA,NA,NA,NA,NA,NA,NA,NA,NA,NA,NA,NA,NA,0,0,0,0,0,,,0,NA,,,,,,,NA,NA,NA,NA,NA,NA,NA,NA,NA,NA,NA,NA,NA,NA,0,
2294,3/15/14 16:05,"Talbot Ave and College Ave, Somerville, MA",-71.1173307,42.4048682,2,1,2,3,1,4,2,1,99,NA,1,99,,NA,NA,NA,NA,NA,NA,NA,NA,NA,NA,NA,NA,NA,NA,NA,0,0,0,0,0,,,0,NA,,,,,,,NA,NA,NA,NA,NA,NA,NA,NA,NA,NA,NA,NA,NA,NA,0,
2295,3/16/14 2:05,"282 Somerville Ave , Somerville, MA",-71.0946128,42.3787796,3,1,3,2,3,2,2,1,19,NA,1,1,,NA,NA,NA,NA,NA,NA,NA,NA,NA,NA,NA,NA,NA,NA,NA,0,0,0,0,0,,,0,NA,,,,,,,NA,NA,NA,NA,NA,NA,NA,NA,NA,NA,NA,NA,NA,NA,0,
2296,3/18/14 7:35,"Franklin St and Washington St, Somerville, MA",-71.0862305,42.3813262,1,1,2,3,4,99,2,1,1,NA,1,99,,NA,NA,NA,NA,NA,NA,NA,NA,NA,NA,NA,NA,NA,NA,NA,0,0,0,0,0,,,0,NA,,,,,,,NA,NA,NA,NA,NA,NA,NA,NA,NA,NA,NA,NA,NA,NA,0,
2297,3/19/14 0:12,"19 Teele Ave, Somerville, MA",-71.1238243,42.4055474,1,1,1,1,4,1,1,1,1,NA,,,,NA,NA,NA,NA,NA,NA,NA,NA,NA,NA,NA,NA,NA,NA,NA,0,0,0,0,0,,,0,NA,,,,,,,NA,NA,NA,NA,NA,NA,NA,NA,NA,NA,NA,NA,NA,NA,0,
2298,3/19/14 18:43,"139 Alewife Brook Parkway, Somerville, MA",-71.1319163,42.4079683,1,1,1,1,99,5,3,1,99,NA,1,1,,1,1,NA,NA,NA,NA,NA,NA,NA,NA,NA,NA,NA,NA,NA,0,0,0,0,0,,,0,NA,,,,,,,NA,NA,NA,NA,NA,NA,NA,NA,NA,NA,NA,NA,NA,NA,0,
2299,3/19/14 7:00,"North St and Broadway, Somerville, MA",-71.1313375,42.4058176,1,1,3,3,2,1,1,2,NA,NA,,,,NA,NA,NA,NA,NA,NA,NA,NA,NA,NA,NA,NA,NA,NA,NA,0,1,0,1,1,,5,0,NA,,,,,,,NA,NA,NA,NA,NA,NA,NA,NA,NA,NA,NA,NA,NA,NA,0,
2300,3/20/14 5:13,"Somerville Ave and Bow St, Somerville, MA",-71.1003902,42.3814782,2,1,3,4,4,4,2,NA,99,NA,,99,,NA,NA,NA,NA,NA,NA,NA,NA,NA,NA,NA,NA,NA,NA,NA,0,0,0,0,0,,,1,2,0,33,4,1,0,unk,4,1,NA,NA,NA,NA,NA,NA,NA,NA,NA,NA,NA,NA,0,
2301,3/20/14 9:33,"76 Middlesex Ave, Somerville, MA",-71.0822799,42.3939007,2,1,1,1,1,3,2,1,6,NA,1,1,,NA,NA,NA,NA,NA,NA,NA,NA,NA,NA,NA,NA,NA,NA,NA,0,0,0,0,0,,,0,NA,,,,,,,NA,NA,NA,NA,NA,NA,NA,NA,NA,NA,NA,NA,NA,NA,0,
2302,3/20/14 15:58,"Lowell St and Hudson St, Somerville, MA",-71.1075438,42.3908061,1,1,2,2,1,3,2,2,1,NA,2,4,3,NA,NA,NA,NA,NA,NA,NA,NA,NA,NA,NA,NA,NA,NA,NA,0,0,0,0,0,,,1,NA,0,23,4,1,,,NA,NA,NA,NA,NA,NA,NA,NA,NA,NA,NA,NA,NA,NA,0,
2310,3/25/14 19:23,"168 Elm St, Somerville, MA",-71.1198107,42.3923166,1,1,1,1,1,2,2,1,NA,NA,2,,,NA,NA,NA,NA,NA,NA,NA,NA,NA,NA,NA,NA,NA,NA,NA,0,0,0,0,0,,,0,NA,,,,,,,NA,NA,NA,NA,NA,NA,NA,NA,NA,NA,NA,NA,NA,NA,0,
2303,3/21/14 3:40,"60 Broadway, Somerville, MA",-71.0805946,42.3866011,1,1,1,1,1,2,2,1,10,NA,1,,,NA,NA,NA,NA,NA,NA,NA,NA,NA,NA,NA,NA,NA,NA,NA,0,0,1,0,0,Light pole,,0,NA,,,,,,,NA,NA,NA,NA,NA,NA,NA,NA,NA,NA,NA,NA,NA,NA,0,
2304,3/21/14 10:10,"38 Russell St, Somerville, MA",-71.1219387,42.393084,1,1,1,1,4,1,1,10,99,NA,,,,NA,NA,NA,NA,NA,NA,NA,NA,NA,NA,NA,NA,NA,NA,NA,0,0,1,0,0,Tree ,,0,NA,,,,,,,NA,NA,NA,NA,NA,NA,NA,NA,NA,NA,NA,NA,NA,NA,0,
2305,3/21/14 13:31,"518 Medford St, Somerville, MA",-71.1040905,42.3966331,1,1,1,1,1,4,2,2,1,NA,1,,,NA,NA,NA,NA,NA,NA,NA,NA,NA,NA,NA,NA,NA,NA,NA,0,0,0,0,0,,,0,NA,,,,,,,NA,NA,NA,NA,NA,NA,NA,NA,NA,NA,NA,NA,NA,NA,0,
2306,3/21/14 17:47,"Cedar St, Somerville, MA",-71.1116152,42.3932815,1,1,7,1,1,2,2,2,19,NA,2,1,,NA,NA,NA,NA,NA,NA,NA,NA,NA,NA,NA,NA,NA,NA,NA,0,0,0,0,0,,,0,NA,,,,,,,NA,NA,NA,NA,NA,NA,NA,NA,NA,NA,NA,NA,NA,NA,0,
2307,3/23/14 16:38,"59 Union Sq, Somerville, MA",-71.0956352,42.37992,99,99,99,99,99,99,1,1,1,NA,,,,NA,NA,NA,NA,NA,NA,NA,NA,NA,NA,NA,NA,NA,NA,NA,0,1,0,4,1,,5,1,NA,0,unk,4,1,,,NA,NA,NA,NA,NA,NA,NA,NA,NA,NA,NA,NA,NA,NA,0,
2308,3/24/14 12:05,"Packard Ave, Somerville, MA",-71.1232672,42.4047614,1,1,1,1,1,1,1,10,NA,NA,,,,NA,NA,NA,NA,NA,NA,NA,NA,NA,NA,NA,NA,NA,NA,NA,0,0,1,0,0,Low Hanging Utility Wire,,0,NA,,,,,,,NA,NA,NA,NA,NA,NA,NA,NA,NA,NA,NA,NA,NA,NA,0,
2309,3/25/14 14:17,"Grand Union Blvd and Revolution Dr, Somerville, MA",-71.0799614,42.3913094,1,1,1,3,2,1,1,1,19,20,,,,NA,NA,NA,NA,NA,NA,NA,NA,NA,NA,NA,NA,NA,NA,NA,0,0,1,0,0,Fire hydrant,,0,NA,,,,,,,NA,NA,NA,NA,NA,NA,NA,NA,NA,NA,NA,NA,NA,NA,0,