id,date_time,address,lon,lat,Weather,road_surface,traffic_control_device,intersection_type,traffic_way_desc,collision_manner,num_involved_vehicles,vehicle1_configuration,driver1_contrib1,driver1_contrib2,vehicle2_configuration,driver2_contrib1,driver2_contrib2,vehicle3_configuration,driver3_contrib1,driver3_contrib2,vehicle4_configuration,driver4_contrib1,driver4_contrib2,vehicle5_configuration,driver5_contrib1,driver5_contrib2,vehicle6_configuration,driver6_contrib1,driver6_contrib2,vehicle7_configuration,driver7_contrib1,driver7_contrib2,Bicycle,Pedestrian,non_mv,non_motorist_location,non_motorist_action,non_motorist_type,manner_of_non_motorist_collision,Injury,Multiple,Gender1,Age1,Severity1,Hospital1,Gender2,Age2,Severity2,Hospital2,Gender3,Age3,Severity3,Hospital3,Gender4,Age4,Severity4,Hospital4,Gender5,Age5,Severity5,Hospital5,city_vehicle,Notes
2311,3/26/14 11:00,"403 Highland Ave, Somerville, MA",-71.1208399,42.3961228,2,1,1,1,4,2,2,1,99,NA,1,99,,NA,NA,NA,NA,NA,NA,NA,NA,NA,NA,NA,NA,NA,NA,NA,0,0,0,0,0,,,0,NA,,,,,,,NA,NA,NA,NA,NA,NA,NA,NA,NA,NA,NA,NA,NA,NA,0,
2312,3/27/14 14:40,"167 Holland St, Somerville, MA",-71.1254072,42.4011098,99,99,99,99,99,99,2,2,1,NA,2,4,,NA,NA,NA,NA,NA,NA,NA,NA,NA,NA,NA,NA,NA,NA,NA,0,0,0,0,0,,,0,NA,,,,,,,NA,NA,NA,NA,NA,NA,NA,NA,NA,NA,NA,NA,NA,NA,0,
2313,3/27/14 9:53,"100 Cross St, Somerville, MA",-71.088453,42.384526,1,1,1,1,1,4,2,8,99,NA,1,1,,NA,NA,NA,NA,NA,NA,NA,NA,NA,NA,NA,NA,NA,NA,NA,0,0,0,0,0,,,0,NA,,,,,,,NA,NA,NA,NA,NA,NA,NA,NA,NA,NA,NA,NA,NA,NA,1,DPW struck parked car
2314,3/29/14 21:28,"Somerville Ave and Medford St, Somerville, MA",-71.0982317,42.3901908,3,2,3,2,2,1,1,1,18,NA,,,,NA,NA,NA,NA,NA,NA,NA,NA,NA,NA,NA,NA,NA,NA,NA,0,0,1,0,0,Traffic light,,0,NA,,,,,,,NA,NA,NA,NA,NA,NA,NA,NA,NA,NA,NA,NA,NA,NA,0,
2315,3/30/14 14:42,"Dane St and Washington St, Somerville, MA",-71.1040464,42.3788385,2,2,3,2,2,3,2,1,99,NA,2,99,,NA,NA,NA,NA,NA,NA,NA,NA,NA,NA,NA,NA,NA,NA,NA,0,0,0,0,0,,,0,NA,,,,,,,NA,NA,NA,NA,NA,NA,NA,NA,NA,NA,NA,NA,NA,NA,0,
2316,4/1/14 15:31,"Pearl St and McGrath Hwy, Somerville, MA",-71.0904563,42.3865189,1,1,3,2,1,2,2,2,1,NA,2,10,26,NA,NA,NA,NA,NA,NA,NA,NA,NA,NA,NA,NA,NA,NA,NA,0,0,0,0,0,,,1,2,0,47,4,1,1,11,4,1,NA,NA,NA,NA,NA,NA,NA,NA,NA,NA,NA,NA,0,
2317,4/1/14 22:51,"75 North St, Somerville, MA",-71.1295693,42.4081325,1,1,1,1,1,1,1,1,1,NA,,,,NA,NA,NA,NA,NA,NA,NA,NA,NA,NA,NA,NA,NA,NA,NA,0,0,1,0,0,Fire hydrant,,0,NA,,,,,,,NA,NA,NA,NA,NA,NA,NA,NA,NA,NA,NA,NA,NA,NA,0,
2318,4/2/14 15:43,"Broadway and Leonard St, Somerville, MA",-71.1207517,42.4011008,,,,,,,3,2,99,NA,1,,,2,NA,NA,NA,NA,NA,NA,NA,NA,NA,NA,NA,NA,NA,NA,0,0,0,0,0,,,0,NA,,,,,,,NA,NA,NA,NA,NA,NA,NA,NA,NA,NA,NA,NA,NA,NA,0,
2319,4/3/14 8:00,"Broadway and Cross St, Somerville, MA",-71.0859942,42.3886405,1,1,3,2,3,2,2,1,13,99,1,5,,NA,NA,NA,NA,NA,NA,NA,NA,NA,NA,NA,NA,NA,NA,NA,0,0,0,0,0,,,0,NA,,,,,,,NA,NA,NA,NA,NA,NA,NA,NA,NA,NA,NA,NA,NA,NA,0,
2320,4/4/14 12:40,"605 Broadway, Somerville, MA",-71.108667,42.398939,,,,,,,2,NA,6,NA,,,,NA,NA,NA,NA,NA,NA,NA,NA,NA,NA,NA,NA,NA,NA,NA,0,0,0,0,0,,,0,NA,,,,,,,NA,NA,NA,NA,NA,NA,NA,NA,NA,NA,NA,NA,NA,NA,0,
2321,4/4/14 17:29,"238 Elm St, Somerville, MA",-71.1218845,42.3948566,2,2,1,1,4,1,1,1,4,NA,,,,NA,NA,NA,NA,NA,NA,NA,NA,NA,NA,NA,NA,NA,NA,NA,1,0,0,4,2,,3,1,NA,1,24,3,0,,,NA,NA,NA,NA,NA,NA,NA,NA,NA,NA,NA,NA,NA,NA,0,
2322,4/5/14 8:48,"Broadway and Garfield St, Somerville, MA",-71.0867525,42.3889844,3,2,3,2,1,3,2,2,99,NA,1,99,,NA,NA,NA,NA,NA,NA,NA,NA,NA,NA,NA,NA,NA,NA,NA,0,0,0,0,0,,,1,2,1,36,3,1,1,41,3,1,NA,NA,NA,NA,NA,NA,NA,NA,NA,NA,NA,NA,0,
2323,4/5/14 12:17,"180 Somerville Ave, Somerville, MA",-71.0904322,42.3764299,1,1,1,1,1,1,2,1,1,NA,1,5,,NA,NA,NA,NA,NA,NA,NA,NA,NA,NA,NA,NA,NA,NA,NA,0,0,0,0,0,,,0,NA,,,,,,,NA,NA,NA,NA,NA,NA,NA,NA,NA,NA,NA,NA,NA,NA,0,
2324,4/6/14 0:30,"9 Bond St, Somerville, MA",-71.0962465,42.3946663,1,1,1,1,4,3,2,2,20,NA,2,99,,NA,NA,NA,NA,NA,NA,NA,NA,NA,NA,NA,NA,NA,NA,NA,0,0,0,0,0,,,0,NA,,,,,,,NA,NA,NA,NA,NA,NA,NA,NA,NA,NA,NA,NA,NA,NA,0,
2325,4/8/14 2:07,"Benton Rd and Cambria St, Somerville, MA",-71.105966,42.3879499,3,2,1,3,1,1,1,NA,1,NA,,,,NA,NA,NA,NA,NA,NA,NA,NA,NA,NA,NA,NA,NA,NA,NA,0,0,1,9,97,Fire hydrant,,0,NA,,,,,,,NA,NA,NA,NA,NA,NA,NA,NA,NA,NA,NA,NA,NA,NA,0,
2326,4/8/14 14:41,"30 Summer St, Somerville, MA",-71.0990054,42.382657,2,2,1,9,1,3,1,1,4,NA,,,,NA,NA,NA,NA,NA,NA,NA,NA,NA,NA,NA,NA,NA,NA,NA,1,0,0,10,2,,1,1,NA,0,26,4,0,,,NA,NA,NA,NA,NA,NA,NA,NA,NA,NA,NA,NA,NA,NA,0,
2327,4/9/14 3:02,"366 Somerville Ave, Somerville, MA",-71.099419,42.380767,1,1,1,1,4,4,4,NA,10,NA,,1,,NA,1,NA,NA,1,NA,NA,NA,NA,NA,NA,NA,NA,NA,NA,0,0,0,0,0,,,1,NA,0,31,4,1,,,NA,NA,NA,NA,NA,NA,NA,NA,NA,NA,NA,NA,NA,NA,0,
2328,4/10/14 0:06,"181 Boston Ave, Somerville, MA",-71.1285272,42.4157496,1,1,1,1,2,1,3,1,20,NA,,1,,NA,1,NA,NA,NA,NA,NA,NA,NA,NA,NA,NA,NA,NA,NA,0,0,0,0,0,,,0,NA,,,,,,,NA,NA,NA,NA,NA,NA,NA,NA,NA,NA,NA,NA,NA,NA,0,
2329,4/10/14 8:13,"Windsor St and South St, Somerville, MA",-71.0928349,42.3752417,1,1,2,3,1,3,2,1,1,NA,,3,,NA,NA,NA,NA,NA,NA,NA,NA,NA,NA,NA,NA,NA,NA,NA,0,0,0,0,0,,,0,NA,,,,,,,NA,NA,NA,NA,NA,NA,NA,NA,NA,NA,NA,NA,NA,NA,0,
2330,4/10/14 20:47,"674 Broadway, Somerville, MA",-71.1116108,42.3995285,,,,,,,NA,NA,NA,NA,,,,NA,NA,NA,NA,NA,NA,NA,NA,NA,NA,NA,NA,NA,NA,NA,0,0,0,0,0,,,0,NA,,,,,,,NA,NA,NA,NA,NA,NA,NA,NA,NA,NA,NA,NA,NA,NA,0,14011033
2331,4/11/14 8:26,"Central St and Berkeley St, Somerville, MA",-71.1042985,42.387162,2,1,2,3,1,6,2,1,6,NA,1,1,,NA,NA,NA,NA,NA,NA,NA,NA,NA,NA,NA,NA,NA,NA,NA,0,0,0,0,0,,,0,NA,,,,,,,NA,NA,NA,NA,NA,NA,NA,NA,NA,NA,NA,NA,NA,NA,0,
2332,4/11/14 10:30,"237 Washington St, Somerville, MA",-71.0935829,42.3798769,2,1,7,1,1,6,2,2,16,8,1,1,,NA,NA,NA,NA,NA,NA,NA,NA,NA,NA,NA,NA,NA,NA,NA,0,0,0,0,0,,,1,NA,1,48,4,1,,,NA,NA,NA,NA,NA,NA,NA,NA,NA,NA,NA,NA,NA,NA,0,
2333,4/11/14 13:31,"23-25 Washington St, Somerville, MA",-71.082215,42.38214,2,1,1,1,2,3,2,2,1,NA,2,4,,NA,NA,NA,NA,NA,NA,NA,NA,NA,NA,NA,NA,NA,NA,NA,0,0,0,0,0,,,1,2,1,34,4,1,1,34,4,2,NA,NA,NA,NA,NA,NA,NA,NA,NA,NA,NA,NA,0,
2334,4/11/14 20:44,"6 Lowell Terrace, Somerville, MA",-71.10459,42.3959221,2,1,1,1,1,1,1,2,99,NA,,,,NA,NA,NA,NA,NA,NA,NA,NA,NA,NA,NA,NA,NA,NA,NA,0,0,1,0,0,Fence,,1,NA,1,50,2,1,,,NA,NA,NA,NA,NA,NA,NA,NA,NA,NA,NA,NA,NA,NA,0,
2335,4/11/14 14:02,"School St and Madison St, Somerville, MA",-71.0982006,42.3876041,2,,1,3,4,1,1,1,1,NA,,,,NA,NA,NA,NA,NA,NA,NA,NA,NA,NA,NA,NA,NA,NA,NA,1,0,0,2,1,,5a,1,NA,1,51,4,0,,,NA,NA,NA,NA,NA,NA,NA,NA,NA,NA,NA,NA,NA,NA,0,
2336,4/12/14 17:02,"Washington St and Rossmore St, Somerville, MA",-71.0914197,42.3796198,1,1,1,3,1,3,2,1,4,19,1,1,,NA,NA,NA,NA,NA,NA,NA,NA,NA,NA,NA,NA,NA,NA,NA,0,0,0,0,0,,,0,NA,,,,,,,NA,NA,NA,NA,NA,NA,NA,NA,NA,NA,NA,NA,NA,NA,0,
2337,4/13/14 7:33,"Somerville Ave and Craigie St, Somerville, MA",-71.1128913,42.3852149,1,1,99,1,1,99,1,NA,99,NA,,,,NA,NA,NA,NA,NA,NA,NA,NA,NA,NA,NA,NA,NA,NA,NA,1,0,0,2,1,,7,1,NA,1,39,3,1,,,NA,NA,NA,NA,NA,NA,NA,NA,NA,NA,NA,NA,NA,NA,0,
2338,4/13/14 7:57,"Columbus Ave and Bonner Ave, Somerville, MA",-71.0935999,42.3807138,2,1,2,3,4,3,2,6,1,NA,2,1,,NA,NA,NA,NA,NA,NA,NA,NA,NA,NA,NA,NA,NA,NA,NA,0,0,0,0,0,,,0,NA,,,,,,,NA,NA,NA,NA,NA,NA,NA,NA,NA,NA,NA,NA,NA,NA,1,Fire truck? Turning struck parked MV far from curb
2339,4/14/14 11:51,"Properzi Way and Elliot St, Somerville, MA",-71.1068088,42.3803229,,,,,,,2,1,1,NA,,,,NA,NA,NA,NA,NA,NA,NA,NA,NA,NA,NA,NA,NA,NA,NA,0,0,0,0,0,,,0,NA,,,,,,,NA,NA,NA,NA,NA,NA,NA,NA,NA,NA,NA,NA,NA,NA,0,
2340,4/15/14 14:25,"42 Crescent St, Somerville, MA",-71.0796847,42.3830918,3,2,1,1,4,2,2,2,18,NA,1,1,,NA,NA,NA,NA,NA,NA,NA,NA,NA,NA,NA,NA,NA,NA,NA,0,0,0,0,0,,,0,NA,,,,,,,NA,NA,NA,NA,NA,NA,NA,NA,NA,NA,NA,NA,NA,NA,1,DPW backed into MV
2341,4/17/14 17:29,"300 Somerville Ave, Somerville, MA",-71.0973702,42.3800117,,,,,,,1,1,4,NA,,,,NA,NA,NA,NA,NA,NA,NA,NA,NA,NA,NA,NA,NA,NA,NA,0,1,0,1,1,,5,0,NA,,,,,,,NA,NA,NA,NA,NA,NA,NA,NA,NA,NA,NA,NA,NA,NA,0,
2343,4/19/14 13:20,"255 Medford St, Somerville, MA",-71.0917598,42.3841204,1,1,1,1,,4,2,2,1,NA,3,,,NA,NA,NA,NA,NA,NA,NA,NA,NA,NA,NA,NA,NA,NA,NA,0,0,1,4,2,Motorcycle,7,1,NA,1,52,2,1,,,NA,NA,NA,NA,NA,NA,NA,NA,NA,NA,NA,NA,NA,NA,1,SPD motorcycle struck by MV pulling to right
2344,4/20/14 11:58,"Highland Ave and Waldo St, Somerville, MA",-71.1042946,42.3887145,,,,,,,2,1,1,NA,2,1,,NA,NA,NA,NA,NA,NA,NA,NA,NA,NA,NA,NA,NA,NA,NA,0,0,0,0,0,,,0,NA,,,,,,,NA,NA,NA,NA,NA,NA,NA,NA,NA,NA,NA,NA,NA,NA,0,
2345,4/20/14 15:26,"Webster Ave and Prospect St, Somerville, MA",-71.0955943,42.376968,1,1,3,2,2,4,1,1,1,NA,,,,NA,NA,NA,NA,NA,NA,NA,NA,NA,NA,NA,NA,NA,NA,NA,1,0,0,4,2,,1,1,NA,0,33,4,1,,,NA,NA,NA,NA,NA,NA,NA,NA,NA,NA,NA,NA,NA,NA,0,
2346,4/21/14 12:30,"41 Florence St, Somerville, MA",-71.082827,42.3834779,1,1,1,1,4,1,1,13,97,NA,,,,NA,NA,NA,NA,NA,NA,NA,NA,NA,NA,NA,NA,NA,NA,NA,0,0,1,0,0,Tree ,,0,NA,,,,,,,NA,NA,NA,NA,NA,NA,NA,NA,NA,NA,NA,NA,NA,NA,0,
2347,4/22/14 6:33,"Broadway and Mason St, Somerville, MA",-71.1226344,42.4015565,1,1,2,3,2,3,2,2,99,NA,1,99,,NA,NA,NA,NA,NA,NA,NA,NA,NA,NA,NA,NA,NA,NA,NA,0,0,0,0,0,,,1,NA,1,25,4,0,,,NA,NA,NA,NA,NA,NA,NA,NA,NA,NA,NA,NA,NA,NA,0,
2348,4/22/14 20:53,"333 Highland Ave, Somerville, MA",-71.1157439,42.3936715,1,1,,1,2,4,4,2,14,NA,1,,,1,NA,NA,1,NA,NA,NA,NA,NA,NA,NA,NA,NA,NA,NA,0,0,0,0,0,,,0,NA,,,,,,,NA,NA,NA,NA,NA,NA,NA,NA,NA,NA,NA,NA,NA,NA,0,
2349,4/23/14 19:49,"39 Montrose St, Somerville, MA",-71.0998258,42.3889383,1,1,1,1,4,4,2,1,99,NA,1,,,NA,NA,NA,NA,NA,NA,NA,NA,NA,NA,NA,NA,NA,NA,NA,0,0,0,0,0,,,0,NA,,,,,,,NA,NA,NA,NA,NA,NA,NA,NA,NA,NA,NA,NA,NA,NA,0,
2350,4/24/14 1:48,"30 Dane St, Somerville, MA",-71.1040996,42.3810963,1,1,1,1,99,2,2,1,1,NA,2,99,,NA,NA,NA,NA,NA,NA,NA,NA,NA,NA,NA,NA,NA,NA,NA,0,0,0,0,0,,,0,NA,,,,,,,NA,NA,NA,NA,NA,NA,NA,NA,NA,NA,NA,NA,NA,NA,0,
2351,4/25/14 14:00,"Broadway and Wallace St, Somerville, MA",-71.1207517,42.4011008,,,,,,,2,1,1,NA,2,19,,NA,NA,NA,NA,NA,NA,NA,NA,NA,NA,NA,NA,NA,NA,NA,0,0,0,0,0,,,1,NA,1,25,4,0,,,NA,NA,NA,NA,NA,NA,NA,NA,NA,NA,NA,NA,NA,NA,0,
2352,4/25/14 17:36,"Warren St and Medford St, Somerville, MA",-71.0876474,42.3737985,1,1,2,3,4,4,2,2,2,NA,1,97,,NA,NA,NA,NA,NA,NA,NA,NA,NA,NA,NA,NA,NA,NA,NA,0,0,0,0,0,,,0,NA,,,,,,,NA,NA,NA,NA,NA,NA,NA,NA,NA,NA,NA,NA,NA,NA,0,
2353,4/26/14 2:10,"32 Beacon St, Somerville, MA",-71.102996,42.375106,1,1,99,1,1,2,3,1,1,NA,1,10,,1,1,NA,NA,NA,NA,NA,NA,NA,NA,NA,NA,NA,NA,NA,0,0,0,0,0,,,0,NA,,,,,,,NA,NA,NA,NA,NA,NA,NA,NA,NA,NA,NA,NA,NA,NA,0,
2354,4/26/14 2:57,"Myrtle St and Perkins St, Somerville, MA",-71.0826018,42.3855007,1,1,1,3,1,1,2,97,1,NA,1,,,NA,NA,NA,NA,NA,NA,NA,NA,NA,NA,NA,NA,NA,NA,NA,0,0,0,0,0,,,0,NA,,,,,,,NA,NA,NA,NA,NA,NA,NA,NA,NA,NA,NA,NA,NA,NA,1,Fire truck struck parked MV while turning
2355,4/27/14 9:10,"Central St and Vernon St, Somerville, MA",-71.1015146,42.3911489,2,2,2,3,1,3,2,1,1,NA,1,1,,NA,NA,NA,NA,NA,NA,NA,NA,NA,NA,NA,NA,NA,NA,NA,0,0,0,0,0,,,0,NA,,,,,,,NA,NA,NA,NA,NA,NA,NA,NA,NA,NA,NA,NA,NA,NA,0,
2356,4/28/14 12:08,"Beacon St and Washington St, Somerville, MA",-71.106382,42.3782892,,,,,,,2,1,NA,NA,1,5,,NA,NA,NA,NA,NA,NA,NA,NA,NA,NA,NA,NA,NA,NA,NA,0,0,0,0,0,,,1,NA,0,47,4,0,,,NA,NA,NA,NA,NA,NA,NA,NA,NA,NA,NA,NA,NA,NA,0,
2372,5/7/14 9:00,"Webster Ave and Tremont St, Somerville, MA",-71.0952351,42.3758647,1,1,1,4,2,4,2,1,19,NA,1,1,,NA,NA,NA,NA,NA,NA,NA,NA,NA,NA,NA,NA,NA,NA,NA,0,0,0,0,0,,,0,NA,,,,,,,NA,NA,NA,NA,NA,NA,NA,NA,NA,NA,NA,NA,NA,NA,0,
2357,4/28/14 11:27,"Summer St and Cutter Ave, Somerville, MA",-71.1206131,42.3940936,1,1,3,2,4,1,1,NA,97,NA,,,,NA,NA,NA,NA,NA,NA,NA,NA,NA,NA,NA,NA,NA,NA,NA,0,1,0,2,1,,2,1,NA,0,72,3,0,,,NA,NA,NA,NA,NA,NA,NA,NA,NA,NA,NA,NA,NA,NA,0,
2358,4/29/14 11:51,"Foley St and Grand Union Blvd, Somerville, MA",-71.0805024,42.3930129,2,1,2,2,1,3,2,1,4,NA,1,1,,NA,NA,NA,NA,NA,NA,NA,NA,NA,NA,NA,NA,NA,NA,NA,0,0,0,0,0,,,0,NA,,,,,,,NA,NA,NA,NA,NA,NA,NA,NA,NA,NA,NA,NA,NA,NA,0,
2359,4/29/14 14:55,"49 Porter St, Somerville, MA",-71.111801,42.388527,2,1,1,1,1,2,2,2,10,19,1,1,,NA,NA,NA,NA,NA,NA,NA,NA,NA,NA,NA,NA,NA,NA,NA,0,0,0,0,0,,,1,NA,0,27,3,1,,,NA,NA,NA,NA,NA,NA,NA,NA,NA,NA,NA,NA,NA,NA,0,
2360,4/29/14 17:59,"Broadway and Alfred St, Somerville, MA",-71.1077074,42.3984168,2,1,1,3,1,3,2,1,4,6,1,1,,NA,NA,NA,NA,NA,NA,NA,NA,NA,NA,NA,NA,NA,NA,NA,0,0,0,0,0,,,0,NA,,,,,,,NA,NA,NA,NA,NA,NA,NA,NA,NA,NA,NA,NA,NA,NA,0,
2361,4/29/14 19:10,"119 College Ave, Somerville, MA",-71.1177554,42.3999816,2,1,1,1,1,3,3,1,1,NA,1,19,,1,1,NA,NA,NA,NA,NA,NA,NA,NA,NA,NA,NA,NA,NA,0,0,0,0,0,,,0,NA,,,,,,,NA,NA,NA,NA,NA,NA,NA,NA,NA,NA,NA,NA,NA,NA,0,
2362,4/30/14 14:41,"McGrath Hwy and Medford St, Somerville, MA",-71.0902338,42.3820569,1,1,3,1,1,1,2,2,1,NA,1,10,,NA,NA,NA,NA,NA,NA,NA,NA,NA,NA,NA,NA,NA,NA,NA,0,0,0,0,0,,,0,NA,,,,,,,NA,NA,NA,NA,NA,NA,NA,NA,NA,NA,NA,NA,NA,NA,0,
2363,4/30/14 9:08,"Francis St and Highland Ave, Somerville, MA",-71.0994968,42.3875968,3,2,3,3,2,1,1,1,1,NA,,,,NA,NA,NA,NA,NA,NA,NA,NA,NA,NA,NA,NA,NA,NA,NA,1,0,0,2,1,,5a,1,NA,0,22,4,1,,,NA,NA,NA,NA,NA,NA,NA,NA,NA,NA,NA,NA,NA,NA,0,
2364,4/30/14 14:40,"101 Highland Ave, Somerville, MA",-71.0992014,42.3873338,2,1,1,1,1,4,2,1,99,NA,97,99,,NA,NA,NA,NA,NA,NA,NA,NA,NA,NA,NA,NA,NA,NA,NA,0,0,0,0,0,,,0,NA,,,,,,,NA,NA,NA,NA,NA,NA,NA,NA,NA,NA,NA,NA,NA,NA,1,Car sideswipped parked fire truck
2365,5/1/14 17:25,"Broadway and College Ave, Somerville, MA",-71.117348,42.400524,1,1,1,7,4,4,2,1,99,NA,2,99,,NA,NA,NA,NA,NA,NA,NA,NA,NA,NA,NA,NA,NA,NA,NA,0,0,0,0,0,,,1,NA,0,88,4,1,,,NA,NA,NA,NA,NA,NA,NA,NA,NA,NA,NA,NA,NA,NA,0,
2366,5/2/14 6:10,"Flint St and Glen St, Somerville, MA",-71.0865946,42.3842428,1,1,2,2,1,6,4,1,4,NA,1,99,,1,1,NA,1,1,NA,NA,NA,NA,NA,NA,NA,NA,NA,NA,0,0,0,0,0,,,0,NA,,,,,,,NA,NA,NA,NA,NA,NA,NA,NA,NA,NA,NA,NA,NA,NA,0,
2367,5/2/14 21:40,"Medford St, Somerville, MA",-71.0984882,42.3904373,1,1,1,1,2,1,1,1,21,9,,,,NA,NA,NA,NA,NA,NA,NA,NA,NA,NA,NA,NA,NA,NA,NA,0,0,1,0,0,Tree ,,0,NA,,,,,,,NA,NA,NA,NA,NA,NA,NA,NA,NA,NA,NA,NA,NA,NA,0,
2368,5/3/14 20:26,"Middlesex Ave, Somerville, MA",-71.0831773,42.3931891,1,1,3,3,2,2,2,NA,1,NA,,5,,NA,NA,NA,NA,NA,NA,NA,NA,NA,NA,NA,NA,NA,NA,NA,0,0,0,0,0,,,0,NA,,,,,,,NA,NA,NA,NA,NA,NA,NA,NA,NA,NA,NA,NA,NA,NA,0,
2369,5/4/14 0:30,"58 Bow St, Somerville, MA",-71.0991487,42.3814928,1,1,1,1,4,4,4,2,1,NA,1,1,,1,1,NA,2,9,NA,NA,NA,NA,NA,NA,NA,NA,NA,NA,0,0,0,0,0,,,0,NA,,,,,,,NA,NA,NA,NA,NA,NA,NA,NA,NA,NA,NA,NA,NA,NA,0,
2370,5/5/14 8:18,"201 Willow Ave, Somerville, MA",-71.1141142,42.3973541,1,1,1,1,1,4,2,2,9,NA,2,1,,NA,NA,NA,NA,NA,NA,NA,NA,NA,NA,NA,NA,NA,NA,NA,0,0,0,0,0,,,0,NA,,,,,,,NA,NA,NA,NA,NA,NA,NA,NA,NA,NA,NA,NA,NA,NA,0,
2371,5/5/14 15:13,"Grove St and Elm St, Somerville, MA",-71.1214561,42.3947474,1,1,1,3,2,1,1,3,99,NA,,,,NA,NA,NA,NA,NA,NA,NA,NA,NA,NA,NA,NA,NA,NA,NA,0,0,1,4,2,Vespa Scooter,,1,NA,1,52,3,1,,,NA,NA,NA,NA,NA,NA,NA,NA,NA,NA,NA,NA,NA,NA,0,
2373,5/7/14 19:15,"239 Holland St, Somerville, MA",-71.1267484,42.4027726,2,1,1,1,2,1,1,NA,5,NA,,,,NA,NA,NA,NA,NA,NA,NA,NA,NA,NA,NA,NA,NA,NA,NA,0,0,1,0,0,Highway sign,,0,NA,,,,,,,NA,NA,NA,NA,NA,NA,NA,NA,NA,NA,NA,NA,NA,NA,0,
2374,5/8/14 8:31,"Hall Ave and College Ave, Somerville, MA",-71.1207344,42.3986229,1,1,2,3,1,3,2,1,1,NA,2,4,,NA,NA,NA,NA,NA,NA,NA,NA,NA,NA,NA,NA,NA,NA,NA,0,0,0,0,0,,,1,2,1,29,4,0,1,60,4,0,NA,NA,NA,NA,NA,NA,NA,NA,NA,NA,NA,NA,0,
2375,5/10/14 11:12,"64 Porter St, Somerville, MA",-71.1117658,42.3893669,2,2,1,1,1,1,1,NA,99,NA,,,,NA,NA,NA,NA,NA,NA,NA,NA,NA,NA,NA,NA,NA,NA,NA,0,0,1,9,97,Brick wall,,0,NA,,,,,,,NA,NA,NA,NA,NA,NA,NA,NA,NA,NA,NA,NA,NA,NA,0,
2376,5/11/14 19:11,"89 Dover St, Somerville, MA",-71.124489,42.396294,1,1,1,1,4,99,3,1,NA,NA,1,,,1,NA,NA,NA,NA,NA,NA,NA,NA,NA,NA,NA,NA,NA,NA,0,0,0,0,0,,,0,NA,,,,,,,NA,NA,NA,NA,NA,NA,NA,NA,NA,NA,NA,NA,NA,NA,0,
2377,5/11/14 18:50,"Meacham Rd and Orchard St, Somerville, MA",-71.126069,42.396014,1,1,1,3,4,1,1,1,18,NA,,,,NA,NA,NA,NA,NA,NA,NA,NA,NA,NA,NA,NA,NA,NA,NA,0,1,0,4,6,,1,1,NA,1,23,4,0,,,NA,NA,NA,NA,NA,NA,NA,NA,NA,NA,NA,NA,NA,NA,0,
2378,5/11/14 16:04,"190 Highland Ave, Somerville, MA",-71.1061908,42.3893911,1,1,1,1,1,4,1,1,NA,NA,,,99,NA,NA,NA,NA,NA,NA,NA,NA,NA,NA,NA,NA,NA,NA,NA,1,0,0,4,2,,1,1,NA,0,52,3,1,,,NA,NA,NA,NA,NA,NA,NA,NA,NA,NA,NA,NA,NA,NA,0,
2379,5/12/14 17:03,"Myrtle St and Washington St, Somerville, MA",-71.083928,42.3816588,1,1,1,3,1,1,1,1,19,NA,,,,NA,NA,NA,NA,NA,NA,NA,NA,NA,NA,NA,NA,NA,NA,NA,0,0,1,0,0,Sign,,1,NA,1,52,5,1,,,NA,NA,NA,NA,NA,NA,NA,NA,NA,NA,NA,NA,NA,NA,0,
2380,5/12/14 17:09,"120 Bartlett St, Somerville, MA",-71.1006945,42.3957584,1,1,1,1,4,4,2,1,1,NA,2,,,NA,NA,NA,NA,NA,NA,NA,NA,NA,NA,NA,NA,NA,NA,NA,0,0,0,0,0,,,0,NA,,,,,,,NA,NA,NA,NA,NA,NA,NA,NA,NA,NA,NA,NA,NA,NA,0,
2381,5/14/14 17:20,"14 Hawkins St, Somerville, MA",-71.0979776,42.3799321,1,1,1,1,4,3,3,1,4,NA,1,1,,1,NA,NA,NA,NA,NA,NA,NA,NA,NA,NA,NA,NA,NA,NA,0,0,0,0,0,,,0,NA,,,,,,,NA,NA,NA,NA,NA,NA,NA,NA,NA,NA,NA,NA,NA,NA,0,
2382,5/14/14 17:00,"176 Somerville Ave, Somerville, MA",-71.0897727,42.3764446,1,1,1,1,2,1,1,NA,99,NA,,,,NA,NA,NA,NA,NA,NA,NA,NA,NA,NA,NA,NA,NA,NA,NA,1,0,0,4,2,,1,1,NA,0,25,4,1,,,NA,NA,NA,NA,NA,NA,NA,NA,NA,NA,NA,NA,NA,NA,0,