id,date_time,address,lon,lat,Weather,road_surface,traffic_control_device,intersection_type,traffic_way_desc,collision_manner,num_involved_vehicles,vehicle1_configuration,driver1_contrib1,driver1_contrib2,vehicle2_configuration,driver2_contrib1,driver2_contrib2,vehicle3_configuration,driver3_contrib1,driver3_contrib2,vehicle4_configuration,driver4_contrib1,driver4_contrib2,vehicle5_configuration,driver5_contrib1,driver5_contrib2,vehicle6_configuration,driver6_contrib1,driver6_contrib2,vehicle7_configuration,driver7_contrib1,driver7_contrib2,Bicycle,Pedestrian,non_mv,non_motorist_location,non_motorist_action,non_motorist_type,manner_of_non_motorist_collision,Injury,Multiple,Gender1,Age1,Severity1,Hospital1,Gender2,Age2,Severity2,Hospital2,Gender3,Age3,Severity3,Hospital3,Gender4,Age4,Severity4,Hospital4,Gender5,Age5,Severity5,Hospital5,city_vehicle,Notes
2383,5/14/14 11:44,"5 Cutter Ave , Somerville, MA",-71.120015,42.394265,1,1,1,1,4,2,2,1,1,NA,2,99,,NA,NA,NA,NA,NA,NA,NA,NA,NA,NA,NA,NA,NA,NA,NA,0,0,0,0,0,,,1,NA,1,22,4,1,,,NA,NA,NA,NA,NA,NA,NA,NA,NA,NA,NA,NA,NA,NA,1,DPW rear-ended MV that stopped for pedestrian not in crosswalk
2384,5/15/14 10:35,"Broadway and Temple St, Somerville, MA",-71.0934064,42.3925566,1,1,3,3,2,2,2,1,97,NA,2,1,,NA,NA,NA,NA,NA,NA,NA,NA,NA,NA,NA,NA,NA,NA,NA,0,0,0,0,0,,,1,NA,1,44,4,1,,,NA,NA,NA,NA,NA,NA,NA,NA,NA,NA,NA,NA,NA,NA,0,
2385,5/15/14 15:10,"Central St and Monmouth St, Somerville, MA",-71.1056142,42.3852716,2,1,2,3,4,3,3,1,4,NA,2,1,,1,NA,NA,NA,NA,NA,NA,NA,NA,NA,NA,NA,NA,NA,NA,0,0,0,0,0,,,1,NA,1,88,3,0,,,NA,NA,NA,NA,NA,NA,NA,NA,NA,NA,NA,NA,NA,NA,0,
2386,5/15/14 18:34,"74 Perkins St, Somerville, MA",-71.0794192,42.3843498,99,99,99,99,99,99,1,1,99,NA,,,,NA,NA,NA,NA,NA,NA,NA,NA,NA,NA,NA,NA,NA,NA,NA,0,0,0,0,0,,,0,NA,,,,,,,NA,NA,NA,NA,NA,NA,NA,NA,NA,NA,NA,NA,NA,NA,0,
2387,5/15/14 18:00,"Broadway and Warner St, Somerville, MA",-71.116275,42.401082,1,1,4,7,4,3,1,2,1,NA,,9,,NA,NA,NA,NA,NA,NA,NA,NA,NA,NA,NA,NA,NA,NA,NA,1,0,0,4,2,,7,1,2,1,25,3,0,0,85,4,1,NA,NA,NA,NA,NA,NA,NA,NA,NA,NA,NA,NA,0,Bicyclist not tranported; driver was
2388,5/15/14 18:25,"411 Highland Ave, Somerville, MA",-71.1213025,42.3962814,1,1,1,1,4,3,1,1,97,NA,,,,NA,NA,NA,NA,NA,NA,NA,NA,NA,NA,NA,NA,NA,NA,NA,1,0,0,4,2,,3,1,NA,1,57,3,1,,,NA,NA,NA,NA,NA,NA,NA,NA,NA,NA,NA,NA,NA,NA,0,
2389,5/17/14 12:18,"680 Somerville Ave, Somerville, MA",-71.1131546,42.3851059,97,97,97,97,4,2,2,NA,1,NA,,,,NA,NA,NA,NA,NA,NA,NA,NA,NA,NA,NA,NA,NA,NA,NA,0,0,0,0,0,,,0,NA,,,,,,,NA,NA,NA,NA,NA,NA,NA,NA,NA,NA,NA,NA,NA,NA,0,
2390,5/17/14 16:28,"289 Lowell St, Somerville, MA",-71.1052817,42.3937832,1,1,1,1,1,4,2,1,10,9,2,,,NA,NA,NA,NA,NA,NA,NA,NA,NA,NA,NA,NA,NA,NA,NA,0,0,0,0,0,,,1,NA,1,47,4,1,,,NA,NA,NA,NA,NA,NA,NA,NA,NA,NA,NA,NA,NA,NA,0,
2391,5/18/14 9:10,"400 Somerville Ave, Somerville, MA",-71.1015967,42.3807302,1,1,1,1,2,1,1,NA,NA,NA,,,,NA,NA,NA,NA,NA,NA,NA,NA,NA,NA,NA,NA,NA,NA,NA,1,0,0,4,2,,8,1,NA,1,14,3,1,,,NA,NA,NA,NA,NA,NA,NA,NA,NA,NA,NA,NA,NA,NA,0,
2392,5/19/14 12:16,"Medford St and Partridge Ave , Somerville, MA",-71.1027047,42.3951947,2,1,2,2,1,2,2,1,99,NA,1,99,,NA,NA,NA,NA,NA,NA,NA,NA,NA,NA,NA,NA,NA,NA,NA,0,0,0,0,0,,,1,2,1,78,4,1,1,6,4,1,NA,NA,NA,NA,NA,NA,NA,NA,NA,NA,NA,NA,0,
2393,5/19/14 18:28,"Newton St and Webster St, Somerville, MA",-71.0846043,42.3856234,2,1,2,3,4,99,2,1,99,NA,1,99,,NA,NA,NA,NA,NA,NA,NA,NA,NA,NA,NA,NA,NA,NA,NA,0,0,0,0,0,,,0,NA,,,,,,,NA,NA,NA,NA,NA,NA,NA,NA,NA,NA,NA,NA,NA,NA,0,
2394,5/22/14 19:32,"Tremont St and Webster Ave, Somerville, MA",-71.0952351,42.3758647,2,1,1,3,1,1,1,1,1,NA,,,,NA,NA,NA,NA,NA,NA,NA,NA,NA,NA,NA,NA,NA,NA,NA,1,0,0,2,1,,2,1,NA,1,33,3,1,,,NA,NA,NA,NA,NA,NA,NA,NA,NA,NA,NA,NA,NA,NA,0,
2395,5/24/14 0:00,"98 Albion St, Somerville, MA",-71.10759,42.3914035,1,1,1,1,4,4,2,1,99,NA,,,,NA,NA,NA,NA,NA,NA,NA,NA,NA,NA,NA,NA,NA,NA,NA,0,0,0,0,0,,,0,NA,,,,,,,NA,NA,NA,NA,NA,NA,NA,NA,NA,NA,NA,NA,NA,NA,0,
2396,5/24/14 13:55,"280 Highland Ave, Somerville, MA",-71.112117,42.391821,1,1,3,1,1,2,2,1,1,NA,2,10,,NA,NA,NA,NA,NA,NA,NA,NA,NA,NA,NA,NA,NA,NA,NA,0,0,0,0,0,,,1,NA,1,64,4,0,,,NA,NA,NA,NA,NA,NA,NA,NA,NA,NA,NA,NA,NA,NA,0,
2397,5/25/14 19:35,"Broadway and Garfield St, Somerville, MA",-71.0867525,42.3889844,1,1,3,2,1,3,2,1,3,23,1,1,,NA,NA,NA,NA,NA,NA,NA,NA,NA,NA,NA,NA,NA,NA,NA,0,0,0,0,0,,,1,NA,0,16,2,1,,,NA,NA,NA,NA,NA,NA,NA,NA,NA,NA,NA,NA,NA,NA,0,
2398,5/27/14 15:46,"237 Elm St, Somerville, MA",-71.1216307,42.3950242,1,1,1,1,4,4,2,1,99,NA,,99,,NA,NA,NA,NA,NA,NA,NA,NA,NA,NA,NA,NA,NA,NA,NA,0,0,0,0,0,,,0,NA,,,,,,,NA,NA,NA,NA,NA,NA,NA,NA,NA,NA,NA,NA,NA,NA,0,
2399,5/28/14 9:18,"Dane Ave and Dane St, Somerville, MA",-71.1046117,42.3804211,3,2,2,2,1,3,2,1,3,NA,2,1,,NA,NA,NA,NA,NA,NA,NA,NA,NA,NA,NA,NA,NA,NA,NA,0,0,0,0,0,,,0,NA,,,,,,,NA,NA,NA,NA,NA,NA,NA,NA,NA,NA,NA,NA,NA,NA,0,
2400,5/28/14 13:35,"119 Beacon St, Somerville, MA",-71.105905,42.3779196,2,1,1,1,1,1,1,1,1,NA,,,,NA,NA,NA,NA,NA,NA,NA,NA,NA,NA,NA,NA,NA,NA,NA,1,0,0,2,1,,7,1,NA,1,56,4,1,,,NA,NA,NA,NA,NA,NA,NA,NA,NA,NA,NA,NA,NA,NA,0,
2401,6/1/14 4:50,"McGrath Hwy and Chester Ave, Somerville, MA",-71.0913235,42.3838243,1,1,3,3,3,2,2,1,1,NA,1,1,,NA,NA,NA,NA,NA,NA,NA,NA,NA,NA,NA,NA,NA,NA,NA,0,0,0,0,0,,,1,NA,0,30,3,1,,,NA,NA,NA,NA,NA,NA,NA,NA,NA,NA,NA,NA,NA,NA,0,
2402,6/1/14 13:54,"61 Florence St, Somerville, MA",-71.0822682,42.3844003,1,1,1,1,1,5,2,6,99,NA,2,1,,NA,NA,NA,NA,NA,NA,NA,NA,NA,NA,NA,NA,NA,NA,NA,0,0,0,0,0,,,0,NA,,,,,,,NA,NA,NA,NA,NA,NA,NA,NA,NA,NA,NA,NA,NA,NA,0,
2403,6/1/14 18:24,"Bow St and Warren Ave, Somerville, MA",-71.0967461,42.3803419,1,1,3,2,4,2,2,1,19,NA,1,1,,NA,NA,NA,NA,NA,NA,NA,NA,NA,NA,NA,NA,NA,NA,NA,0,0,0,0,0,,,1,NA,0,44,4,1,,,NA,NA,NA,NA,NA,NA,NA,NA,NA,NA,NA,NA,NA,NA,0,
2404,6/2/14 6:58,"855 Broadway, Somerville, MA",-71.1175301,42.4010785,1,1,1,7,4,2,2,2,99,NA,1,99,,NA,NA,NA,NA,NA,NA,NA,NA,NA,NA,NA,NA,NA,NA,NA,0,0,0,0,0,,,1,NA,1,52,4,1,,,NA,NA,NA,NA,NA,NA,NA,NA,NA,NA,NA,NA,NA,NA,0,
2405,6/2/14 8:37,"Broadway and Dexter St, Somerville, MA",-71.0673968,42.3942508,3,6,3,2,2,6,2,1,NA,NA,,,,NA,NA,NA,NA,NA,NA,NA,NA,NA,NA,NA,NA,NA,NA,NA,0,0,0,0,0,,,0,NA,,,99,,,,NA,NA,NA,NA,NA,NA,NA,NA,NA,NA,NA,NA,NA,NA,0,
2406,6/2/14 9:13,"Webster Ave and Newton St, Somerville, MA",-71.095842,42.3778737,1,1,2,2,1,3,2,1,4,NA,15,1,,NA,NA,NA,NA,NA,NA,NA,NA,NA,NA,NA,NA,NA,NA,NA,0,0,1,0,0,Moped,,1,2,1,37,4,0,0,34,4,0,NA,NA,NA,NA,NA,NA,NA,NA,NA,NA,NA,NA,0,
2407,6/3/14 18:38,"New Washington St, Somerville, MA",-71.0842298,42.3802155,2,1,1,1,2,1,1,2,99,NA,,,,NA,NA,NA,NA,NA,NA,NA,NA,NA,NA,NA,NA,NA,NA,NA,0,0,1,49,2,Dog,,0,NA,,,,,,,NA,NA,NA,NA,NA,NA,NA,NA,NA,NA,NA,NA,NA,NA,0,
2408,6/5/14 8:07,"Mystic Ave and Lombardi Way, Somerville, MA",-71.0776432,42.3869834,3,2,3,2,34,3,2,1,99,NA,1,99,,NA,NA,NA,NA,NA,NA,NA,NA,NA,NA,NA,NA,NA,NA,NA,0,0,0,0,0,,,0,NA,,,,,,,NA,NA,NA,NA,NA,NA,NA,NA,NA,NA,NA,NA,NA,NA,0,
2409,6/5/14 8:18,"Cedar St and Morrison Ave, Somerville, MA",-71.1107807,42.3944455,3,2,1,3,1,5,2,99,NA,NA,99,,,NA,NA,NA,NA,NA,NA,NA,NA,NA,NA,NA,NA,NA,NA,NA,0,0,0,0,0,,,0,NA,,,,,,,NA,NA,NA,NA,NA,NA,NA,NA,NA,NA,NA,NA,NA,NA,0,
2410,6/5/14 13:10,"Medford St and School St, Somerville, MA",-71.0971615,42.3891241,3,2,3,2,1,2,4,1,1,NA,1,1,,2,5,99,1,1,NA,NA,NA,NA,NA,NA,NA,NA,NA,NA,0,0,0,0,0,,,0,NA,,,,,,,NA,NA,NA,NA,NA,NA,NA,NA,NA,NA,NA,NA,NA,NA,0,
2411,6/5/14 14:22,"South St and Harding St, Somerville, MA",-71.0902116,42.3743491,3,2,2,3,1,3,2,1,1,NA,1,3,4,NA,NA,NA,NA,NA,NA,NA,NA,NA,NA,NA,NA,NA,NA,NA,0,0,0,0,0,,,0,NA,,,,,,,NA,NA,NA,NA,NA,NA,NA,NA,NA,NA,NA,NA,NA,NA,0,
2412,6/5/14 16:07,"59 North St, Somerville, MA",-71.1298374,42.407664,2,2,3,1,1,4,1,1,20,NA,,,,NA,NA,NA,NA,NA,NA,NA,NA,NA,NA,NA,NA,NA,NA,NA,0,0,1,0,0,Utility pole,,0,NA,,,,,,,NA,NA,NA,NA,NA,NA,NA,NA,NA,NA,NA,NA,NA,NA,0,
2413,6/6/14 17:13,"Elm St and Cherry St, Somerville, MA",-71.1166126,42.3892348,1,1,2,3,1,1,1,2,4,NA,,,,NA,NA,NA,NA,NA,NA,NA,NA,NA,NA,NA,NA,NA,NA,NA,1,0,0,2,1,,5,1,NA,1,27,3,0,,,NA,NA,NA,NA,NA,NA,NA,NA,NA,NA,NA,NA,NA,NA,0,
2414,6/7/14 22:20,"24 Lincoln St, Somerville, MA",-71.0811841,42.3856575,2,1,1,1,4,4,3,2,97,NA,2,1,,2,97,NA,NA,NA,NA,NA,NA,NA,NA,NA,NA,NA,NA,NA,0,0,0,0,0,,,0,NA,,,,,,,NA,NA,NA,NA,NA,NA,NA,NA,NA,NA,NA,NA,NA,NA,0,
2415,6/7/14 9:51,"Grand Union Blvd and Canal St, Somerville, MA",-71.0808684,42.3939483,1,1,1,2,1,1,1,1,99,NA,,,,NA,NA,NA,NA,NA,NA,NA,NA,NA,NA,NA,NA,NA,NA,NA,0,1,0,4,1,,5,1,NA,0,4,4,1,,,NA,NA,NA,NA,NA,NA,NA,NA,NA,NA,NA,NA,NA,NA,0,
2416,6/7/14 15:20,"480 Mystic Ave, Somerville, MA",-71.090408,42.3965355,1,1,1,1,2,2,2,1,1,NA,1,5,,NA,NA,NA,NA,NA,NA,NA,NA,NA,NA,NA,NA,NA,NA,NA,0,0,0,0,0,,,1,NA,1,55,3,1,,,NA,NA,NA,NA,NA,NA,NA,NA,NA,NA,NA,NA,NA,NA,1,Crusier rear-ended MV
2417,6/9/14 13:27,"406 Highland Ave , Somerville, MA",-71.1213652,42.3958348,1,1,1,1,4,1,1,1,1,NA,,,,NA,NA,NA,NA,NA,NA,NA,NA,NA,NA,NA,NA,NA,NA,NA,0,1,0,4,1,,5,1,NA,0,44,4,1,,,NA,NA,NA,NA,NA,NA,NA,NA,NA,NA,NA,NA,NA,NA,0,
2418,6/9/14 13:59,"Bonair St and Walnut St, Somerville, MA",-71.0919612,42.3893565,2,1,3,3,1,99,1,NA,99,NA,,3,,NA,NA,NA,NA,NA,NA,NA,NA,NA,NA,NA,NA,NA,NA,NA,1,0,0,4,2,,5,0,NA,,,,,,,NA,NA,NA,NA,NA,NA,NA,NA,NA,NA,NA,NA,NA,NA,0,
2419,6/11/14 9:10,"Broadway and Wheatland St, Somerville, MA",-71.0911431,42.3911131,1,1,2,3,2,3,2,1,18,NA,1,18,,NA,NA,NA,NA,NA,NA,NA,NA,NA,NA,NA,NA,NA,NA,NA,0,0,0,0,0,,,0,NA,,,,,,,NA,NA,NA,NA,NA,NA,NA,NA,NA,NA,NA,NA,NA,NA,0,
2420,6/11/14 14:51,"699 Broadway, Somerville, MA",-71.1119384,42.4000244,1,1,1,1,2,4,2,2,99,NA,1,99,,NA,NA,NA,NA,NA,NA,NA,NA,NA,NA,NA,NA,NA,NA,NA,0,0,0,0,0,,,1,NA,0,71,4,1,,,NA,NA,NA,NA,NA,NA,NA,NA,NA,NA,NA,NA,NA,NA,0,
2421,6/11/14 17:35,"59 Union Sq, Somerville, MA",-71.0956352,42.37992,1,1,3,1,1,2,2,1,1,NA,2,1,,NA,NA,NA,NA,NA,NA,NA,NA,NA,NA,NA,NA,NA,NA,NA,0,0,0,0,0,,,0,NA,,,,,,,NA,NA,NA,NA,NA,NA,NA,NA,NA,NA,NA,NA,NA,NA,0,
2422,6/12/14 7:30,"Broadway and Boston Ave, Somerville, MA",-71.111491,42.399676,3,2,3,2,1,6,2,1,1,NA,1,1,,NA,NA,NA,NA,NA,NA,NA,NA,NA,NA,NA,NA,NA,NA,NA,0,0,0,0,0,,,0,NA,,,,,,,NA,NA,NA,NA,NA,NA,NA,NA,NA,NA,NA,NA,NA,NA,0,
2423,6/12/14 7:40,"Broadway and Grant St, Somerville, MA",-71.0917969,42.3915907,1,1,1,3,2,3,2,2,1,NA,1,4,,NA,NA,NA,NA,NA,NA,NA,NA,NA,NA,NA,NA,NA,NA,NA,0,0,0,0,0,,,0,NA,,,,,,,NA,NA,NA,NA,NA,NA,NA,NA,NA,NA,NA,NA,NA,NA,0,
2424,6/12/14 10:21,"Dover St and Holland St, Somerville, MA",-71.1231672,42.397175,1,1,3,2,1,1,1,6,1,NA,,,,NA,NA,NA,NA,NA,NA,NA,NA,NA,NA,NA,NA,NA,NA,NA,0,1,0,1,1,,1,1,NA,0,90,1,1,,,NA,NA,NA,NA,NA,NA,NA,NA,NA,NA,NA,NA,NA,NA,0,
2425,6/13/14 5:55,"Somerville Ave and Hawkins St, Somerville, MA",-71.097742,42.3805046,3,2,1,1,1,3,2,1,1,NA,1,1,,NA,NA,NA,NA,NA,NA,NA,NA,NA,NA,NA,NA,NA,NA,NA,0,0,0,0,0,,,0,NA,,,,,,,NA,NA,NA,NA,NA,NA,NA,NA,NA,NA,NA,NA,NA,NA,0,
2426,6/13/14 8:46,"131 Central St, Somerville, MA",-71.100845,42.391684,1,2,1,1,1,3,2,1,1,NA,1,4,,NA,NA,NA,NA,NA,NA,NA,NA,NA,NA,NA,NA,NA,NA,NA,0,0,0,0,0,,,0,NA,,,,,,,NA,NA,NA,NA,NA,NA,NA,NA,NA,NA,NA,NA,NA,NA,0,
2427,6/13/14 12:06,"261 Washington St, Somerville, MA",-71.0969614,42.3797215,3,2,1,1,1,4,2,1,99,NA,2,4,,NA,NA,NA,NA,NA,NA,NA,NA,NA,NA,NA,NA,NA,NA,NA,0,0,0,0,0,,,0,NA,0,26,4,0,,,NA,NA,NA,NA,NA,NA,NA,NA,NA,NA,NA,NA,NA,NA,0,
2428,6/14/14 12:31,"Elm St and Linden Ave, Somerville, MA",-71.1146468,42.3870594,2,1,1,3,1,2,2,NA,1,NA,,99,,NA,NA,NA,NA,NA,NA,NA,NA,NA,NA,NA,NA,NA,NA,NA,0,0,0,0,0,,,0,NA,,,,,,,NA,NA,NA,NA,NA,NA,NA,NA,NA,NA,NA,NA,NA,NA,0,
2429,6/14/14 11:18,"Cross St and Ellsworth St, Somerville, MA",-71.0869684,42.3870626,2,1,1,2,1,3,1,1,99,NA,,,,NA,NA,NA,NA,NA,NA,NA,NA,NA,NA,NA,NA,NA,NA,NA,0,1,0,1,1,,5,1,NA,0,2,2,1,,,NA,NA,NA,NA,NA,NA,NA,NA,NA,NA,NA,NA,NA,NA,0,
2430,6/14/14 20:30,"Washington St and Webster Ave, Somerville, MA",-71.0964021,42.3796323,1,1,3,2,3,1,1,1,1,NA,,3,,NA,NA,NA,NA,NA,NA,NA,NA,NA,NA,NA,NA,NA,NA,NA,1,0,0,2,1,,5,1,NA,1,24,99,99,,,NA,NA,NA,NA,NA,NA,NA,NA,NA,NA,NA,NA,NA,NA,0,
2431,6/15/14 12:20,"100 Cross St, Somerville, MA",-71.088453,42.384526,1,1,1,1,1,3,2,1,12,NA,2,,,NA,NA,NA,NA,NA,NA,NA,NA,NA,NA,NA,NA,NA,NA,NA,0,0,0,0,0,,,0,NA,,,,,,,NA,NA,NA,NA,NA,NA,NA,NA,NA,NA,NA,NA,NA,NA,0,
2432,6/15/14 20:20,"River Rd and Canal Ln, Somerville, MA",-71.0939578,42.3967414,1,1,1,4,1,5,3,1,6,9,2,1,,1,1,NA,NA,NA,NA,NA,NA,NA,NA,NA,NA,NA,NA,NA,0,0,0,0,0,,,0,NA,,,,,,,NA,NA,NA,NA,NA,NA,NA,NA,NA,NA,NA,NA,NA,NA,0,
2433,6/15/14 18:08,"7 Union Sq, Somerville, MA",-71.095477,42.3792811,1,1,1,9,1,1,1,1,4,NA,,,,NA,NA,NA,NA,NA,NA,NA,NA,NA,NA,NA,NA,NA,NA,NA,1,0,0,4,2,,2,1,NA,1,60,3,1,,,NA,NA,NA,NA,NA,NA,NA,NA,NA,NA,NA,NA,NA,NA,0,
2434,6/16/14 8:08,"366 Broadway, Somerville, MA",-71.096413,42.3939201,1,1,1,1,2,4,2,1,1,NA,4,99,,NA,NA,NA,NA,NA,NA,NA,NA,NA,NA,NA,NA,NA,NA,NA,0,0,0,0,0,,,0,NA,,,,,,,NA,NA,NA,NA,NA,NA,NA,NA,NA,NA,NA,NA,NA,NA,0,MBTA bus sideswipped parked vehicle
2435,6/16/14 18:50,"182 Washington St, Somerville, MA",-71.0903363,42.3796678,1,1,1,1,1,4,2,1,99,NA,1,99,,NA,NA,NA,NA,NA,NA,NA,NA,NA,NA,NA,NA,NA,NA,NA,0,0,0,0,0,,,0,NA,,,,,,,NA,NA,NA,NA,NA,NA,NA,NA,NA,NA,NA,NA,NA,NA,0,
2436,6/16/14 14:30,"Webster Ave and Prospect St, Somerville, MA",-71.0955943,42.376968,1,1,3,2,1,1,1,2,1,NA,,1,,NA,NA,NA,NA,NA,NA,NA,NA,NA,NA,NA,NA,NA,NA,NA,1,0,0,2,1,,1,1,NA,0,28,3,99,,,NA,NA,NA,NA,NA,NA,NA,NA,NA,NA,NA,NA,NA,NA,0,
2437,6/16/14 18:05,"12 Glen St, Somerville, MA",-71.084276,42.387237,1,1,1,1,4,1,1,2,1,NA,,,,NA,NA,NA,NA,NA,NA,NA,NA,NA,NA,NA,NA,NA,NA,NA,1,0,0,9,2,,5a,1,NA,1,34,4,1,,,NA,NA,NA,NA,NA,NA,NA,NA,NA,NA,NA,NA,NA,NA,0,
2438,6/17/14 12:15,"New Washington St and Cobble Hill Rd, Somerville, MA",-71.083257,42.3801752,1,1,1,3,1,4,2,1,99,NA,6,99,,NA,NA,NA,NA,NA,NA,NA,NA,NA,NA,NA,NA,NA,NA,NA,0,0,0,0,0,,,0,NA,,,,,,,NA,NA,NA,NA,NA,NA,NA,NA,NA,NA,NA,NA,NA,NA,0,
2439,6/17/14 13:00,"Concord St and Dimick St, Somerville, MA",-71.1015754,42.3757514,1,1,1,3,1,4,2,NA,99,NA,1,1,,NA,NA,NA,NA,NA,NA,NA,NA,NA,NA,NA,NA,NA,NA,NA,0,0,0,0,0,,,0,NA,,,,,,,NA,NA,NA,NA,NA,NA,NA,NA,NA,NA,NA,NA,NA,NA,0,
2440,6/18/14 11:21,"Holland St and Buena Vista Rd, Somerville, MA",-71.1239122,42.3982181,1,1,1,3,1,3,2,1,99,NA,1,99,,NA,NA,NA,NA,NA,NA,NA,NA,NA,NA,NA,NA,NA,NA,NA,0,0,0,0,0,,,1,2,0,11,3,1,0,44,3,0,NA,NA,NA,NA,NA,NA,NA,NA,NA,NA,NA,NA,0,
2441,6/18/14 17:19,"Walnut St and Highland Ave, Somerville, MA",-71.0941672,42.3851419,1,1,1,1,4,4,2,1,19,NA,2,1,,NA,NA,NA,NA,NA,NA,NA,NA,NA,NA,NA,NA,NA,NA,NA,0,0,0,0,0,,,0,NA,,,,,,,NA,NA,NA,NA,NA,NA,NA,NA,NA,NA,NA,NA,NA,NA,0,
2442,6/18/14 11:31,"Broadway and Walnut St, Somerville, MA",-71.0906239,42.3909797,1,1,24,3,3,3,2,2,97,NA,2,4,,NA,NA,NA,NA,NA,NA,NA,NA,NA,NA,NA,NA,NA,NA,NA,0,0,0,0,0,,,1,NA,1,52,3,1,,,NA,NA,NA,NA,NA,NA,NA,NA,NA,NA,NA,NA,NA,NA,1,"MV struck cruiser, entering intersection w. blue lights; sight blocked by fire truck"
2443,6/19/14 18:50,"Somerville Ave and Spring St, Somerville, MA",-71.109476,42.3839008,1,1,2,3,1,3,2,1,3,10,1,1,,NA,NA,NA,NA,NA,NA,NA,NA,NA,NA,NA,NA,NA,NA,NA,0,0,0,0,0,,,1,NA,0,71,3,1,,,NA,NA,NA,NA,NA,NA,NA,NA,NA,NA,NA,NA,NA,NA,0,
2444,6/19/14 16:59,"Somerville Ave and Park St, Somerville, MA",-71.1063139,42.3831974,1,1,3,3,1,1,1,1,1,NA,,3,,NA,NA,NA,NA,NA,NA,NA,NA,NA,NA,NA,NA,NA,NA,NA,1,0,0,2,1,,2,1,NA,1,28,3,1,,,NA,NA,NA,NA,NA,NA,NA,NA,NA,NA,NA,NA,NA,NA,0,
2445,6/19/14 17:29,"195 Highland Ave, Somerville, MA",-71.106374,42.389846,2,2,2,3,1,3,1,1,4,NA,,,,NA,NA,NA,NA,NA,NA,NA,NA,NA,NA,NA,NA,NA,NA,NA,1,0,0,4,2,,3,1,NA,0,25,4,0,,,NA,NA,NA,NA,NA,NA,NA,NA,NA,NA,NA,NA,NA,NA,0,
2446,6/19/14 19:09,"Pearl St and Walnut St, Somerville, MA",-71.0931605,42.3873566,1,1,3,2,1,3,1,1,99,NA,,99,,NA,NA,NA,NA,NA,NA,NA,NA,NA,NA,NA,NA,NA,NA,NA,1,0,0,2,1,,5a,1,NA,1,36,3,1,,,NA,NA,NA,NA,NA,NA,NA,NA,NA,NA,NA,NA,NA,NA,0,
2447,6/20/14 18:05,"Highland Ave and Willow Ave, Somerville, MA",-71.1168102,42.3941136,1,1,3,2,1,2,2,1,5,20,1,1,,NA,NA,NA,NA,NA,NA,NA,NA,NA,NA,NA,NA,NA,NA,NA,0,0,0,0,0,,,0,NA,,,,,,,NA,NA,NA,NA,NA,NA,NA,NA,NA,NA,NA,NA,NA,NA,0,
2448,6/20/14 7:49,"Temple St and Jaques St, Somerville, MA",-71.092016,42.394362,1,1,3,2,1,1,1,1,4,NA,,,,NA,NA,NA,NA,NA,NA,NA,NA,NA,NA,NA,NA,NA,NA,NA,0,1,0,1,1,,1,1,NA,0,57,4,1,,,NA,NA,NA,NA,NA,NA,NA,NA,NA,NA,NA,NA,NA,NA,0,
2449,6/20/14 18:07,"Somerville Ave and Dane St, Somerville, MA",-71.1034094,42.3824407,1,1,3,3,2,6,2,1,13,NA,,,,NA,NA,NA,NA,NA,NA,NA,NA,NA,NA,NA,NA,NA,NA,NA,1,0,0,2,1,,2,1,NA,0,19,3,1,,,NA,NA,NA,NA,NA,NA,NA,NA,NA,NA,NA,NA,NA,NA,0,
2450,6/21/14 18:08,"645 Broadway, Somerville, MA",-71.1100578,42.3994537,1,1,3,1,2,2,2,1,99,NA,1,99,,NA,NA,NA,NA,NA,NA,NA,NA,NA,NA,NA,NA,NA,NA,NA,0,0,0,0,0,,,0,NA,,,,,,,NA,NA,NA,NA,NA,NA,NA,NA,NA,NA,NA,NA,NA,NA,0,
2451,6/21/14 19:43,"369 Broadway, Somerville, MA",-71.0960898,42.3943384,1,1,1,1,99,3,2,1,13,NA,1,,,NA,NA,NA,NA,NA,NA,NA,NA,NA,NA,NA,NA,NA,NA,NA,0,0,0,0,0,,,0,NA,,,,,,,NA,NA,NA,NA,NA,NA,NA,NA,NA,NA,NA,NA,NA,NA,0,
2452,6/21/14 22:21,"Dane St and Tyler St, Somerville, MA",-71.1040111,42.3814478,1,1,1,3,1,2,2,3,99,NA,1,1,,NA,NA,NA,NA,NA,NA,NA,NA,NA,NA,NA,NA,NA,NA,NA,0,0,0,0,0,,,1,NA,1,47,4,1,0,0,5,1,NA,NA,NA,NA,NA,NA,NA,NA,NA,NA,NA,NA,0,
2453,6/22/14 23:36,"Holland St and Claremon St, Somerville, MA",-71.126511,42.4017708,1,1,1,3,1,,3,1,21,16,2,1,,1,1,NA,NA,NA,NA,NA,NA,NA,NA,NA,NA,NA,NA,NA,0,0,0,0,0,,,1,NA,0,29,3,1,,,NA,NA,NA,NA,NA,NA,NA,NA,NA,NA,NA,NA,NA,NA,0,