id,date_time,address,lon,lat,Weather,road_surface,traffic_control_device,intersection_type,traffic_way_desc,collision_manner,num_involved_vehicles,vehicle1_configuration,driver1_contrib1,driver1_contrib2,vehicle2_configuration,driver2_contrib1,driver2_contrib2,vehicle3_configuration,driver3_contrib1,driver3_contrib2,vehicle4_configuration,driver4_contrib1,driver4_contrib2,vehicle5_configuration,driver5_contrib1,driver5_contrib2,vehicle6_configuration,driver6_contrib1,driver6_contrib2,vehicle7_configuration,driver7_contrib1,driver7_contrib2,Bicycle,Pedestrian,non_mv,non_motorist_location,non_motorist_action,non_motorist_type,manner_of_non_motorist_collision,Injury,Multiple,Gender1,Age1,Severity1,Hospital1,Gender2,Age2,Severity2,Hospital2,Gender3,Age3,Severity3,Hospital3,Gender4,Age4,Severity4,Hospital4,Gender5,Age5,Severity5,Hospital5,city_vehicle,Notes
2454,6/24/14 16:24,"Elm St and Moreland St, Somerville, MA",-71.0970745,42.397911,,,,,,,1,7,99,NA,,,,NA,NA,NA,NA,NA,NA,NA,NA,NA,NA,NA,NA,NA,NA,NA,1,0,0,2,1,,1,0,NA,,,,,,,NA,NA,NA,NA,NA,NA,NA,NA,NA,NA,NA,NA,NA,NA,0,
2455,6/25/14 9:09,"491 Broadway, Somerville, MA",-71.1038669,42.3973908,1,1,3,1,1,3,2,2,9,97,3,1,,NA,NA,NA,NA,NA,NA,NA,NA,NA,NA,NA,NA,NA,NA,NA,0,0,1,4,2,Moped,7,1,NA,1,70,4,1,,,NA,NA,NA,NA,NA,NA,NA,NA,NA,NA,NA,NA,NA,NA,0,
2456,6/25/14 13:09,"355 Highland Ave, Somerville, MA",-71.1171733,42.3944709,1,1,1,1,2,2,2,1,99,NA,1,,,NA,NA,NA,NA,NA,NA,NA,NA,NA,NA,NA,NA,NA,NA,NA,0,0,0,0,0,,,1,NA,0,61,4,1,,,NA,NA,NA,NA,NA,NA,NA,NA,NA,NA,NA,NA,NA,NA,0,
2457,6/25/14 18:19,"303 Washington St, Somerville, MA",-71.0998606,42.3794825,1,1,1,1,1,7,2,2,99,NA,1,,,NA,NA,NA,NA,NA,NA,NA,NA,NA,NA,NA,NA,NA,NA,NA,0,0,0,0,0,,,0,NA,,,,,,,NA,NA,NA,NA,NA,NA,NA,NA,NA,NA,NA,NA,NA,NA,0,
2465,7/3/14 10:00,"Somerville Ave and Laurel St, Somerville, MA",-71.1054273,42.3829957,2,1,1,3,1,2,2,1,5,NA,1,1,,NA,NA,NA,NA,NA,NA,NA,NA,NA,NA,NA,NA,NA,NA,NA,0,0,0,0,0,,,0,NA,,,,,,,NA,NA,NA,NA,NA,NA,NA,NA,NA,NA,NA,NA,NA,NA,0,
2458,6/25/14 15:14,"387 Highland Ave, Somerville, MA",-71.1197207,42.3955562,1,1,1,1,4,3,2,NA,12,NA,,1,,NA,NA,NA,NA,NA,NA,NA,NA,NA,NA,NA,NA,NA,NA,NA,0,0,0,0,0,,,0,NA,,,,,,,NA,NA,NA,NA,NA,NA,NA,NA,NA,NA,NA,NA,NA,NA,1,Car struck DPW vehicle (rear side panel) as car attempted lane change
2459,6/26/14 11:15,"163 Washington St, Somerville, MA",-71.0902806,42.3802559,2,1,1,1,1,3,2,1,6,4,1,1,,NA,NA,NA,NA,NA,NA,NA,NA,NA,NA,NA,NA,NA,NA,NA,0,0,0,0,0,,,0,NA,,,,,,,NA,NA,NA,NA,NA,NA,NA,NA,NA,NA,NA,NA,NA,NA,0,
2460,6/27/14 10:13,"12 Warwick St, Somerville, MA",-71.109926,42.394487,1,1,1,1,4,3,2,8,12,NA,1,,,NA,NA,NA,NA,NA,NA,NA,NA,NA,NA,NA,NA,NA,NA,NA,0,0,0,0,0,,,0,NA,,,,,,,NA,NA,NA,NA,NA,NA,NA,NA,NA,NA,NA,NA,NA,NA,0,
2461,6/28/14 5:58,"Washington St and Inner Belt Rd, Somerville, MA",-71.0815211,42.3820437,1,1,3,3,1,6,2,1,4,NA,1,1,,NA,NA,NA,NA,NA,NA,NA,NA,NA,NA,NA,NA,NA,NA,NA,0,0,0,0,0,,,1,2,0,31,4,1,0,28,4,1,NA,NA,NA,NA,NA,NA,NA,NA,NA,NA,NA,NA,0,
2462,6/28/14 12:05,"751 Somerville Ave, Somerville, MA",-71.1156192,42.3866196,,,,,,,2,1,1,NA,1,1,,NA,NA,NA,NA,NA,NA,NA,NA,NA,NA,NA,NA,NA,NA,NA,0,0,0,0,0,,,0,NA,,,,,,,NA,NA,NA,NA,NA,NA,NA,NA,NA,NA,NA,NA,NA,NA,0,
2463,7/2/14 14:30,"Artisan Way, Somerville, MA",-71.0793023,42.3951406,1,1,1,1,1,1,1,97,19,NA,,,,NA,NA,NA,NA,NA,NA,NA,NA,NA,NA,NA,NA,NA,NA,NA,0,0,1,9,97,Fire Pull Box,,0,NA,,,,,,,NA,NA,NA,NA,NA,NA,NA,NA,NA,NA,NA,NA,NA,NA,0,
2464,7/2/14 11:41,"Summer St and Central St, Somerville, MA",-71.1050912,42.3860322,1,1,3,2,1,3,2,99,99,NA,99,99,,NA,NA,NA,NA,NA,NA,NA,NA,NA,NA,NA,NA,NA,NA,NA,0,0,0,0,0,,,0,NA,,,,,,,NA,NA,NA,NA,NA,NA,NA,NA,NA,NA,NA,NA,NA,NA,1,"DPW possibly ran red light, striking vehicle passing through intersection"
2466,7/3/14 16:23,"Broadway and Garrison Ave, Somerville, MA",-71.1303332,42.4052385,1,1,2,3,99,5,2,1,NA,NA,1,,,NA,NA,NA,NA,NA,NA,NA,NA,NA,NA,NA,NA,NA,NA,NA,0,0,0,0,0,,,0,NA,,,,,,,NA,NA,NA,NA,NA,NA,NA,NA,NA,NA,NA,NA,NA,NA,0,
2467,7/4/14 12:10,"114 Highland Ave, Somerville, MA",-71.1005969,42.3872039,2,1,99,1,1,4,2,1,NA,NA,1,,,NA,NA,NA,NA,NA,NA,NA,NA,NA,NA,NA,NA,NA,NA,NA,0,0,0,0,0,,,0,NA,,,,,,,NA,NA,NA,NA,NA,NA,NA,NA,NA,NA,NA,NA,NA,NA,0,
2468,7/5/14 8:00,"735 Broadway, Somerville, MA",-71.1133184,42.4004448,99,2,1,1,1,99,1,1,NA,NA,,,,NA,NA,NA,NA,NA,NA,NA,NA,NA,NA,NA,NA,NA,NA,NA,0,0,1,0,0,"Parking meter, Street sign",,0,NA,,,,,,,NA,NA,NA,NA,NA,NA,NA,NA,NA,NA,NA,NA,NA,NA,0,
2469,7/7/14 13:40,"402 Washington St, Somerville, MA",-71.1056709,42.3782256,1,1,1,1,1,2,2,1,9,NA,,,,NA,NA,NA,NA,NA,NA,NA,NA,NA,NA,NA,NA,NA,NA,NA,0,0,0,0,0,,,1,NA,0,69,3,1,,,NA,NA,NA,NA,NA,NA,NA,NA,NA,NA,NA,NA,NA,NA,0,
2470,7/8/14 16:03,"Broadway and Winchester St, Somerville, MA",-71.1093871,42.3989607,1,1,2,3,1,3,2,2,4,NA,1,1,,NA,NA,NA,NA,NA,NA,NA,NA,NA,NA,NA,NA,NA,NA,NA,0,0,0,0,0,,,0,NA,,,,,,,NA,NA,NA,NA,NA,NA,NA,NA,NA,NA,NA,NA,NA,NA,0,
2471,7/8/14 8:59,"Webster Ave and Prospect St, Somerville, MA",-71.0955943,42.376968,1,1,3,2,4,3,2,2,1,NA,,8,,NA,NA,NA,NA,NA,NA,NA,NA,NA,NA,NA,NA,NA,NA,NA,1,0,0,2,1,,5,0,NA,,,,,,,NA,NA,NA,NA,NA,NA,NA,NA,NA,NA,NA,NA,NA,NA,0,
2472,7/10/14 9:31,"115 Shore Dr, Somerville, MA",-71.0862719,42.39881,1,1,1,1,2,4,3,1,97,NA,2,,,1,NA,NA,NA,NA,NA,NA,NA,NA,NA,NA,NA,NA,NA,NA,0,0,0,0,0,,,0,NA,,,,,,,NA,NA,NA,NA,NA,NA,NA,NA,NA,NA,NA,NA,NA,NA,0,
2473,7/11/14 8:57,"855 Broadway, Somerville, MA",-71.1175301,42.4010785,1,1,3,7,2,1,1,4,99,NA,,,,NA,NA,NA,NA,NA,NA,NA,NA,NA,NA,NA,NA,NA,NA,NA,0,0,0,0,0,Pole,,0,NA,,,,,,,NA,NA,NA,NA,NA,NA,NA,NA,NA,NA,NA,NA,NA,NA,0,MBTA bus hit pole
2474,7/11/14 14:32,"Medford St and Ward St, Somerville, MA",-71.088349,42.3748442,1,1,1,1,1,4,2,NA,1,NA,,4,,NA,NA,NA,NA,NA,NA,NA,NA,NA,NA,NA,NA,NA,NA,NA,0,0,1,4,2,Moped,1,1,NA,0,46,4,1,,,NA,NA,NA,NA,NA,NA,NA,NA,NA,NA,NA,NA,NA,NA,0,
2475,7/12/14 21:11,"15 Central St, Somerville, MA",-71.1061248,42.3840065,1,1,1,3,4,2,3,2,9,10,1,,,NA,NA,NA,NA,NA,NA,NA,NA,NA,NA,NA,NA,NA,NA,NA,0,0,0,0,0,,,0,NA,,,,,,,NA,NA,NA,NA,NA,NA,NA,NA,NA,NA,NA,NA,NA,NA,0,
2476,7/14/14 19:21,"Conwell Ave and Hillside Rd, Somerville, MA",-71.161573,42.3737296,2,2,1,3,1,1,1,2,19,NA,,,,NA,NA,NA,NA,NA,NA,NA,NA,NA,NA,NA,NA,NA,NA,NA,0,0,1,0,0,Stop sign & storefront,,0,NA,,,,,,,NA,NA,NA,NA,NA,NA,NA,NA,NA,NA,NA,NA,NA,NA,0,
2477,7/14/14 15:30,"Prospect St and Somerville Ave, Somerville, MA",-71.0941078,42.3791063,1,1,3,2,4,1,1,2,4,NA,,,,NA,NA,NA,NA,NA,NA,NA,NA,NA,NA,NA,NA,NA,NA,NA,0,1,0,1,1,,4,1,NA,1,48,3,0,,,NA,NA,NA,NA,NA,NA,NA,NA,NA,NA,NA,NA,NA,NA,0,
2478,7/15/14 16:43,"College Ave and Francesca Ave, Somerville, MA",-71.1197324,42.3990572,1,1,1,3,1,2,2,2,21,NA,1,,,NA,NA,NA,NA,NA,NA,NA,NA,NA,NA,NA,NA,NA,NA,NA,0,0,0,0,0,,,1,NA,1,51,3,1,,,NA,NA,NA,NA,NA,NA,NA,NA,NA,NA,NA,NA,NA,NA,0,
2479,7/15/14 13:09,"413 Highland Ave, Somerville, MA",-71.121496,42.3963346,1,1,1,1,4,1,1,99,NA,NA,,,,NA,NA,NA,NA,NA,NA,NA,NA,NA,NA,NA,NA,NA,NA,NA,0,1,0,4,5,,5a,1,NA,,,99,99,,,NA,NA,NA,NA,NA,NA,NA,NA,NA,NA,NA,NA,NA,NA,0,
2480,7/16/14 11:15,"590 Broadway, Somerville, MA",-71.1085511,42.3984441,3,2,3,1,1,2,2,2,5,NA,1,1,,NA,NA,NA,NA,NA,NA,NA,NA,NA,NA,NA,NA,NA,NA,NA,0,0,0,0,0,,,0,NA,,,,,,,NA,NA,NA,NA,NA,NA,NA,NA,NA,NA,NA,NA,NA,NA,0,
2481,7/16/14 17:05,"241 Beacon St, Somerville, MA",-71.1106395,42.381767,3,2,4,1,1,99,1,1,99,NA,,99,,NA,NA,NA,NA,NA,NA,NA,NA,NA,NA,NA,NA,NA,NA,NA,1,0,0,10,2,,3,1,NA,1,25,4,1,,,NA,NA,NA,NA,NA,NA,NA,NA,NA,NA,NA,NA,NA,NA,0,
2482,7/17/14 10:15,"Revolution Drive, Somerville, MA",-71.0808,42.3905269,1,1,1,3,1,1,2,2,NA,NA,2,,,NA,NA,NA,NA,NA,NA,NA,NA,NA,NA,NA,NA,NA,NA,NA,0,0,0,0,0,,,0,NA,,,,,,,NA,NA,NA,NA,NA,NA,NA,NA,NA,NA,NA,NA,NA,NA,0,
2483,7/17/14 17:30,"155 Beacon St, Somerville, MA",-71.107118,42.37924,1,1,1,1,1,2,2,1,1,NA,2,5,,NA,NA,NA,NA,NA,NA,NA,NA,NA,NA,NA,NA,NA,NA,NA,0,0,0,0,0,,,0,NA,,,,,,,NA,NA,NA,NA,NA,NA,NA,NA,NA,NA,NA,NA,NA,NA,0,
2484,7/18/14 19:25,"Elm St and Bowers Ave, Somerville, MA",-71.1214561,42.3947474,1,1,1,3,4,1,1,2,1,NA,,5,19,NA,NA,NA,NA,NA,NA,NA,NA,NA,NA,NA,NA,NA,NA,NA,1,0,0,4,2,,4a,1,NA,1,23,3,0,,,NA,NA,NA,NA,NA,NA,NA,NA,NA,NA,NA,NA,NA,NA,0,
2485,7/20/14 8:18,"113 Washington Street, Somerville, MA",-71.0868865,42.3813466,2,1,1,1,1,3,2,1,1,NA,2,1,,NA,NA,NA,NA,NA,NA,NA,NA,NA,NA,NA,NA,NA,NA,NA,0,0,0,0,0,,,0,NA,,,,,,,NA,NA,NA,NA,NA,NA,NA,NA,NA,NA,NA,NA,NA,NA,0,
2486,7/21/14 8:14,"Bowers Ave and Elm St, Somerville, MA",-71.1214561,42.3947474,1,1,2,2,4,1,1,10,1,NA,,,,NA,NA,NA,NA,NA,NA,NA,NA,NA,NA,NA,NA,NA,NA,NA,0,0,1,0,0,Light pole,,0,NA,,,,,,,NA,NA,NA,NA,NA,NA,NA,NA,NA,NA,NA,NA,NA,NA,0,
2487,7/22/14 18:23,"31 College Ave, Somerville, MA",-71.1213267,42.3976037,1,1,1,1,1,6,1,NA,19,NA,,,,NA,NA,NA,NA,NA,NA,NA,NA,NA,NA,NA,NA,NA,NA,NA,1,0,0,4,2,,3,1,NA,1,unk,3,2,,,NA,NA,NA,NA,NA,NA,NA,NA,NA,NA,NA,NA,NA,NA,0,
2488,7/26/14 3:09,"6 Summer St, Somerville, MA",-71.098269,42.3820845,1,1,2,3,1,6,3,2,97,NA,1,1,,NA,NA,NA,NA,NA,NA,NA,NA,NA,NA,NA,NA,NA,NA,NA,0,0,0,0,0,,,0,NA,,,,,,,NA,NA,NA,NA,NA,NA,NA,NA,NA,NA,NA,NA,NA,NA,0,
2489,7/27/14 16:33,"12 Putnam St, Somerville, MA",-71.0987969,42.3837099,1,1,1,1,1,4,2,1,20,19,,1,,NA,NA,NA,NA,NA,NA,NA,NA,NA,NA,NA,NA,NA,NA,NA,0,0,0,0,0,,,0,NA,,,,,,,NA,NA,NA,NA,NA,NA,NA,NA,NA,NA,NA,NA,NA,NA,0,
2490,7/27/14 21:07,"460 Medford St, Somerville, MA",-71.101855,42.3938155,2,1,1,1,1,1,2,1,14,23,,,,NA,NA,NA,NA,NA,NA,NA,NA,NA,NA,NA,NA,NA,NA,NA,0,0,0,99,97,,,1,NA,0,28,3,1,,,NA,NA,NA,NA,NA,NA,NA,NA,NA,NA,NA,NA,NA,NA,0,
2491,7/28/14 11:14,"Webster Ave and Norfolk St, Somerville, MA",-71.0950101,42.3751627,1,1,2,3,1,3,2,2,9,NA,1,1,,NA,NA,NA,NA,NA,NA,NA,NA,NA,NA,NA,NA,NA,NA,NA,0,0,0,0,0,,,0,NA,,,,,,,NA,NA,NA,NA,NA,NA,NA,NA,NA,NA,NA,NA,NA,NA,0,
2492,7/29/14 19:36,"1293 Broadway, Somerville, MA",-71.1307668,42.4057502,1,1,1,1,2,1,1,NA,NA,NA,,,,NA,NA,NA,NA,NA,NA,NA,NA,NA,NA,NA,NA,NA,NA,NA,1,0,0,4,2,,3,1,NA,1,51,4,1,,,NA,NA,NA,NA,NA,NA,NA,NA,NA,NA,NA,NA,NA,NA,0,
2493,7/30/14 9:50,"7 Rossmore St, Somerville, MA",-71.0910728,42.3783464,1,1,1,1,4,5,2,NA,1,NA,,1,,NA,NA,NA,NA,NA,NA,NA,NA,NA,NA,NA,NA,NA,NA,NA,0,0,0,0,0,,,0,NA,,,,,,,NA,NA,NA,NA,NA,NA,NA,NA,NA,NA,NA,NA,NA,NA,0,
2494,7/31/14 1:40,"153 Central St, Somerville, MA",-71.1000544,42.3928526,1,1,1,1,1,3,2,NA,NA,NA,,,,NA,NA,NA,NA,NA,NA,NA,NA,NA,NA,NA,NA,NA,NA,NA,0,0,0,0,0,,,0,NA,,,,,,,NA,NA,NA,NA,NA,NA,NA,NA,NA,NA,NA,NA,NA,NA,0,
2495,7/31/14 9:29,"Broadway and Clarendon Ave, Somerville, MA",-71.1276129,42.4034575,1,1,1,1,1,1,2,1,1,NA,5,1,,NA,NA,NA,NA,NA,NA,NA,NA,NA,NA,NA,NA,NA,NA,NA,0,0,0,0,0,,,0,NA,,,,,,,NA,NA,NA,NA,NA,NA,NA,NA,NA,NA,NA,NA,NA,NA,0,
2496,8/2/14 1:17,"Day St and Orchard St, Somerville, MA",-71.1248,42.3948856,1,1,2,3,1,1,2,1,99,NA,1,99,,NA,NA,NA,NA,NA,NA,NA,NA,NA,NA,NA,NA,NA,NA,NA,0,0,0,0,0,,,0,NA,,,,,,,NA,NA,NA,NA,NA,NA,NA,NA,NA,NA,NA,NA,NA,NA,0,
2497,8/2/14 12:04,"12 Newbury St, Somerville, MA",-71.1274228,42.4025098,1,1,1,1,4,4,2,1,12,NA,2,99,,NA,NA,NA,NA,NA,NA,NA,NA,NA,NA,NA,NA,NA,NA,NA,0,0,0,0,0,,,0,NA,,,,,,,NA,NA,NA,NA,NA,NA,NA,NA,NA,NA,NA,NA,NA,NA,0,
2498,8/3/14 17:28,"Highland Ave and Prescott St, Somerville, MA",-71.0978014,42.3865229,2,1,2,3,1,99,1,1,1,NA,,,,NA,NA,NA,NA,NA,NA,NA,NA,NA,NA,NA,NA,NA,NA,NA,0,0,1,1,1,Skateboarder,5,1,NA,1,24,4,1,,,NA,NA,NA,NA,NA,NA,NA,NA,NA,NA,NA,NA,NA,NA,0,
2499,8/3/14 22:00,"Memorial Rd and River Rd, Somerville, MA",-71.0928486,42.3970919,1,1,1,3,4,1,1,2,1,NA,,,,NA,NA,NA,NA,NA,NA,NA,NA,NA,NA,NA,NA,NA,NA,NA,0,0,1,2,1,Scooter,5,1,NA,1,16,4,1,,,NA,NA,NA,NA,NA,NA,NA,NA,NA,NA,NA,NA,NA,NA,0,
2500,8/3/14 10:05,"Lewis St and Magnus Ave, Somerville, MA",-71.1034892,42.3777799,2,1,1,1,4,4,2,6,1,NA,2,1,,NA,NA,NA,NA,NA,NA,NA,NA,NA,NA,NA,NA,NA,NA,NA,0,0,0,0,0,,,0,NA,,,,,,,NA,NA,NA,NA,NA,NA,NA,NA,NA,NA,NA,NA,NA,NA,1,Fire truck struck parked car while responding to call
2501,8/4/14 7:51,"303 Beacon St, Somerville, MA",-71.1132939,42.3841525,1,1,1,1,1,4,2,7,9,NA,1,1,,NA,NA,NA,NA,NA,NA,NA,NA,NA,NA,NA,NA,NA,NA,NA,0,0,0,0,0,,,0,NA,,,,,,,NA,NA,NA,NA,NA,NA,NA,NA,NA,NA,NA,NA,NA,NA,0,
2502,8/5/14 1:45,"Elm St and Somerville Ave, Somerville, MA",-71.1136035,42.3855028,1,1,1,1,2,1,1,1,1,NA,,,,NA,NA,NA,NA,NA,NA,NA,NA,NA,NA,NA,NA,NA,NA,NA,0,0,1,0,0,Median/Curb,,1,NA,0,24,3,0,,,NA,NA,NA,NA,NA,NA,NA,NA,NA,NA,NA,NA,NA,NA,0,
2503,8/6/14 14:50,"Somerville Ave and Beech St, Somerville, MA",-71.1079791,42.3835696,3,2,3,3,1,1,1,1,1,NA,,,,NA,NA,NA,NA,NA,NA,NA,NA,NA,NA,NA,NA,NA,NA,NA,0,0,1,0,0,"Hydrant, fence",,0,NA,,,,,,,NA,NA,NA,NA,NA,NA,NA,NA,NA,NA,NA,NA,NA,NA,0,
2504,8/8/14 16:00,"Mt. Vernon St and Lombardi Way, Somerville, MA",-71.0788702,42.3862206,99,1,3,2,2,1,1,99,99,NA,,,,NA,NA,NA,NA,NA,NA,NA,NA,NA,NA,NA,NA,NA,NA,NA,0,0,1,0,0,Curb/traffic signal,,0,NA,,,,,,,NA,NA,NA,NA,NA,NA,NA,NA,NA,NA,NA,NA,NA,NA,0,
2505,8/8/14 18:15,"Broadway and McGrath Hwy, Somerville, MA",-71.0880963,42.3897397,1,1,1,2,3,3,2,1,4,NA,2,3,,NA,NA,NA,NA,NA,NA,NA,NA,NA,NA,NA,NA,NA,NA,NA,0,0,0,0,0,,,0,NA,,,,,,,NA,NA,NA,NA,NA,NA,NA,NA,NA,NA,NA,NA,NA,NA,0,
2506,8/8/14 17:07,"884 Broadway, Somerville, MA",-71.11827,42.400569,1,1,1,1,1,1,1,2,4,NA,,,,NA,NA,NA,NA,NA,NA,NA,NA,NA,NA,NA,NA,NA,NA,NA,1,0,0,10,2,,1,1,NA,0,32,3,1,,,NA,NA,NA,NA,NA,NA,NA,NA,NA,NA,NA,NA,NA,NA,0,
2507,8/9/14 23:35,"Cutter Ave and Highland Ave, Somerville, MA",-71.1195998,42.395325,1,1,4,4,1,4,2,1,NA,NA,1,,,NA,NA,NA,NA,NA,NA,NA,NA,NA,NA,NA,NA,NA,NA,NA,0,0,0,0,0,,,0,NA,,,,,,,NA,NA,NA,NA,NA,NA,NA,NA,NA,NA,NA,NA,NA,NA,0,
2508,8/11/14 11:56,"195 Elm St, Somerville, MA",-71.1203591,42.3933814,1,1,1,1,1,1,1,1,99,NA,,,,NA,NA,NA,NA,NA,NA,NA,NA,NA,NA,NA,NA,NA,NA,NA,0,0,1,0,0,Parking meter,,0,NA,,,,,,,NA,NA,NA,NA,NA,NA,NA,NA,NA,NA,NA,NA,NA,NA,0,
2509,8/12/14 11:42,"College Ave and Winslow Ave, Somerville, MA",-71.1216975,42.3974881,1,1,2,3,2,4,2,1,NA,NA,1,99,,NA,NA,NA,NA,NA,NA,NA,NA,NA,NA,NA,NA,NA,NA,NA,0,0,0,0,0,,,0,NA,,,,,,,NA,NA,NA,NA,NA,NA,NA,NA,NA,NA,NA,NA,NA,NA,0,
2510,8/12/14 13:40,"265 Willow Ave, Somerville, MA",-71.1131163,42.399491,2,1,1,1,1,2,2,7,99,NA,1,1,,NA,NA,NA,NA,NA,NA,NA,NA,NA,NA,NA,NA,NA,NA,NA,0,0,0,0,0,,,1,NA,1,29,4,1,,,NA,NA,NA,NA,NA,NA,NA,NA,NA,NA,NA,NA,NA,NA,0,
2511,8/12/14 15:53,"91 Holland St, Somerville, MA",-71.1244721,42.3989374,1,1,1,1,1,3,1,1,19,4,,,,NA,NA,NA,NA,NA,NA,NA,NA,NA,NA,NA,NA,NA,NA,NA,1,0,0,4,2,,3,1,NA,1,31,3,1,,,NA,NA,NA,NA,NA,NA,NA,NA,NA,NA,NA,NA,NA,NA,0,
2512,8/12/14 20:57,"364 Medford St, Somerville, MA",-71.0974947,42.3892214,99,1,99,3,99,3,2,4,1,NA,1,,,NA,NA,NA,NA,NA,NA,NA,NA,NA,NA,NA,NA,NA,NA,NA,0,0,0,0,0,,,0,NA,,,,,,,NA,NA,NA,NA,NA,NA,NA,NA,NA,NA,NA,NA,NA,NA,1,City vehicle struck front side of parked MV while pulling into curb
2513,8/13/14 12:29,"Central St and Medford St, Somerville, MA",-71.1005865,42.392482,3,2,3,2,1,1,1,8,9,NA,,,,NA,NA,NA,NA,NA,NA,NA,NA,NA,NA,NA,NA,NA,NA,NA,0,0,1,0,0,Traffic signal,,0,NA,,,,,,,NA,NA,NA,NA,NA,NA,NA,NA,NA,NA,NA,NA,NA,NA,0,
2514,8/13/14 19:17,"225 Highland Ave, Somerville, MA",-71.10831,42.390622,3,2,1,1,2,4,2,1,1,NA,1,1,,NA,NA,NA,NA,NA,NA,NA,NA,NA,NA,NA,NA,NA,NA,NA,0,0,0,0,0,,,1,NA,1,27,4,1,0,23,4,0,NA,NA,NA,NA,NA,NA,NA,NA,NA,NA,NA,NA,0,
2515,8/14/14 13:25,"181 SOMERVILLE AVENUE, Somerville, MA",-71.0895893,42.377621,1,1,1,1,1,1,1,2,1,NA,,,,NA,NA,NA,NA,NA,NA,NA,NA,NA,NA,NA,NA,NA,NA,NA,0,0,1,0,0,Bus shelter,,0,NA,,,,,,,NA,NA,NA,NA,NA,NA,NA,NA,NA,NA,NA,NA,NA,NA,0,
2516,8/15/14 14:33,"Day St and Elm St, Somerville, MA",-71.1224043,42.396253,2,1,3,3,4,1,1,1,NA,NA,,,,NA,NA,NA,NA,NA,NA,NA,NA,NA,NA,NA,NA,NA,NA,NA,0,1,0,1,1,,1,1,NA,0,unk,5,1,,,NA,NA,NA,NA,NA,NA,NA,NA,NA,NA,NA,NA,NA,NA,0,
2517,8/16/14 23:24,"9 Holland St, Somerville, MA",-71.12288,42.3971329,99,99,99,99,99,,1,NA,NA,NA,,,,NA,NA,NA,NA,NA,NA,NA,NA,NA,NA,NA,NA,NA,NA,NA,1,0,0,3,1,,5,1,NA,1,unk,3,1,,,NA,NA,NA,NA,NA,NA,NA,NA,NA,NA,NA,NA,NA,NA,0,Davis MBTA crosswalk
2518,8/17/14 18:50,"Summer St and Cutter Ave, Somerville, MA",-71.1206131,42.3940936,1,99,99,99,99,,2,1,1,NA,3,,,NA,NA,NA,NA,NA,NA,NA,NA,NA,NA,NA,NA,NA,NA,NA,0,0,1,2,1,Motorcycle,5a,0,NA,,,,,,,NA,NA,NA,NA,NA,NA,NA,NA,NA,NA,NA,NA,NA,NA,0,
2519,8/17/14 19:00,"Tufts St and Knowlton St, Somerville, MA",-71.0876256,42.3810935,2,1,2,3,99,3,2,2,1,NA,1,3,,NA,NA,NA,NA,NA,NA,NA,NA,NA,NA,NA,NA,NA,NA,NA,0,0,0,0,0,,,1,NA,0,unk,4,1,,,NA,NA,NA,NA,NA,NA,NA,NA,NA,NA,NA,NA,NA,NA,0,
2520,8/17/14 19:38,"Middlesex Ave, Somerville, MA",-71.0831773,42.3931891,1,1,1,1,1,3,2,2,1,NA,2,6,,NA,NA,NA,NA,NA,NA,NA,NA,NA,NA,NA,NA,NA,NA,NA,0,0,0,0,0,,,0,NA,,,,,,,NA,NA,NA,NA,NA,NA,NA,NA,NA,NA,NA,NA,NA,NA,0,
2521,8/19/14 18:56,"Washington St and New Washington St, Somerville, MA",-71.0870816,42.3811086,1,1,1,3,1,2,2,1,19,NA,2,1,,NA,NA,NA,NA,NA,NA,NA,NA,NA,NA,NA,NA,NA,NA,NA,0,0,0,0,0,,,0,NA,,,,,,,NA,NA,NA,NA,NA,NA,NA,NA,NA,NA,NA,NA,NA,NA,0,
2522,8/19/14 10:10,"Beacon St and Oxford St, Somerville, MA",-71.1161841,42.3860143,1,1,99,4,2,1,1,1,NA,NA,,,,NA,NA,NA,NA,NA,NA,NA,NA,NA,NA,NA,NA,NA,NA,NA,1,0,0,2,1,,1,0,NA,,,,,,,NA,NA,NA,NA,NA,NA,NA,NA,NA,NA,NA,NA,NA,NA,0,
2523,8/20/14 18:14,"570 Somerville Ave, Somerville, MA",-71.1084771,42.3829153,1,1,1,9,1,1,1,2,4,13,,,,NA,NA,NA,NA,NA,NA,NA,NA,NA,NA,NA,NA,NA,NA,NA,1,0,0,10,2,,2,1,NA,1,23,3,1,,,NA,NA,NA,NA,NA,NA,NA,NA,NA,NA,NA,NA,NA,NA,0,