id,date_time,address,lon,lat,Weather,road_surface,traffic_control_device,intersection_type,traffic_way_desc,collision_manner,num_involved_vehicles,vehicle1_configuration,driver1_contrib1,driver1_contrib2,vehicle2_configuration,driver2_contrib1,driver2_contrib2,vehicle3_configuration,driver3_contrib1,driver3_contrib2,vehicle4_configuration,driver4_contrib1,driver4_contrib2,vehicle5_configuration,driver5_contrib1,driver5_contrib2,vehicle6_configuration,driver6_contrib1,driver6_contrib2,vehicle7_configuration,driver7_contrib1,driver7_contrib2,Bicycle,Pedestrian,non_mv,non_motorist_location,non_motorist_action,non_motorist_type,manner_of_non_motorist_collision,Injury,Multiple,Gender1,Age1,Severity1,Hospital1,Gender2,Age2,Severity2,Hospital2,Gender3,Age3,Severity3,Hospital3,Gender4,Age4,Severity4,Hospital4,Gender5,Age5,Severity5,Hospital5,city_vehicle,Notes
2524,8/21/14 10:02,"177 Middlesex Ave, Somerville, MA",-71.0828331,42.3962206,1,1,2,2,1,3,2,1,99,NA,2,99,,NA,NA,NA,NA,NA,NA,NA,NA,NA,NA,NA,NA,NA,NA,NA,0,0,0,0,0,,,1,NA,0,57,4,0,,,NA,NA,NA,NA,NA,NA,NA,NA,NA,NA,NA,NA,NA,NA,0,
2525,8/21/14 17:13,"Spring St and Pitman St, Somerville, MA",-71.1091466,42.3844565,1,1,2,3,4,3,3,1,1,NA,1,1,,1,1,NA,NA,NA,NA,NA,NA,NA,NA,NA,NA,NA,NA,NA,0,0,0,0,0,,,0,NA,,,,,,,NA,NA,NA,NA,NA,NA,NA,NA,NA,NA,NA,NA,NA,NA,0,
2526,8/22/14 9:19,"63 Webster Ave, Somerville, MA",-71.0953995,42.3759968,2,1,1,1,1,1,1,1,1,NA,,,,NA,NA,NA,NA,NA,NA,NA,NA,NA,NA,NA,NA,NA,NA,NA,0,1,0,4,1,,5a,1,NA,0,24,3,1,,,NA,NA,NA,NA,NA,NA,NA,NA,NA,NA,NA,NA,NA,NA,0,
2527,8/22/14 9:35,"25 Webster Ave, Somerville, MA",-71.0964319,42.378413,2,1,1,1,4,1,1,2,4,NA,,,,NA,NA,NA,NA,NA,NA,NA,NA,NA,NA,NA,NA,NA,NA,NA,1,0,0,10,2,,1,1,NA,0,24,4,1,,,NA,NA,NA,NA,NA,NA,NA,NA,NA,NA,NA,NA,NA,NA,0,
2528,8/26/14 21:28,"14 Broadway, Somerville, MA",-71.0783752,42.3860643,1,1,1,1,4,4,2,1,4,NA,1,97,,NA,NA,NA,NA,NA,NA,NA,NA,NA,NA,NA,NA,NA,NA,NA,0,0,0,0,0,,,0,NA,,,,,,,NA,NA,NA,NA,NA,NA,NA,NA,NA,NA,NA,NA,NA,NA,0,
2529,8/26/14 18:40,"65 Temple St, Somerville, MA",-71.0917148,42.3947734,1,1,1,1,1,2,2,2,19,NA,2,1,,NA,NA,NA,NA,NA,NA,NA,NA,NA,NA,NA,NA,NA,NA,NA,0,1,0,4,1,,5,1,2,1,45,2,1,0,23,3,0,NA,NA,NA,NA,NA,NA,NA,NA,NA,NA,NA,NA,0,"MV 2 struck MV 1, bumping into pedestrian; 1 ped injury; driver taken to hospital, ped treated on scene"
2530,8/27/14 8:23,"214 Somerville Ave, Somerville, MA",-71.0912509,42.3778867,1,1,1,1,1,,1,1,NA,NA,,,,NA,NA,NA,NA,NA,NA,NA,NA,NA,NA,NA,NA,NA,NA,NA,1,0,0,4,2,,3,1,NA,0,31,2,1,,,NA,NA,NA,NA,NA,NA,NA,NA,NA,NA,NA,NA,NA,NA,0,
2531,8/27/14 8:42,"41 School St, Somerville, MA",-71.1007717,42.3834568,1,1,1,1,4,3,2,2,97,NA,2,1,,NA,NA,NA,NA,NA,NA,NA,NA,NA,NA,NA,NA,NA,NA,NA,1,0,0,4,2,,3,1,NA,0,36,4,1,,,NA,NA,NA,NA,NA,NA,NA,NA,NA,NA,NA,NA,NA,NA,0,
2532,8/28/14 18:03,"Broadway and Cross St, Somerville, MA",-71.0859942,42.3886405,1,1,3,2,1,3,2,1,13,NA,1,1,,NA,NA,NA,NA,NA,NA,NA,NA,NA,NA,NA,NA,NA,NA,NA,0,0,0,0,0,,,1,NA,0,36,4,1,,,NA,NA,NA,NA,NA,NA,NA,NA,NA,NA,NA,NA,NA,NA,0,
2533,8/29/14 16:36,"Elm St and Willow Ave, Somerville, MA",-71.1187665,42.3913149,1,1,2,2,1,3,2,1,4,NA,3,1,,NA,NA,NA,NA,NA,NA,NA,NA,NA,NA,NA,NA,NA,NA,NA,0,0,1,2,1,Motorcycle,5,1,NA,1,30,3,1,,,NA,NA,NA,NA,NA,NA,NA,NA,NA,NA,NA,NA,NA,NA,0,
2534,8/29/14 16:36,"Broadway and Fellsway West, Somerville, MA",-71.0903539,42.390614,1,1,2,3,2,3,2,2,1,NA,1,1,,NA,NA,NA,NA,NA,NA,NA,NA,NA,NA,NA,NA,NA,NA,NA,0,0,0,0,0,,,1,NA,1,8,4,0,,,NA,NA,NA,NA,NA,NA,NA,NA,NA,NA,NA,NA,NA,NA,0,
2535,8/30/14 17:13,"Washington St and Dane St, Somerville, MA",-71.1040464,42.3788385,1,1,3,2,1,3,2,1,4,NA,2,1,,NA,NA,NA,NA,NA,NA,NA,NA,NA,NA,NA,NA,NA,NA,NA,0,0,0,0,0,,,0,NA,,,,,,,NA,NA,NA,NA,NA,NA,NA,NA,NA,NA,NA,NA,NA,NA,0,
2536,8/31/14 21:57,"Dover St and Elm St, Somerville, MA",-71.1225638,42.3965069,3,2,3,3,4,1,1,2,1,NA,,,,NA,NA,NA,NA,NA,NA,NA,NA,NA,NA,NA,NA,NA,NA,NA,0,1,0,4,1,,2,1,NA,1,54,3,1,,,NA,NA,NA,NA,NA,NA,NA,NA,NA,NA,NA,NA,NA,NA,0,
2537,9/1/14 6:00,"7 Albion St, Somerville, MA",-71.1029311,42.3898853,2,1,1,1,1,4,3,NA,NA,NA,,,,NA,NA,NA,NA,NA,NA,NA,NA,NA,NA,NA,NA,NA,NA,NA,0,0,0,0,0,,,0,NA,,,,,,,NA,NA,NA,NA,NA,NA,NA,NA,NA,NA,NA,NA,NA,NA,0,
2538,9/1/14 23:30,"Somerville Ave and Cragie St, Somerville, MA",-71.1128913,42.3852149,1,1,1,1,1,2,2,1,10,NA,1,1,,NA,NA,NA,NA,NA,NA,NA,NA,NA,NA,NA,NA,NA,NA,NA,0,0,0,0,0,,,0,NA,,,,,,,NA,NA,NA,NA,NA,NA,NA,NA,NA,NA,NA,NA,NA,NA,0,
2539,9/2/14 20:15,"76 Cross St, Somerville, MA",-71.0878233,42.3854102,1,2,1,1,1,4,2,2,99,NA,2,1,,NA,NA,NA,NA,NA,NA,NA,NA,NA,NA,NA,NA,NA,NA,NA,0,0,0,0,0,,,0,NA,,,,,,,NA,NA,NA,NA,NA,NA,NA,NA,NA,NA,NA,NA,NA,NA,0,
2540,9/3/14 17:15,"Webster Ave and Columbia St, Somerville, MA",-71.0952351,42.3758647,1,1,1,3,1,2,1,2,99,NA,,,,NA,NA,NA,NA,NA,NA,NA,NA,NA,NA,NA,NA,NA,NA,NA,1,0,0,2,1,,1,1,NA,0,32,4,0,,,NA,NA,NA,NA,NA,NA,NA,NA,NA,NA,NA,NA,NA,NA,0,
2541,9/5/14 6:05,"Quincy St and Summer St, Somerville, MA",-71.0998623,42.3837976,1,1,1,3,1,3,2,1,1,NA,2,97,,NA,NA,NA,NA,NA,NA,NA,NA,NA,NA,NA,NA,NA,NA,NA,0,0,0,0,0,,,0,NA,,,,,,,NA,NA,NA,NA,NA,NA,NA,NA,NA,NA,NA,NA,NA,NA,0,
2542,9/6/14 8:07,"37 Flint St, Somerville, MA",-71.0870324,42.384573,1,1,1,1,1,3,2,6,18,NA,1,1,,NA,NA,NA,NA,NA,NA,NA,NA,NA,NA,NA,NA,NA,NA,NA,0,0,0,0,0,,,0,NA,,,,,,,NA,NA,NA,NA,NA,NA,NA,NA,NA,NA,NA,NA,NA,NA,0,
2543,9/6/14 9:55,"406 Washington St, Somerville, MA",-71.1060087,42.3782023,1,1,3,1,2,1,2,1,1,NA,1,1,,NA,NA,NA,NA,NA,NA,NA,NA,NA,NA,NA,NA,NA,NA,NA,0,0,0,0,0,,,0,NA,,,,,,,NA,NA,NA,NA,NA,NA,NA,NA,NA,NA,NA,NA,NA,NA,0,
2544,9/6/14 13:36,"Powderhouse Blvd and Curtis St, Somerville, MA",-71.1258479,42.4054336,1,1,3,2,2,3,2,NA,99,NA,,99,,NA,NA,NA,NA,NA,NA,NA,NA,NA,NA,NA,NA,NA,NA,NA,0,0,0,0,0,,,0,NA,,,,,,,NA,NA,NA,NA,NA,NA,NA,NA,NA,NA,NA,NA,NA,NA,0,
2545,9/6/14 13:44,"Grand Union Blvd and Great River Rd, Somerville, MA",-71.0797952,42.3959349,1,1,5,7,2,2,2,1,1,NA,2,99,,NA,NA,NA,NA,NA,NA,NA,NA,NA,NA,NA,NA,NA,NA,NA,0,0,0,0,0,,,0,NA,,,,,,,NA,NA,NA,NA,NA,NA,NA,NA,NA,NA,NA,NA,NA,NA,0,
2546,9/8/14 13:38,"1374 Broadway, Somerville, MA",-71.1333063,42.4060568,1,1,1,1,1,1,1,1,4,NA,,,,NA,NA,NA,NA,NA,NA,NA,NA,NA,NA,NA,NA,NA,NA,NA,0,1,0,3,1,,2,1,NA,0,59,4,1,,,NA,NA,NA,NA,NA,NA,NA,NA,NA,NA,NA,NA,NA,NA,0,
2547,9/9/14 7:20,"Broadway and Charles E. Ryan Rd, Somerville, MA",-71.1056987,42.3977741,1,1,2,3,1,6,2,2,9,NA,2,1,,NA,NA,NA,NA,NA,NA,NA,NA,NA,NA,NA,NA,NA,NA,NA,0,0,0,0,0,,,0,NA,,,,,,,NA,NA,NA,NA,NA,NA,NA,NA,NA,NA,NA,NA,NA,NA,0,
2548,9/10/14 18:00,"Orchard St and Day St, Somerville, MA",-71.1248,42.3948856,1,1,2,2,1,3,1,1,99,NA,,99,,NA,NA,NA,NA,NA,NA,NA,NA,NA,NA,NA,NA,NA,NA,NA,1,0,0,2,1,,5a,1,NA,1,42,3,1,,,NA,NA,NA,NA,NA,NA,NA,NA,NA,NA,NA,NA,NA,NA,0,
2549,9/10/14 18:02,"Somerville Ave and Properzi Way, Somerville, MA",-71.1050939,42.3829252,1,1,1,3,1,1,1,2,4,19,,,,NA,NA,NA,NA,NA,NA,NA,NA,NA,NA,NA,NA,NA,NA,NA,1,0,0,10,1,,2,1,NA,1,25,2,1,,,NA,NA,NA,NA,NA,NA,NA,NA,NA,NA,NA,NA,NA,NA,0,
2550,9/11/14 13:20,"100 Highland Ave, Somerville, MA",-71.099223,42.386738,2,1,3,1,1,4,2,6,99,NA,4,99,,NA,NA,NA,NA,NA,NA,NA,NA,NA,NA,NA,NA,NA,NA,NA,0,0,0,0,0,,,0,NA,,,,,,,NA,NA,NA,NA,NA,NA,NA,NA,NA,NA,NA,NA,NA,NA,1,MBTA bus rendered door of parked DPW vehicle inoperable
2551,9/12/14 5:30,"124 Cross St, Somerville, MA",-71.0894388,42.383512,1,1,1,1,1,3,3,1,99,NA,1,99,,NA,NA,NA,NA,NA,NA,NA,NA,NA,NA,NA,NA,NA,NA,NA,0,0,0,0,0,,,0,NA,,,,,,,NA,NA,NA,NA,NA,NA,NA,NA,NA,NA,NA,NA,NA,NA,0,
2552,9/12/14 15:10,"292 Broadway, Somerville, MA",-71.0925538,42.3919028,1,1,1,3,2,2,2,6,99,NA,1,1,,NA,NA,NA,NA,NA,NA,NA,NA,NA,NA,NA,NA,NA,NA,NA,0,0,0,0,0,,,0,NA,,,,,,,NA,NA,NA,NA,NA,NA,NA,NA,NA,NA,NA,NA,NA,NA,0,
2553,9/14/14 10:15,"517 Medford St, Somerville, MA",-71.103749,42.396793,1,1,1,1,1,4,2,2,1,NA,1,1,,NA,NA,NA,NA,NA,NA,NA,NA,NA,NA,NA,NA,NA,NA,NA,0,0,0,0,0,,,0,NA,,,,,,,NA,NA,NA,NA,NA,NA,NA,NA,NA,NA,NA,NA,NA,NA,0,
2554,9/15/14 15:05,"Somerville Ave and Craigie St, Somerville, MA",-71.1128913,42.3852149,2,1,2,3,1,1,2,6,99,NA,2,,,NA,NA,NA,NA,NA,NA,NA,NA,NA,NA,NA,NA,NA,NA,NA,0,0,0,0,0,,,0,NA,,,,,,,NA,NA,NA,NA,NA,NA,NA,NA,NA,NA,NA,NA,NA,NA,0,
2555,9/15/14 10:04,"Walnut St and Broadway, Somerville, MA",-71.0906239,42.3909797,1,1,2,3,4,1,1,NA,15,19,,,,NA,NA,NA,NA,NA,NA,NA,NA,NA,NA,NA,NA,NA,NA,NA,0,1,0,1,1,,5,1,NA,1,30,3,1,,,NA,NA,NA,NA,NA,NA,NA,NA,NA,NA,NA,NA,NA,NA,0,
2556,9/15/14 9:40,"Warner St and Powderhouse Blvd, Somerville, MA",-71.1164487,42.4012056,1,1,3,4,1,2,1,2,1,NA,,3,,NA,NA,NA,NA,NA,NA,NA,NA,NA,NA,NA,NA,NA,NA,NA,1,0,0,4,2,,4a,1,NA,unk,unk,4,0,,,NA,NA,NA,NA,NA,NA,NA,NA,NA,NA,NA,NA,NA,NA,0,
2557,9/16/14 16:18,"206 Pearl St, Somerville, MA",-71.0928194,42.3870643,1,1,1,1,1,1,1,NA,1,NA,,,,NA,NA,NA,NA,NA,NA,NA,NA,NA,NA,NA,NA,NA,NA,NA,0,0,1,0,0,Tree limb,,0,NA,,,,,,,NA,NA,NA,NA,NA,NA,NA,NA,NA,NA,NA,NA,NA,NA,0,
2558,9/17/14 13:47,"Washington St and Rossmore St, Somerville, MA",-71.0914197,42.3796198,1,1,1,3,1,2,4,2,97,NA,2,1,,1,NA,NA,1,NA,NA,NA,NA,NA,NA,NA,NA,NA,NA,NA,0,0,0,0,0,,,0,NA,,,,,,,NA,NA,NA,NA,NA,NA,NA,NA,NA,NA,NA,NA,NA,NA,0,
2559,9/18/14 22:54,"225 Elm St, Somerville, MA",-71.1211381,42.3946432,1,1,1,1,4,2,2,1,5,NA,97,1,,NA,NA,NA,NA,NA,NA,NA,NA,NA,NA,NA,NA,NA,NA,NA,0,0,0,0,0,,,0,NA,,,,,,,NA,NA,NA,NA,NA,NA,NA,NA,NA,NA,NA,NA,NA,NA,1,Driver rear-ended DPW vehicle
2560,9/19/14 8:25,"Washington St and Dane St, Somerville, MA",-71.1040464,42.3788385,1,1,3,2,1,3,2,3,2,10,1,1,,NA,NA,NA,NA,NA,NA,NA,NA,NA,NA,NA,NA,NA,NA,NA,0,0,1,2,1,Motorcycle,5a,0,NA,,,,,,,NA,NA,NA,NA,NA,NA,NA,NA,NA,NA,NA,NA,NA,NA,0,
2561,9/19/14 11:25,"Broadway and Cross St, Somerville, MA",-71.0859942,42.3886405,1,1,3,2,3,3,2,1,4,NA,2,1,,NA,NA,NA,NA,NA,NA,NA,NA,NA,NA,NA,NA,NA,NA,NA,0,0,0,0,0,,,1,NA,0,49,4,1,,,NA,NA,NA,NA,NA,NA,NA,NA,NA,NA,NA,NA,NA,NA,0,
2562,9/19/14 23:37,"86 Elm St, Somerville, MA",-71.1166503,42.3890776,1,1,6,1,1,3,2,1,1,NA,1,3,6,NA,NA,NA,NA,NA,NA,NA,NA,NA,NA,NA,NA,NA,NA,NA,0,0,0,0,0,,,0,NA,,,,,,,NA,NA,NA,NA,NA,NA,NA,NA,NA,NA,NA,NA,NA,NA,0,
2563,9/19/14 19:06,"Concord Ave and Beacon St, Somerville, MA",-71.1025083,42.375107,1,1,1,3,1,1,1,1,4,NA,,,,NA,NA,NA,NA,NA,NA,NA,NA,NA,NA,NA,NA,NA,NA,NA,1,0,0,2,1,,2,1,NA,0,unk,4,1,,,NA,NA,NA,NA,NA,NA,NA,NA,NA,NA,NA,NA,NA,NA,0,
2564,9/21/14 2:11,"44 Paulina St, Somerville, MA",-71.1241962,42.4012417,1,1,1,1,4,2,2,1,99,NA,,,,NA,NA,NA,NA,NA,NA,NA,NA,NA,NA,NA,NA,NA,NA,NA,0,0,0,0,0,,,0,NA,,,,,,,NA,NA,NA,NA,NA,NA,NA,NA,NA,NA,NA,NA,NA,NA,0,
2565,9/22/14 9:30,"175 Fellsway , Somerville, MA",-71.0844201,42.3954627,1,1,1,2,3,2,2,4,1,NA,1,1,,NA,NA,NA,NA,NA,NA,NA,NA,NA,NA,NA,NA,NA,NA,NA,0,0,0,0,0,,,0,NA,,,,,,,NA,NA,NA,NA,NA,NA,NA,NA,NA,NA,NA,NA,NA,NA,0,
2566,9/24/14 21:15,"Broadway and William St, Somerville, MA",-71.1060347,42.3978851,1,1,1,1,1,2,2,NA,19,NA,1,1,,NA,NA,NA,NA,NA,NA,NA,NA,NA,NA,NA,NA,NA,NA,NA,0,0,0,0,0,,,0,NA,,,,,,,NA,NA,NA,NA,NA,NA,NA,NA,NA,NA,NA,NA,NA,NA,0,
2567,9/24/14 12:27,"Walnut St and Grandview Ave, Somerville, MA",-71.094555,42.3845713,1,1,1,3,4,1,1,2,1,NA,,,,NA,NA,NA,NA,NA,NA,NA,NA,NA,NA,NA,NA,NA,NA,NA,1,0,0,2,1,,5,1,NA,1,25,4,0,,,NA,NA,NA,NA,NA,NA,NA,NA,NA,NA,NA,NA,NA,NA,0,
2568,9/25/14 16:45,"Elm St and Linden Ave, Somerville, MA",-71.1146468,42.3870594,1,1,1,3,1,2,2,1,1,NA,2,19,,NA,NA,NA,NA,NA,NA,NA,NA,NA,NA,NA,NA,NA,NA,NA,0,0,0,0,0,,,0,NA,,,,,,,NA,NA,NA,NA,NA,NA,NA,NA,NA,NA,NA,NA,NA,NA,0,
2569,9/26/14 9:20,"Highland Ave and Lowell St, Somerville, MA",-71.1079523,42.3902029,1,1,3,2,1,2,2,NA,5,NA,,,,NA,NA,NA,NA,NA,NA,NA,NA,NA,NA,NA,NA,NA,NA,NA,0,0,0,0,0,,,1,2,1,38,4,1,0,70,4,1,NA,NA,NA,NA,NA,NA,NA,NA,NA,NA,NA,NA,0,
2570,9/26/14 15:40,"Powderhouse Blvd and Curtis St, Somerville, MA",-71.1258479,42.4054336,99,99,99,99,99,,2,1,4,NA,2,1,,NA,NA,NA,NA,NA,NA,NA,NA,NA,NA,NA,NA,NA,NA,NA,0,0,0,0,0,,,1,NA,0,19,4,1,,,NA,NA,NA,NA,NA,NA,NA,NA,NA,NA,NA,NA,NA,NA,0,
2571,9/26/14 19:45,"417 Highland Ave, Somerville, MA",-71.1216334,42.3963474,1,1,3,1,4,1,1,1,1,NA,,,,NA,NA,NA,NA,NA,NA,NA,NA,NA,NA,NA,NA,NA,NA,NA,0,1,0,4,1,,5,0,NA,,,,,,,NA,NA,NA,NA,NA,NA,NA,NA,NA,NA,NA,NA,NA,NA,0,
2572,9/26/14 13:35,"187 Elm St, Somerville, MA",-71.1202673,42.3930843,1,1,1,1,2,1,1,1,NA,NA,,,,NA,NA,NA,NA,NA,NA,NA,NA,NA,NA,NA,NA,NA,NA,NA,1,0,0,2,2,,3,0,NA,,,,,,,NA,NA,NA,NA,NA,NA,NA,NA,NA,NA,NA,NA,NA,NA,0,
2573,9/27/14 4:45,"Cross St and Flint St, Somerville, MA",-71.0885192,42.3848417,1,1,1,2,1,4,2,1,99,NA,1,1,,NA,NA,NA,NA,NA,NA,NA,NA,NA,NA,NA,NA,NA,NA,NA,0,0,0,0,0,,,0,NA,,,,,,,NA,NA,NA,NA,NA,NA,NA,NA,NA,NA,NA,NA,NA,NA,0,
2574,9/27/14 17:22,"9 Lovell St, Somerville, MA",-71.125258,42.402875,1,1,1,1,4,4,2,2,97,NA,1,1,,NA,NA,NA,NA,NA,NA,NA,NA,NA,NA,NA,NA,NA,NA,NA,0,0,0,0,0,,,0,NA,,,,,,,NA,NA,NA,NA,NA,NA,NA,NA,NA,NA,NA,NA,NA,NA,1,Cruiser struck parked MV while parking
2575,9/28/14 10:33,"Webster Ave and Newton St, Somerville, MA",-71.095842,42.3778737,1,1,1,2,1,1,1,1,2,NA,,,,NA,NA,NA,NA,NA,NA,NA,NA,NA,NA,NA,NA,NA,NA,NA,0,0,1,0,0,Guard rail,,0,NA,,,,,,,NA,NA,NA,NA,NA,NA,NA,NA,NA,NA,NA,NA,NA,NA,0,
2576,9/28/14 17:55,"Broadway and School St, Somerville, MA",-71.0944105,42.3932298,1,1,3,2,3,2,3,1,1,NA,1,1,,1,1,NA,NA,NA,NA,NA,NA,NA,NA,NA,NA,NA,NA,NA,0,0,0,0,0,,,1,2,0,21,4,0,0,31,4,0,NA,NA,NA,NA,NA,NA,NA,NA,NA,NA,NA,NA,0,
2577,9/30/14 8:29,"Lombardi Way and Broadway, Somerville, MA",-71.0787498,42.3861868,2,1,3,2,1,1,2,2,1,NA,,,,NA,NA,NA,NA,NA,NA,NA,NA,NA,NA,NA,NA,NA,NA,NA,1,0,0,2,1,,2a,1,NA,0,52,4,1,,,NA,NA,NA,NA,NA,NA,NA,NA,NA,NA,NA,NA,NA,NA,0,
2578,10/1/14 10:00,"Cummings St and Middlesex Ave, Somerville, MA",-71.083552,42.3945204,3,2,2,3,1,3,2,1,99,NA,1,99,,NA,NA,NA,NA,NA,NA,NA,NA,NA,NA,NA,NA,NA,NA,NA,0,0,0,0,0,,,0,NA,,,,,,,NA,NA,NA,NA,NA,NA,NA,NA,NA,NA,NA,NA,NA,NA,0,
2579,10/1/14 21:10,"College Ave and Morrison Ave, Somerville, MA",-71.1214296,42.3979434,1,1,2,3,1,3,2,1,99,NA,,,,NA,NA,NA,NA,NA,NA,NA,NA,NA,NA,NA,NA,NA,NA,NA,0,0,0,0,0,,,0,NA,,,,,,,NA,NA,NA,NA,NA,NA,NA,NA,NA,NA,NA,NA,NA,NA,0,
2580,10/2/14 10:26,"36 Davis Sq, Somerville, MA",-71.1225893,42.3966259,3,1,1,1,1,2,3,NA,1,NA,,5,,NA,5,NA,NA,NA,NA,NA,NA,NA,NA,NA,NA,NA,NA,NA,0,0,0,0,0,,,0,NA,,,,,,,NA,NA,NA,NA,NA,NA,NA,NA,NA,NA,NA,NA,NA,NA,0,
2581,10/2/14 10:25,"43 Pinckney St, Somerville, MA",-71.0817229,42.3840524,3,2,1,1,1,4,2,6,1,NA,1,,,NA,NA,NA,NA,NA,NA,NA,NA,NA,NA,NA,NA,NA,NA,NA,0,0,0,0,0,,,0,NA,,,,,,,NA,NA,NA,NA,NA,NA,NA,NA,NA,NA,NA,NA,NA,NA,1,"City vehicle opened door in movement, stricking mirror of vehicle 2"
2582,10/3/14 8:00,"80 Highland Ave, Somerville, MA",-71.097546,42.3862181,1,1,1,1,1,4,2,1,16,NA,1,1,,NA,NA,NA,NA,NA,NA,NA,NA,NA,NA,NA,NA,NA,NA,NA,0,0,0,0,0,,,0,NA,,,,,,,NA,NA,NA,NA,NA,NA,NA,NA,NA,NA,NA,NA,NA,NA,0,
2583,10/4/14 15:36,"304 Beacon St, Somerville, MA",-71.1134687,42.383755,3,2,1,1,2,4,1,1,19,NA,,,,NA,NA,NA,NA,NA,NA,NA,NA,NA,NA,NA,NA,NA,NA,NA,1,0,0,10,2,,3,1,NA,1,27,3,1,,,NA,NA,NA,NA,NA,NA,NA,NA,NA,NA,NA,NA,NA,NA,0,
2584,10/6/14 7:15,"Morrison Ave and Rogers Ave, Somerville, MA",-71.1142581,42.395323,1,1,1,3,1,6,2,2,1,NA,1,13,,NA,NA,NA,NA,NA,NA,NA,NA,NA,NA,NA,NA,NA,NA,NA,0,0,0,0,0,,,0,NA,,,,,,,NA,NA,NA,NA,NA,NA,NA,NA,NA,NA,NA,NA,NA,NA,0,
2585,10/6/14 18:17,"Webster Ave and Columbia St, Somerville, MA",-71.0952351,42.3758647,1,1,2,3,1,3,3,1,4,NA,2,1,,1,NA,NA,NA,NA,NA,NA,NA,NA,NA,NA,NA,NA,NA,NA,0,0,0,0,0,,,0,NA,,,,,,,NA,NA,NA,NA,NA,NA,NA,NA,NA,NA,NA,NA,NA,NA,0,
2586,10/7/14 9:19,"Washington St and Beacon St, Somerville, MA",-71.106382,42.3782892,2,1,3,1,1,1,1,1,97,NA,,,,NA,NA,NA,NA,NA,NA,NA,NA,NA,NA,NA,NA,NA,NA,NA,1,0,0,4,2,,3,1,NA,0,39,4,1,,,NA,NA,NA,NA,NA,NA,NA,NA,NA,NA,NA,NA,NA,NA,0,
2587,10/8/14 9:27,"86 Myrtle St, Somerville, MA",-71.0831573,42.3850902,1,1,1,1,1,1,1,2,1,NA,,,,NA,NA,NA,NA,NA,NA,NA,NA,NA,NA,NA,NA,NA,NA,NA,1,0,0,4,2,,3,1,NA,0,29,4,1,,,NA,NA,NA,NA,NA,NA,NA,NA,NA,NA,NA,NA,NA,NA,0,
2588,10/9/14 20:29,"Park St and Beacon St, Somerville, MA",-71.0632255,42.3577002,1,1,3,3,1,3,2,1,7,19,1,1,,NA,NA,NA,NA,NA,NA,NA,NA,NA,NA,NA,NA,NA,NA,NA,0,0,0,0,0,,,0,NA,,,,,,,NA,NA,NA,NA,NA,NA,NA,NA,NA,NA,NA,NA,NA,NA,0,
2589,10/10/14 16:11,"Broadway and Boston Ave, Somerville, MA",-71.111491,42.399676,1,1,3,2,1,2,2,2,5,19,2,1,,NA,NA,NA,NA,NA,NA,NA,NA,NA,NA,NA,NA,NA,NA,NA,0,0,0,0,0,,,0,NA,,,,,,,NA,NA,NA,NA,NA,NA,NA,NA,NA,NA,NA,NA,NA,NA,0,
2590,10/10/14 17:50,"Washington St and Franklin Ave, Somerville, MA",-71.08496,42.381522,1,1,1,3,1,2,2,3,3,10,1,1,,NA,NA,NA,NA,NA,NA,NA,NA,NA,NA,NA,NA,NA,NA,NA,0,0,1,4,2,Motorcycle,4a,0,NA,,,,,,,NA,NA,NA,NA,NA,NA,NA,NA,NA,NA,NA,NA,NA,NA,0,
2591,10/11/14 9:50,"93 Temple St, Somerville, MA",-71.0908309,42.3950937,3,2,1,1,2,2,2,NA,1,NA,,1,,NA,NA,NA,NA,NA,NA,NA,NA,NA,NA,NA,NA,NA,NA,NA,0,0,0,0,0,,,1,NA,0,29,4,0,,,NA,NA,NA,NA,NA,NA,NA,NA,NA,NA,NA,NA,NA,NA,0,
2592,10/12/14 8:53,"Temple St and Heath St, Somerville, MA",-71.0925535,42.3936272,1,1,2,3,1,3,2,1,99,NA,1,99,,NA,NA,NA,NA,NA,NA,NA,NA,NA,NA,NA,NA,NA,NA,NA,0,0,0,0,0,,,1,NA,0,27,4,0,,,NA,NA,NA,NA,NA,NA,NA,NA,NA,NA,NA,NA,NA,NA,0,
2593,10/12/14 16:36,"Grand Union Blvd and Foley St, Somerville, MA",-71.0805024,42.3930129,1,1,2,2,1,3,2,1,4,NA,2,1,,NA,NA,NA,NA,NA,NA,NA,NA,NA,NA,NA,NA,NA,NA,NA,0,0,0,0,0,,,0,NA,,,,,,,NA,NA,NA,NA,NA,NA,NA,NA,NA,NA,NA,NA,NA,NA,0,
2594,10/14/14 11:41,"180 Elm St, Somerville, MA",-71.1201022,42.3926291,2,1,1,1,2,4,2,1,1,NA,2,4,,NA,NA,NA,NA,NA,NA,NA,NA,NA,NA,NA,NA,NA,NA,NA,0,0,0,0,0,,,0,NA,,,,,,,NA,NA,NA,NA,NA,NA,NA,NA,NA,NA,NA,NA,NA,NA,0,