id,date_time,address,lon,lat,Weather,road_surface,traffic_control_device,intersection_type,traffic_way_desc,collision_manner,num_involved_vehicles,vehicle1_configuration,driver1_contrib1,driver1_contrib2,vehicle2_configuration,driver2_contrib1,driver2_contrib2,vehicle3_configuration,driver3_contrib1,driver3_contrib2,vehicle4_configuration,driver4_contrib1,driver4_contrib2,vehicle5_configuration,driver5_contrib1,driver5_contrib2,vehicle6_configuration,driver6_contrib1,driver6_contrib2,vehicle7_configuration,driver7_contrib1,driver7_contrib2,Bicycle,Pedestrian,non_mv,non_motorist_location,non_motorist_action,non_motorist_type,manner_of_non_motorist_collision,Injury,Multiple,Gender1,Age1,Severity1,Hospital1,Gender2,Age2,Severity2,Hospital2,Gender3,Age3,Severity3,Hospital3,Gender4,Age4,Severity4,Hospital4,Gender5,Age5,Severity5,Hospital5,city_vehicle,Notes
2595,10/14/14 12:11,"Willow Ave and Highland Ave, Somerville, MA",-71.1168102,42.3941136,1,1,3,2,1,3,2,2,99,NA,1,1,,NA,NA,NA,NA,NA,NA,NA,NA,NA,NA,NA,NA,NA,NA,NA,0,0,0,0,0,,,0,NA,,,,,,,NA,NA,NA,NA,NA,NA,NA,NA,NA,NA,NA,NA,NA,NA,0,
2596,10/14/14 18:42,"Beacon St and Washington St, Somerville, MA",-71.106382,42.3782892,1,1,3,2,2,1,1,1,1,NA,,,,NA,NA,NA,NA,NA,NA,NA,NA,NA,NA,NA,NA,NA,NA,NA,0,1,0,1,1,,2,1,NA,1,65,4,1,,,NA,NA,NA,NA,NA,NA,NA,NA,NA,NA,NA,NA,NA,NA,0,
2597,10/15/14 16:22,"74 Dover St, Somerville, MA",-71.124517,42.395751,1,1,1,1,4,1,1,1,1,NA,,,,NA,NA,NA,NA,NA,NA,NA,NA,NA,NA,NA,NA,NA,NA,NA,0,1,0,4,1,,5,1,NA,1,4,4,97,,,NA,NA,NA,NA,NA,NA,NA,NA,NA,NA,NA,NA,NA,NA,0,
2598,10/16/14 19:45,"Broadway and Mt. Vernon St, Somerville, MA",-71.0788702,42.3862206,3,2,3,2,1,3,2,1,1,NA,1,4,,NA,NA,NA,NA,NA,NA,NA,NA,NA,NA,NA,NA,NA,NA,NA,0,0,0,0,0,,,1,2,1,47,4,0,0,25,4,0,NA,NA,NA,NA,NA,NA,NA,NA,NA,NA,NA,NA,0,
2599,10/17/14 3:14,"337 Washington St, Somerville, MA",-71.101939,42.379513,3,2,1,1,1,4,2,1,1,NA,1,,,NA,NA,NA,NA,NA,NA,NA,NA,NA,NA,NA,NA,NA,NA,NA,0,0,0,0,0,,,0,NA,,,,,,,NA,NA,NA,NA,NA,NA,NA,NA,NA,NA,NA,NA,NA,NA,0,
2600,10/17/14 14:30,"25 Melvin St, Somerville, MA",-71.0902435,42.3891462,1,1,1,1,4,3,2,1,19,12,2,,,NA,NA,NA,NA,NA,NA,NA,NA,NA,NA,NA,NA,NA,NA,NA,0,0,0,0,0,,,0,NA,,,,,,,NA,NA,NA,NA,NA,NA,NA,NA,NA,NA,NA,NA,NA,NA,0,
2601,10/17/14 19:00,"Mystic Ave and Temple St, Somerville, MA",-71.0891458,42.3955809,1,1,3,2,1,4,2,1,1,NA,1,,,NA,NA,NA,NA,NA,NA,NA,NA,NA,NA,NA,NA,NA,NA,NA,0,0,0,0,0,,,0,NA,,,,,,,NA,NA,NA,NA,NA,NA,NA,NA,NA,NA,NA,NA,NA,NA,0,
2602,10/17/14 20:55,"82 Prospect St, Somerville, MA",-71.096208,42.3760835,1,1,1,1,1,1,1,NA,NA,NA,,,,NA,NA,NA,NA,NA,NA,NA,NA,NA,NA,NA,NA,NA,NA,NA,1,0,0,4,2,,7,1,NA,1,52,3,1,,,NA,NA,NA,NA,NA,NA,NA,NA,NA,NA,NA,NA,NA,NA,0,
2603,10/18/14 3:48,"66 Jaques St, Somerville, MA",-71.0924597,42.3944219,1,1,3,1,1,4,2,1,2,3,1,1,,NA,NA,NA,NA,NA,NA,NA,NA,NA,NA,NA,NA,NA,NA,NA,0,0,0,0,0,,,1,NA,,,99,1,,,NA,NA,NA,NA,NA,NA,NA,NA,NA,NA,NA,NA,NA,NA,0,
2604,10/18/14 4:08,"84 Elm St, Somerville, MA",-71.1164705,42.3888722,1,1,1,1,1,6,3,1,21,NA,1,1,,NA,NA,NA,NA,NA,NA,NA,NA,NA,NA,NA,NA,NA,NA,NA,0,0,0,0,0,,,0,NA,,,,,,,NA,NA,NA,NA,NA,NA,NA,NA,NA,NA,NA,NA,NA,NA,0,
2605,10/18/14 12:15,"Middlesex Ave and Foley St, Somerville, MA",-71.0830133,42.3926273,2,1,3,3,2,3,2,1,1,NA,,,,NA,NA,NA,NA,NA,NA,NA,NA,NA,NA,NA,NA,NA,NA,NA,0,0,0,0,0,,,0,NA,,,,,,,NA,NA,NA,NA,NA,NA,NA,NA,NA,NA,NA,NA,NA,NA,0,
2606,10/18/14 23:09,"Foley St, Somerville, MA",-71.0803484,42.3930349,2,1,1,1,1,3,2,2,99,NA,1,99,,NA,NA,NA,NA,NA,NA,NA,NA,NA,NA,NA,NA,NA,NA,NA,0,0,0,0,0,,,0,NA,,,,,,,NA,NA,NA,NA,NA,NA,NA,NA,NA,NA,NA,NA,NA,NA,0,
2607,10/18/14 20:27,"25 Highland Ave, Somerville, MA",-71.093642,42.385268,1,1,1,1,1,1,1,1,4,18,,,,NA,NA,NA,NA,NA,NA,NA,NA,NA,NA,NA,NA,NA,NA,NA,0,1,0,4,1,,2,1,NA,1,70,2,1,,,NA,NA,NA,NA,NA,NA,NA,NA,NA,NA,NA,NA,NA,NA,0,
2608,10/21/14 14:00,"44 Broadway, Somerville, MA",-71.0797103,42.3862708,3,2,3,1,2,4,2,2,17,NA,2,1,,NA,NA,NA,NA,NA,NA,NA,NA,NA,NA,NA,NA,NA,NA,NA,0,0,0,0,0,,,1,NA,1,35,4,1,,,NA,NA,NA,NA,NA,NA,NA,NA,NA,NA,NA,NA,NA,NA,0,
2609,10/24/14 7:19,"Broadway and Hinckley St, Somerville, MA",-71.1050506,42.3975698,3,2,2,3,3,3,2,NA,NA,NA,,,,NA,NA,NA,NA,NA,NA,NA,NA,NA,NA,NA,NA,NA,NA,NA,0,0,0,0,0,,,0,NA,,,,,,,NA,NA,NA,NA,NA,NA,NA,NA,NA,NA,NA,NA,NA,NA,0,
2610,10/25/14 12:36,"Beacon St and Park St, Somerville, MA",-71.0632255,42.3577002,1,1,3,2,1,1,1,2,4,NA,,,,NA,NA,NA,NA,NA,NA,NA,NA,NA,NA,NA,NA,NA,NA,NA,0,1,0,1,1,,2,1,NA,1,53,3,1,,,NA,NA,NA,NA,NA,NA,NA,NA,NA,NA,NA,NA,NA,NA,0,
2611,10/26/14 16:28,"114 Temple St, Somerville, MA",-71.0900588,42.3956935,2,1,1,1,1,1,1,1,1,NA,,,,NA,NA,NA,NA,NA,NA,NA,NA,NA,NA,NA,NA,NA,NA,NA,0,1,0,4,1,,5,1,NA,1,39,4,1,,,NA,NA,NA,NA,NA,NA,NA,NA,NA,NA,NA,NA,NA,NA,0,
2612,10/27/14 8:20,"Forster St and Central St, Somerville, MA",-71.0998751,42.3934793,1,1,2,3,4,3,2,1,1,NA,1,1,,NA,NA,NA,NA,NA,NA,NA,NA,NA,NA,NA,NA,NA,NA,NA,0,0,0,0,0,,,0,NA,,,,,,,NA,NA,NA,NA,NA,NA,NA,NA,NA,NA,NA,NA,NA,NA,0,
2613,10/27/14 23:49,"McGrath Hwy and Washington St, Somerville, MA",-71.0893942,42.3804355,1,1,1,3,1,2,2,3,99,NA,1,1,,NA,NA,NA,NA,NA,NA,NA,NA,NA,NA,NA,NA,NA,NA,NA,0,0,0,0,0,,,0,NA,,,,,,,NA,NA,NA,NA,NA,NA,NA,NA,NA,NA,NA,NA,NA,NA,0,
2614,10/27/14 9:11,"Medford St and Pearl St, Somerville, MA",-71.0962952,42.3882985,1,1,1,4,2,6,2,2,4,NA,3,1,,NA,NA,NA,NA,NA,NA,NA,NA,NA,NA,NA,NA,NA,NA,NA,0,0,1,2,1,Motorcycle,2,1,NA,1,51,2,1,,,NA,NA,NA,NA,NA,NA,NA,NA,NA,NA,NA,NA,NA,NA,1,"SPD motorcycle dumped into skid to avoid accident, struck MV1"
2615,10/28/14 15:09,"59 Bow St, Somerville, MA",-71.099244,42.3817,1,1,1,1,4,1,1,10,1,NA,,,,NA,NA,NA,NA,NA,NA,NA,NA,NA,NA,NA,NA,NA,NA,NA,0,0,1,9,97,Tree branch,,0,NA,,,,,,,NA,NA,NA,NA,NA,NA,NA,NA,NA,NA,NA,NA,NA,NA,0,
2616,10/29/14 18:31,"Central St and Gibbens St, Somerville, MA",-71.1038067,42.3878743,2,1,2,3,1,3,2,1,4,NA,2,1,,NA,NA,NA,NA,NA,NA,NA,NA,NA,NA,NA,NA,NA,NA,NA,0,0,0,0,0,,,0,NA,,,,,,,NA,NA,NA,NA,NA,NA,NA,NA,NA,NA,NA,NA,NA,NA,0,
2617,10/29/14 12:37,"17 Belmont St, Somerville, MA",-71.1104492,42.3853075,1,1,1,1,4,1,1,3,4,NA,,,,NA,NA,NA,NA,NA,NA,NA,NA,NA,NA,NA,NA,NA,NA,NA,1,0,0,4,2,,5,1,NA,1,26,4,1,,,NA,NA,NA,NA,NA,NA,NA,NA,NA,NA,NA,NA,NA,NA,0,
2618,10/31/14 15:36,"Foley St and Middlesex Ave, Somerville, MA",-71.0830133,42.3926273,2,1,3,3,1,2,2,6,19,NA,1,1,,NA,NA,NA,NA,NA,NA,NA,NA,NA,NA,NA,NA,NA,NA,NA,0,0,0,0,0,,,0,NA,,,,,,,NA,NA,NA,NA,NA,NA,NA,NA,NA,NA,NA,NA,NA,NA,0,
2619,11/2/14 7:20,"North St and Conwell Ave, Somerville, MA",-71.129517,42.4085307,3,2,2,3,2,6,2,1,1,NA,1,1,,NA,NA,NA,NA,NA,NA,NA,NA,NA,NA,NA,NA,NA,NA,NA,0,0,0,0,0,,,0,NA,,,,,,,NA,NA,NA,NA,NA,NA,NA,NA,NA,NA,NA,NA,NA,NA,0,
2620,11/4/14 15:15,"Charlestown St and Merriam St, Somerville, MA",-71.0925773,42.3767956,1,1,1,3,1,5,2,NA,NA,NA,,12,,NA,NA,NA,NA,NA,NA,NA,NA,NA,NA,NA,NA,NA,NA,NA,0,0,0,0,0,,,0,NA,,,,,,,NA,NA,NA,NA,NA,NA,NA,NA,NA,NA,NA,NA,NA,NA,0,
2622,11/5/14 9:07,"27 Union Sq, Somerville, MA",-71.0968579,42.3799691,2,1,1,3,2,3,2,1,99,NA,6,99,,NA,NA,NA,NA,NA,NA,NA,NA,NA,NA,NA,NA,NA,NA,NA,0,0,0,0,0,,,0,NA,,,,,,,NA,NA,NA,NA,NA,NA,NA,NA,NA,NA,NA,NA,NA,NA,0,
2623,11/5/14 17:20,"8 Medford St, Somerville, MA",-71.087669,42.3736344,1,1,1,1,1,1,1,1,1,NA,,,,NA,NA,NA,NA,NA,NA,NA,NA,NA,NA,NA,NA,NA,NA,NA,0,1,0,4,1,,5,1,NA,1,unk,4,1,,,NA,NA,NA,NA,NA,NA,NA,NA,NA,NA,NA,NA,NA,NA,0,
2624,11/6/14 22:41,"11 Dartmouth St, Somerville, MA",-71.097206,42.390341,3,1,1,1,4,4,2,1,NA,NA,,,,NA,NA,NA,NA,NA,NA,NA,NA,NA,NA,NA,NA,NA,NA,NA,0,0,0,0,0,,,0,NA,,,,,,,NA,NA,NA,NA,NA,NA,NA,NA,NA,NA,NA,NA,NA,NA,0,
2625,11/7/14 15:00,"Central St and Somerville Ave, Somerville, MA",-71.1069016,42.3833311,1,1,1,3,4,3,2,1,19,NA,1,1,,NA,NA,NA,NA,NA,NA,NA,NA,NA,NA,NA,NA,NA,NA,NA,0,0,0,0,0,,,0,NA,,,,,,,NA,NA,NA,NA,NA,NA,NA,NA,NA,NA,NA,NA,NA,NA,0,
2626,11/7/14 17:25,"Cedar St and Sumemr St, Somerville, MA",-71.1136266,42.3904869,1,1,3,2,1,3,2,1,1,NA,2,3,20,NA,NA,NA,NA,NA,NA,NA,NA,NA,NA,NA,NA,NA,NA,NA,0,0,0,0,0,,,0,NA,,,,,,,NA,NA,NA,NA,NA,NA,NA,NA,NA,NA,NA,NA,NA,NA,0,
2627,11/7/14 21:40,"Broadway and Curtis St, Somerville, MA",-71.1272773,42.4033029,1,1,3,2,1,2,2,NA,10,97,,1,,NA,NA,NA,NA,NA,NA,NA,NA,NA,NA,NA,NA,NA,NA,NA,0,0,0,0,0,,,1,2,0,15,3,1,0,36,4,1,NA,NA,NA,NA,NA,NA,NA,NA,NA,NA,NA,NA,0,
2628,11/8/14 11:20,"College Ave and Lower Campus Way, Somerville, MA",-71.1172064,42.4040151,1,1,1,3,1,6,2,1,1,NA,1,4,,NA,NA,NA,NA,NA,NA,NA,NA,NA,NA,NA,NA,NA,NA,NA,0,0,0,0,0,,,0,NA,,,,,,,NA,NA,NA,NA,NA,NA,NA,NA,NA,NA,NA,NA,NA,NA,0,
2629,11/8/14 15:24,"74 Elm St, Somerville, MA",-71.116274,42.388532,1,1,1,1,1,3,2,1,19,NA,,,,NA,NA,NA,NA,NA,NA,NA,NA,NA,NA,NA,NA,NA,NA,NA,1,0,0,4,2,,3,1,NA,1,unk,2,1,,,NA,NA,NA,NA,NA,NA,NA,NA,NA,NA,NA,NA,NA,NA,0,
2630,11/9/14 7:00,"Highland Rd and Boston Ave, Somerville, MA",-71.1108987,42.3989438,2,1,2,3,1,3,2,1,1,NA,1,99,,NA,NA,NA,NA,NA,NA,NA,NA,NA,NA,NA,NA,NA,NA,NA,0,0,0,0,0,,,0,NA,,,,,,,NA,NA,NA,NA,NA,NA,NA,NA,NA,NA,NA,NA,NA,NA,0,
2631,11/9/14 23:07,"Warner St and Broadway, Somerville, MA",-71.116275,42.401082,1,1,24,7,3,2,2,1,99,NA,1,1,,NA,NA,NA,NA,NA,NA,NA,NA,NA,NA,NA,NA,NA,NA,NA,0,0,0,0,0,,,0,NA,,,,,,,NA,NA,NA,NA,NA,NA,NA,NA,NA,NA,NA,NA,NA,NA,0,
2632,11/11/14 8:10,"Elm St and Willow Ave, Somerville, MA",-71.1187665,42.3913149,1,1,1,3,1,2,3,1,1,NA,1,1,,1,5,NA,NA,NA,NA,NA,NA,NA,NA,NA,NA,NA,NA,NA,0,0,0,0,0,,,0,NA,,,,,,,NA,NA,NA,NA,NA,NA,NA,NA,NA,NA,NA,NA,NA,NA,0,
2633,11/11/14 16:46,"268 Willow Ave, Somerville, MA",-71.1132869,42.3996237,1,1,1,1,1,5,3,2,9,NA,1,1,,1,NA,NA,NA,NA,NA,NA,NA,NA,NA,NA,NA,NA,NA,NA,0,0,0,0,0,,,0,NA,,,,,,,NA,NA,NA,NA,NA,NA,NA,NA,NA,NA,NA,NA,NA,NA,0,
2634,11/11/14 17:15,"Broadway and College Ave, Somerville, MA",-71.117348,42.400524,1,1,1,8,1,4,2,1,1,NA,1,5,,NA,NA,NA,NA,NA,NA,NA,NA,NA,NA,NA,NA,NA,NA,NA,0,0,0,0,0,,,0,NA,,,,,,,NA,NA,NA,NA,NA,NA,NA,NA,NA,NA,NA,NA,NA,NA,0,
2635,11/12/14 16:00,"523 Broadway, Somerville, MA",-71.105691,42.3977868,1,1,1,1,1,2,2,2,1,NA,2,1,,NA,NA,NA,NA,NA,NA,NA,NA,NA,NA,NA,NA,NA,NA,NA,0,0,0,0,0,,,1,NA,0,47,4,1,,,NA,NA,NA,NA,NA,NA,NA,NA,NA,NA,NA,NA,NA,NA,0,
2659,12/2/14 20:28,"Highland Ave and Central St, Somerville, MA",-71.1034359,42.3884241,3,2,3,2,1,3,2,1,1,NA,1,3,19,NA,NA,NA,NA,NA,NA,NA,NA,NA,NA,NA,NA,NA,NA,NA,0,0,0,0,0,,,0,NA,,,,,,,NA,NA,NA,NA,NA,NA,NA,NA,NA,NA,NA,NA,NA,NA,0,
2636,11/13/14 7:05,"Prospect St and Somerville Ave, Somerville, MA",-71.0941078,42.3791063,1,1,3,3,1,6,2,1,1,NA,1,1,,NA,NA,NA,NA,NA,NA,NA,NA,NA,NA,NA,NA,NA,NA,NA,0,0,0,0,0,,,1,NA,0,64,4,1,,,NA,NA,NA,NA,NA,NA,NA,NA,NA,NA,NA,NA,NA,NA,0,
2637,11/14/14 11:57,"Broadway and Langmaid Ave, Somerville, MA",-71.0940467,42.3930357,1,1,3,1,2,2,2,2,1,NA,1,99,,NA,NA,NA,NA,NA,NA,NA,NA,NA,NA,NA,NA,NA,NA,NA,0,0,0,0,0,,,1,NA,1,46,4,1,,,NA,NA,NA,NA,NA,NA,NA,NA,NA,NA,NA,NA,NA,NA,0,
2638,11/14/14 15:49,"Somerville Ave and Prospect St, Somerville, MA",-71.0941078,42.3791063,1,1,3,3,3,3,2,2,1,NA,1,4,,NA,NA,NA,NA,NA,NA,NA,NA,NA,NA,NA,NA,NA,NA,NA,0,0,0,0,0,,,0,NA,,,,,,,NA,NA,NA,NA,NA,NA,NA,NA,NA,NA,NA,NA,NA,NA,0,
2639,11/16/14 17:48,"Columbia St and Windsor Pl, Somerville, MA",-71.0943306,42.3757914,1,1,2,3,1,1,1,1,4,NA,,,,NA,NA,NA,NA,NA,NA,NA,NA,NA,NA,NA,NA,NA,NA,NA,1,0,0,2,1,,5,1,NA,1,30,3,1,,,NA,NA,NA,NA,NA,NA,NA,NA,NA,NA,NA,NA,NA,NA,0,
2640,11/17/14 12:20,"Elm St and Grove St, Somerville, MA",-71.1214561,42.3947474,3,2,1,3,4,4,2,1,1,NA,1,1,,NA,NA,NA,NA,NA,NA,NA,NA,NA,NA,NA,NA,NA,NA,NA,0,0,0,0,0,,,0,NA,,,,,,,NA,NA,NA,NA,NA,NA,NA,NA,NA,NA,NA,NA,NA,NA,0,
2641,11/17/14 20:50,"188 Willow Ave, Somerville, MA",-71.114955,42.397183,3,2,1,1,1,2,1,1,1,18,,,,NA,NA,NA,NA,NA,NA,NA,NA,NA,NA,NA,NA,NA,NA,NA,0,1,0,4,1,,5,1,NA,1,24,3,1,,,NA,NA,NA,NA,NA,NA,NA,NA,NA,NA,NA,NA,NA,NA,0,
2642,11/17/14 10:52,"341 Broadway, Somerville, MA",-71.0943995,42.393241,3,2,3,2,3,2,2,1,99,NA,1,1,,NA,NA,NA,NA,NA,NA,NA,NA,NA,NA,NA,NA,NA,NA,NA,0,0,0,0,0,,,0,NA,,,,,,,NA,NA,NA,NA,NA,NA,NA,NA,NA,NA,NA,NA,NA,NA,1,City vehicle rear ended at red light
2643,11/19/14 14:49,"Medford St and Norwood Ave, Somerville, MA",-71.1031062,42.3957026,1,1,1,3,1,3,2,7,1,NA,15,99,,NA,NA,NA,NA,NA,NA,NA,NA,NA,NA,NA,NA,NA,NA,NA,0,0,1,2,1,Moped,5a,1,NA,1,42,2,1,,,NA,NA,NA,NA,NA,NA,NA,NA,NA,NA,NA,NA,NA,NA,0,
2644,11/19/14 8:11,"Webster Ave and Tremont St, Somerville, MA",-71.0952351,42.3758647,1,1,2,3,1,1,1,2,4,NA,,,,NA,NA,NA,NA,NA,NA,NA,NA,NA,NA,NA,NA,NA,NA,NA,1,0,0,2,1,,5,0,NA,,,,,,,NA,NA,NA,NA,NA,NA,NA,NA,NA,NA,NA,NA,NA,NA,0,
2645,11/20/14 8:00,"87 Summer St, Somerville, MA",-71.10107,42.38485,1,1,1,1,1,3,3,1,1,NA,1,,,1,NA,NA,NA,NA,NA,NA,NA,NA,NA,NA,NA,NA,NA,NA,0,0,0,0,0,,,0,NA,,,,,,,NA,NA,NA,NA,NA,NA,NA,NA,NA,NA,NA,NA,NA,NA,0,
2646,11/20/14 14:55,"54 Union Square, Somerville, MA",-71.096125,42.3799366,1,1,1,1,4,4,2,3,9,NA,6,,,NA,NA,NA,NA,NA,NA,NA,NA,NA,NA,NA,NA,NA,NA,NA,0,0,0,0,0,,,0,NA,,,,,,,NA,NA,NA,NA,NA,NA,NA,NA,NA,NA,NA,NA,NA,NA,0,
2647,11/21/14 11:25,"Beacon St and Park St, Somerville, MA",-71.0632255,42.3577002,1,1,3,1,1,6,2,13,99,NA,1,99,,NA,NA,NA,NA,NA,NA,NA,NA,NA,NA,NA,NA,NA,NA,NA,0,0,0,0,0,,,0,NA,,,,,,,NA,NA,NA,NA,NA,NA,NA,NA,NA,NA,NA,NA,NA,NA,0,
2648,11/21/14 21:34,"Morrison Ave and Cedar St, Somerville, MA",-71.1107807,42.3944455,1,1,1,1,1,1,1,2,4,NA,,,,NA,NA,NA,NA,NA,NA,NA,NA,NA,NA,NA,NA,NA,NA,NA,0,1,0,4,1,,2,1,NA,0,41,2,1,,,NA,NA,NA,NA,NA,NA,NA,NA,NA,NA,NA,NA,NA,NA,0,
2649,11/23/14 3:40,"Temple St and Memorial Rd, Somerville, MA",-71.0924564,42.3962118,1,1,1,3,1,2,2,1,5,NA,1,1,,NA,NA,NA,NA,NA,NA,NA,NA,NA,NA,NA,NA,NA,NA,NA,0,0,0,0,0,,,1,3,1,26,4,0,1,29,4,0,1,29,4,0,NA,NA,NA,NA,NA,NA,NA,NA,0,
2650,11/23/14 19:25,"Burnside Ave, Somerville, MA",-71.117233,42.3908623,1,1,1,1,4,4,2,7,1,NA,1,,,NA,NA,NA,NA,NA,NA,NA,NA,NA,NA,NA,NA,NA,NA,NA,0,0,0,0,0,,,0,NA,,,,,,,NA,NA,NA,NA,NA,NA,NA,NA,NA,NA,NA,NA,NA,NA,0,
2651,11/25/14 9:14,"Beacon St and Washington St, Somerville, MA",-71.106382,42.3782892,1,1,1,2,1,2,2,1,1,NA,1,5,,NA,NA,NA,NA,NA,NA,NA,NA,NA,NA,NA,NA,NA,NA,NA,0,0,0,0,0,,,1,NA,0,51,4,0,,,NA,NA,NA,NA,NA,NA,NA,NA,NA,NA,NA,NA,NA,NA,0,
2652,11/26/14 15:09,"88 Beacon St, Somerville, MA",-71.1048786,42.3767348,5,2,1,1,1,4,2,1,10,NA,2,1,,NA,NA,NA,NA,NA,NA,NA,NA,NA,NA,NA,NA,NA,NA,NA,0,0,0,0,0,,,0,NA,,,,,,,NA,NA,NA,NA,NA,NA,NA,NA,NA,NA,NA,NA,NA,NA,0,
2653,11/27/14 22:10,"64 Union Square, Somerville, MA",-71.0953636,42.3798823,4,2,1,1,1,1,1,2,2,9,,,,NA,NA,NA,NA,NA,NA,NA,NA,NA,NA,NA,NA,NA,NA,NA,0,0,1,0,0,"Trash barrel, tree, bench",,1,3,0,58,3,1,1,58,3,1,1,21,3,1,NA,NA,NA,NA,NA,NA,NA,NA,0,
2654,11/28/14 21:20,"Highland Ave and Central St, Somerville, MA",-71.1034359,42.3884241,1,1,3,2,1,3,2,1,3,NA,1,1,,NA,NA,NA,NA,NA,NA,NA,NA,NA,NA,NA,NA,NA,NA,NA,0,0,0,0,0,,,0,NA,,,,,,,NA,NA,NA,NA,NA,NA,NA,NA,NA,NA,NA,NA,NA,NA,0,
2655,11/29/14 10:46,"Broadway and Garfield Ave, Somerville, MA",-71.0867525,42.3889844,1,1,3,3,3,3,2,1,3,NA,1,1,,NA,NA,NA,NA,NA,NA,NA,NA,NA,NA,NA,NA,NA,NA,NA,0,0,0,0,0,,,1,2,1,57,2,1,0,31,2,1,1,4,5,1,1,6,5,1,NA,NA,NA,NA,0,
2656,12/1/14 12:19,"Curtis St and Professors Row, Somerville, MA",-71.1243674,42.4076602,99,99,99,99,99,99,2,4,1,NA,5,1,,NA,NA,NA,NA,NA,NA,NA,NA,NA,NA,NA,NA,NA,NA,NA,0,0,0,0,0,,,0,NA,,,,,,,NA,NA,NA,NA,NA,NA,NA,NA,NA,NA,NA,NA,NA,NA,0,
2657,12/1/14 23:07,"660 Broadway, Somerville, MA",-71.1108879,42.3992964,1,1,2,2,1,3,2,1,1,NA,1,1,,NA,NA,NA,NA,NA,NA,NA,NA,NA,NA,NA,NA,NA,NA,NA,0,0,0,0,0,,,0,NA,,,,,,,NA,NA,NA,NA,NA,NA,NA,NA,NA,NA,NA,NA,NA,NA,0,
2658,12/2/14 8:13,"Russell Rd and Broadway, Somerville, MA",-71.1296313,42.404711,99,99,99,99,99,99,1,1,1,NA,,,,NA,NA,NA,NA,NA,NA,NA,NA,NA,NA,NA,NA,NA,NA,NA,0,0,1,0,0,Fence,,0,NA,,,,,,,NA,NA,NA,NA,NA,NA,NA,NA,NA,NA,NA,NA,NA,NA,0,
2660,12/3/14 11:36,"10 Webster Ave , Somerville, MA",-71.096046,42.3791698,3,2,1,1,4,3,2,1,1,NA,1,4,,NA,NA,NA,NA,NA,NA,NA,NA,NA,NA,NA,NA,NA,NA,NA,0,0,0,0,0,,,0,NA,,,,,,,NA,NA,NA,NA,NA,NA,NA,NA,NA,NA,NA,NA,NA,NA,0,
2661,12/5/14 11:35,"Powderhouse Blvd and North St, Somerville, MA",-71.1302644,42.4073825,1,1,3,2,1,5,2,1,1,NA,1,1,,NA,NA,NA,NA,NA,NA,NA,NA,NA,NA,NA,NA,NA,NA,NA,0,0,0,0,0,,,0,NA,,,,,,,NA,NA,NA,NA,NA,NA,NA,NA,NA,NA,NA,NA,NA,NA,0,
2662,12/5/14 21:30,"Bond St and Heath St, Somerville, MA",-71.0959078,42.3953106,3,2,2,2,4,6,2,1,1,NA,2,3,,NA,NA,NA,NA,NA,NA,NA,NA,NA,NA,NA,NA,NA,NA,NA,0,0,0,0,0,,,1,NA,0,49,99,1,,,NA,NA,NA,NA,NA,NA,NA,NA,NA,NA,NA,NA,NA,NA,0,
2663,12/5/14 16:48,"Washington St and Rossmore St, Somerville, MA",-71.0914197,42.3796198,1,1,1,3,4,1,1,1,4,NA,,,,NA,NA,NA,NA,NA,NA,NA,NA,NA,NA,NA,NA,NA,NA,NA,0,1,0,1,1,,2,1,2,0,44,3,1,1,43,4,1,NA,NA,NA,NA,NA,NA,NA,NA,NA,NA,NA,NA,0,
2664,12/5/14 4:50,"Perkins St and Mt. Vernon St, Somerville, MA",-71.0799358,42.3847196,1,1,2,3,4,4,2,97,1,NA,2,1,,NA,NA,NA,NA,NA,NA,NA,NA,NA,NA,NA,NA,NA,NA,NA,0,0,0,0,0,,,0,NA,,,,,,,NA,NA,NA,NA,NA,NA,NA,NA,NA,NA,NA,NA,NA,NA,1,SFD engine struck parked car returning from call
2665,12/5/14 11:35,"12 Belmont St, Somerville, MA",-71.1106333,42.3848943,1,1,1,1,4,2,2,NA,NA,NA,,,,NA,NA,NA,NA,NA,NA,NA,NA,NA,NA,NA,NA,NA,NA,NA,0,0,0,0,0,,,0,NA,,,,,,,NA,NA,NA,NA,NA,NA,NA,NA,NA,NA,NA,NA,NA,NA,1,SPD Fire Chief vehicle backed out into parked MV while checking fire lane violations
2666,12/6/14 9:50,"78 Mt. Vernon St, Somerville, MA",-71.0811451,42.3830436,99,99,1,1,4,99,1,2,1,NA,,,,NA,NA,NA,NA,NA,NA,NA,NA,NA,NA,NA,NA,NA,NA,NA,0,0,0,0,0,,,0,NA,,,,,,,NA,NA,NA,NA,NA,NA,NA,NA,NA,NA,NA,NA,NA,NA,0,Construction vehicle