id,date_time,address,lon,lat,Weather,road_surface,traffic_control_device,intersection_type,traffic_way_desc,collision_manner,num_involved_vehicles,vehicle1_configuration,driver1_contrib1,driver1_contrib2,vehicle2_configuration,driver2_contrib1,driver2_contrib2,vehicle3_configuration,driver3_contrib1,driver3_contrib2,vehicle4_configuration,driver4_contrib1,driver4_contrib2,vehicle5_configuration,driver5_contrib1,driver5_contrib2,vehicle6_configuration,driver6_contrib1,driver6_contrib2,vehicle7_configuration,driver7_contrib1,driver7_contrib2,Bicycle,Pedestrian,non_mv,non_motorist_location,non_motorist_action,non_motorist_type,manner_of_non_motorist_collision,Injury,Multiple,Gender1,Age1,Severity1,Hospital1,Gender2,Age2,Severity2,Hospital2,Gender3,Age3,Severity3,Hospital3,Gender4,Age4,Severity4,Hospital4,Gender5,Age5,Severity5,Hospital5,city_vehicle,Notes
2667,12/6/14 21:23,"Bow St and Somerville Ave, Somerville, MA",-71.1003902,42.3814782,2,2,3,3,4,3,2,1,4,NA,2,1,,NA,NA,NA,NA,NA,NA,NA,NA,NA,NA,NA,NA,NA,NA,NA,0,0,0,0,0,,,0,NA,,,,,,,NA,NA,NA,NA,NA,NA,NA,NA,NA,NA,NA,NA,NA,NA,0,
2668,12/6/14 18:11,"Elm St and Grove St, Somerville, MA",-71.1214561,42.3947474,3,2,1,3,1,1,1,1,18,4,,,,NA,NA,NA,NA,NA,NA,NA,NA,NA,NA,NA,NA,NA,NA,NA,0,1,0,1,1,,2,1,NA,1,unk,99,2,,,NA,NA,NA,NA,NA,NA,NA,NA,NA,NA,NA,NA,NA,NA,0,
2669,12/6/14 19:06,"16 Beacon St, Somerville, MA",-71.1025604,42.374749,3,2,1,1,1,1,1,1,4,19,,,,NA,NA,NA,NA,NA,NA,NA,NA,NA,NA,NA,NA,NA,NA,NA,0,1,0,1,1,,5,1,NA,,,99,,,,NA,NA,NA,NA,NA,NA,NA,NA,NA,NA,NA,NA,NA,NA,0,
2670,12/8/14 11:05,"541 Broadway, Somerville, MA",-71.1062464,42.3982057,2,1,1,1,1,3,2,1,4,NA,2,1,,NA,NA,NA,NA,NA,NA,NA,NA,NA,NA,NA,NA,NA,NA,NA,0,0,0,0,0,,,0,NA,,,,,,,NA,NA,NA,NA,NA,NA,NA,NA,NA,NA,NA,NA,NA,NA,0,
2671,12/8/14 17:58,"Elm St and Willow Ave, Somerville, MA",-71.1187665,42.3913149,1,1,1,3,1,1,1,NA,99,NA,,1,,NA,NA,NA,NA,NA,NA,NA,NA,NA,NA,NA,NA,NA,NA,NA,1,0,0,10,1,,1,1,NA,1,24,4,0,,,NA,NA,NA,NA,NA,NA,NA,NA,NA,NA,NA,NA,NA,NA,0,
2672,12/9/14 1:20,"Park St and Eliot St, Somerville, MA",-71.10763,42.3809877,45,4,1,1,1,2,2,1,1,11,1,1,,NA,NA,NA,NA,NA,NA,NA,NA,NA,NA,NA,NA,NA,NA,NA,0,0,0,0,0,,,0,NA,,,,,,,NA,NA,NA,NA,NA,NA,NA,NA,NA,NA,NA,NA,NA,NA,0,
2673,12/9/14 2:09,"50 Dane St, Somerville, MA",-71.1043326,42.3801862,45,4,1,1,4,6,3,2,11,NA,1,1,,1,1,NA,NA,NA,NA,NA,NA,NA,NA,NA,NA,NA,NA,NA,0,0,0,0,0,,,0,NA,,,,,,,NA,NA,NA,NA,NA,NA,NA,NA,NA,NA,NA,NA,NA,NA,0,
2681,12/11/14 17:30,"Pearson Rd and Warner St, Somerville, MA",-71.1150872,42.4020669,3,2,1,2,1,3,2,1,4,NA,1,1,,NA,NA,NA,NA,NA,NA,NA,NA,NA,NA,NA,NA,NA,NA,NA,0,0,0,0,0,,,0,NA,,,,,,,NA,NA,NA,NA,NA,NA,NA,NA,NA,NA,NA,NA,NA,NA,0,
2674,12/9/14 14:40,"91 Gilman St, Somerville, MA",-71.0925265,42.3861517,3,2,1,99,4,1,1,11,NA,NA,,,,NA,NA,NA,NA,NA,NA,NA,NA,NA,NA,NA,NA,NA,NA,NA,0,0,1,0,0,Tree & electrical wires,,0,NA,,,,,,,NA,NA,NA,NA,NA,NA,NA,NA,NA,NA,NA,NA,NA,NA,1,"While responding to cookout, tree & electrical wires came down on SFD truck"
2675,12/10/14 9:00,"Somerville Ave and Prospect St, Somerville, MA",-71.0941078,42.3791063,3,2,3,2,1,3,2,1,4,NA,1,1,,NA,NA,NA,NA,NA,NA,NA,NA,NA,NA,NA,NA,NA,NA,NA,0,0,0,0,0,,,0,NA,,,,,,,NA,NA,NA,NA,NA,NA,NA,NA,NA,NA,NA,NA,NA,NA,0,
2676,12/11/14 8:32,"Park Ave and Chandler, Somerville, MA",-71.122611,42.397993,2,2,1,3,4,3,2,1,10,NA,1,1,,NA,NA,NA,NA,NA,NA,NA,NA,NA,NA,NA,NA,NA,NA,NA,0,0,0,0,0,,,0,NA,,,,,,,NA,NA,NA,NA,NA,NA,NA,NA,NA,NA,NA,NA,NA,NA,0,
2677,12/11/14 8:39,"Pearl St and Wesley St, Somerville, MA",-71.0914017,42.3868234,2,2,2,3,1,1,1,1,1,NA,,,,NA,NA,NA,NA,NA,NA,NA,NA,NA,NA,NA,NA,NA,NA,NA,0,0,1,0,0,Manhole cover,,0,NA,,,,,,,NA,NA,NA,NA,NA,NA,NA,NA,NA,NA,NA,NA,NA,NA,0,
2678,12/11/14 9:58,"75 Washington St, Somerville, MA",-71.084671,42.381824,3,2,1,1,1,2,3,1,5,NA,2,1,,1,1,NA,NA,NA,NA,NA,NA,NA,NA,NA,NA,NA,NA,NA,0,0,0,0,0,,,0,NA,,,,,,,NA,NA,NA,NA,NA,NA,NA,NA,NA,NA,NA,NA,NA,NA,0,
2679,12/11/14 11:50,"Elm St and Davenport St, Somerville, MA",-71.117959,42.3905691,34,2,99,3,2,3,2,1,1,NA,1,1,,NA,NA,NA,NA,NA,NA,NA,NA,NA,NA,NA,NA,NA,NA,NA,0,0,0,0,0,,,0,NA,,,,,,,NA,NA,NA,NA,NA,NA,NA,NA,NA,NA,NA,NA,NA,NA,0,
2680,12/11/14 11:55,"Oliver St and Cross St, Somerville, MA",-71.0891001,42.3842254,4,2,1,2,1,2,1,7,1,NA,,,,NA,NA,NA,NA,NA,NA,NA,NA,NA,NA,NA,NA,NA,NA,NA,0,0,1,0,0,Light pole,,0,NA,,,,,,,NA,NA,NA,NA,NA,NA,NA,NA,NA,NA,NA,NA,NA,NA,0,
2682,12/11/14 21:17,"377 Medford St, Somerville, MA",-71.0976301,42.3898767,2,2,1,1,1,4,2,2,10,NA,,,,NA,NA,NA,NA,NA,NA,NA,NA,NA,NA,NA,NA,NA,NA,NA,0,0,1,0,0,Fence,,0,NA,,,,,,,NA,NA,NA,NA,NA,NA,NA,NA,NA,NA,NA,NA,NA,NA,0,
2683,12/11/14 18:29,"Linden Ave and Summer St, Somerville, MA",-71.1126775,42.389823,3,2,2,2,1,1,1,1,1,NA,,,,NA,NA,NA,NA,NA,NA,NA,NA,NA,NA,NA,NA,NA,NA,NA,1,0,0,4,2,,5,1,NA,1,38,4,0,,,NA,NA,NA,NA,NA,NA,NA,NA,NA,NA,NA,NA,NA,NA,0,
2684,12/12/14 15:00,"Flint St and Cross St, Somerville, MA",-71.0885192,42.3848417,1,1,1,2,1,1,1,6,99,NA,,,,NA,NA,NA,NA,NA,NA,NA,NA,NA,NA,NA,NA,NA,NA,NA,0,0,1,0,0,Street sign,,0,NA,,,,,,,NA,NA,NA,NA,NA,NA,NA,NA,NA,NA,NA,NA,NA,NA,0,
2685,12/13/14 11:45,"Washington St and Columbus Ave, Somerville, MA",-71.0930682,42.3795065,1,1,1,3,2,7,2,2,1,NA,2,97,,NA,NA,NA,NA,NA,NA,NA,NA,NA,NA,NA,NA,NA,NA,NA,0,0,0,0,0,,,0,NA,,,,,,,NA,NA,NA,NA,NA,NA,NA,NA,NA,NA,NA,NA,NA,NA,0,
2686,12/13/14 19:50,"299 Broadway, Somerville, MA",-71.0925583,42.3930263,1,1,1,9,2,4,2,1,6,9,1,1,,NA,NA,NA,NA,NA,NA,NA,NA,NA,NA,NA,NA,NA,NA,NA,0,0,0,0,0,,,0,NA,,,,,,,NA,NA,NA,NA,NA,NA,NA,NA,NA,NA,NA,NA,NA,NA,0,
2687,12/13/14 22:21,"421 Broadway, Somerville, MA",-71.0997044,42.3957404,1,1,1,1,1,2,3,1,1,NA,1,1,,1,5,97,NA,NA,NA,NA,NA,NA,NA,NA,NA,NA,NA,NA,0,0,0,0,0,,,1,NA,0,36,3,1,,,NA,NA,NA,NA,NA,NA,NA,NA,NA,NA,NA,NA,NA,NA,0,
2688,12/13/14 19:21,"379 Broadway, Somerville, MA",-71.096732,42.3946452,1,1,1,1,2,1,1,1,9,99,,,,NA,NA,NA,NA,NA,NA,NA,NA,NA,NA,NA,NA,NA,NA,NA,1,0,0,10,2,,7,1,NA,1,47,4,0,,,NA,NA,NA,NA,NA,NA,NA,NA,NA,NA,NA,NA,NA,NA,0,
2710,12/26/14 7:55,"111 Cross St, Somerville, MA",-71.0891774,42.3841534,99,99,99,99,99,99,1,1,21,NA,,,,NA,NA,NA,NA,NA,NA,NA,NA,NA,NA,NA,NA,NA,NA,NA,0,0,1,0,0,Fence,,0,NA,,,,,,,NA,NA,NA,NA,NA,NA,NA,NA,NA,NA,NA,NA,NA,NA,0,
2689,12/13/14 10:11,"7 Holland St, Somerville, MA",-71.1228397,42.3971264,2,1,1,1,1,2,2,97,1,NA,97,1,,NA,NA,NA,NA,NA,NA,NA,NA,NA,NA,NA,NA,NA,NA,NA,0,0,0,0,0,,,0,NA,,,,,,,NA,NA,NA,NA,NA,NA,NA,NA,NA,NA,NA,NA,NA,NA,1,SFD engine struck car that had pulled over to allow it to pass
2690,12/14/14 0:28,"190 Holland St, Somerville, MA",-71.1265571,42.4013784,1,1,1,1,1,1,1,2,7,8,,,,NA,NA,NA,NA,NA,NA,NA,NA,NA,NA,NA,NA,NA,NA,NA,1,0,0,9,2,,2,1,NA,0,33,2,,,,NA,NA,NA,NA,NA,NA,NA,NA,NA,NA,NA,NA,NA,NA,0,
2691,12/14/14 11:51,"Broadway and Bristol Rd, Somerville, MA",-71.1127004,42.4001,1,1,3,2,4,3,2,2,10,NA,,,,NA,NA,NA,NA,NA,NA,NA,NA,NA,NA,NA,NA,NA,NA,NA,0,0,0,0,0,,,1,NA,1,36,3,1,,,NA,NA,NA,NA,NA,NA,NA,NA,NA,NA,NA,NA,NA,NA,1,Intoxicated driver struck parked Aux cruiser during road race
2692,12/15/14 1:00,"88 Albion St, Somerville, MA",-71.1070455,42.3911552,2,1,1,9,1,2,3,NA,99,NA,1,1,,1,99,NA,NA,NA,NA,NA,NA,NA,NA,NA,NA,NA,NA,NA,0,0,0,0,0,,,0,NA,,,,,,,NA,NA,NA,NA,NA,NA,NA,NA,NA,NA,NA,NA,NA,NA,0,
2693,12/15/14 8:05,"Broadway and Clarendon Ave, Somerville, MA",-71.1276129,42.4034575,1,2,1,3,1,3,2,1,13,NA,1,4,,NA,NA,NA,NA,NA,NA,NA,NA,NA,NA,NA,NA,NA,NA,NA,0,0,0,0,0,,,0,NA,,,,,,,NA,NA,NA,NA,NA,NA,NA,NA,NA,NA,NA,NA,NA,NA,0,
2694,12/15/14 15:01,"Holland St and Buena Vista Rd, Somerville, MA",-71.1239122,42.3982181,1,1,1,3,1,1,1,2,4,NA,,,,NA,NA,NA,NA,NA,NA,NA,NA,NA,NA,NA,NA,NA,NA,NA,0,1,0,1,1,,2,1,NA,0,45,3,2,,,NA,NA,NA,NA,NA,NA,NA,NA,NA,NA,NA,NA,NA,NA,0,
2695,12/16/14 20:48,"444 Medford St, Somerville, MA",-71.10123,42.392944,1,1,1,1,1,4,2,1,97,NA,1,1,,NA,NA,NA,NA,NA,NA,NA,NA,NA,NA,NA,NA,NA,NA,NA,0,0,0,0,0,,,0,NA,,,,,,,NA,NA,NA,NA,NA,NA,NA,NA,NA,NA,NA,NA,NA,NA,0,
2696,12/16/14 7:30,"1127 Broadway, Somerville, MA",-71.126627,42.4032125,2,1,1,1,2,1,1,1,99,NA,,,,NA,NA,NA,NA,NA,NA,NA,NA,NA,NA,NA,NA,NA,NA,NA,1,0,0,4,2,,3,1,NA,1,31,4,0,,,NA,NA,NA,NA,NA,NA,NA,NA,NA,NA,NA,NA,NA,NA,0,
2697,12/17/14 6:30,"Broadway and Temple St, Somerville, MA",-71.0934064,42.3925566,3,2,3,3,1,1,1,10,99,NA,,,,NA,NA,NA,NA,NA,NA,NA,NA,NA,NA,NA,NA,NA,NA,NA,0,0,1,0,0,"Walk signal, trash can",,0,NA,,,,,,,NA,NA,NA,NA,NA,NA,NA,NA,NA,NA,NA,NA,NA,NA,0,
2698,12/17/14 10:53,"104 Broadway, Somerville, MA",-71.0836439,42.3874239,2,2,1,1,3,2,2,2,1,NA,1,99,,NA,NA,NA,NA,NA,NA,NA,NA,NA,NA,NA,NA,NA,NA,NA,0,0,0,0,0,,,0,NA,,,,,,,NA,NA,NA,NA,NA,NA,NA,NA,NA,NA,NA,NA,NA,NA,0,
2699,12/17/14 20:26,"Holland St and Cameron Ave, Somerville, MA",-71.126181,42.401052,1,1,1,3,1,1,1,1,4,NA,,,,NA,NA,NA,NA,NA,NA,NA,NA,NA,NA,NA,NA,NA,NA,NA,0,1,0,1,1,,2,1,NA,1,25,3,1,,,NA,NA,NA,NA,NA,NA,NA,NA,NA,NA,NA,NA,NA,NA,0,
2700,12/18/14 21:31,"83 Putnam Rd, Somerville, MA",-71.0878479,42.3983232,1,1,1,1,1,2,2,2,97,NA,,,,NA,NA,NA,NA,NA,NA,NA,NA,NA,NA,NA,NA,NA,NA,NA,0,0,0,0,0,,,0,NA,,,,,,,NA,NA,NA,NA,NA,NA,NA,NA,NA,NA,NA,NA,NA,NA,0,
2701,12/19/14 12:30,"228 Broadway, Somerville, MA",-71.0891896,42.389816,2,1,3,1,2,1,2,2,1,NA,1,1,,NA,NA,NA,NA,NA,NA,NA,NA,NA,NA,NA,NA,NA,NA,NA,0,0,0,0,0,,,0,NA,,,,,,,NA,NA,NA,NA,NA,NA,NA,NA,NA,NA,NA,NA,NA,NA,0,
2702,12/19/14 20:10,"16 Beacon St, Somerville, MA",-71.1025604,42.374749,1,1,1,1,1,2,2,1,1,NA,1,20,,NA,NA,NA,NA,NA,NA,NA,NA,NA,NA,NA,NA,NA,NA,NA,0,0,0,0,0,,,1,NA,1,52,3,1,,,NA,NA,NA,NA,NA,NA,NA,NA,NA,NA,NA,NA,NA,NA,0,
2928,4/29/15 7:31,"Pearl St and McGrath Hwy, Somerville, MA",-71.0904563,42.3865189,1,1,3,2,2,2,NA,1,99,NA,2,99,,NA,NA,NA,NA,NA,NA,NA,NA,NA,NA,NA,NA,NA,NA,NA,0,0,0,NA,,,,1,4,1,40,4,0,0,1,4,0,0,28,4,0,1,6,4,0,NA,NA,NA,NA,0,
2703,12/19/14 6:15,"12 Melville Rd, Somerville, MA",-71.0864498,42.3984946,1,1,1,1,4,5,2,1,12,NA,2,,,NA,NA,NA,NA,NA,NA,NA,NA,NA,NA,NA,NA,NA,NA,NA,0,0,0,0,0,,,0,NA,,,,,,,NA,NA,NA,NA,NA,NA,NA,NA,NA,NA,NA,NA,NA,NA,1,MV struck parked SPD cruiser while at response to call
2704,12/20/14 10:49,"123 Temple St, Somerville, MA",-71.089464,42.395277,2,1,1,9,2,3,2,2,1,NA,1,99,,NA,NA,NA,NA,NA,NA,NA,NA,NA,NA,NA,NA,NA,NA,NA,0,0,0,0,0,,,1,NA,0,22,4,0,,,NA,NA,NA,NA,NA,NA,NA,NA,NA,NA,NA,NA,NA,NA,0,
2705,12/20/14 17:57,"Powder House Blvd and Packard Ave, Somerville, MA",-71.1234739,42.4044589,1,1,2,2,1,1,1,1,1,NA,,,,NA,NA,NA,NA,NA,NA,NA,NA,NA,NA,NA,NA,NA,NA,NA,0,1,0,1,1,,5,1,NA,0,25,4,0,,,NA,NA,NA,NA,NA,NA,NA,NA,NA,NA,NA,NA,NA,NA,0,
2706,12/22/14 12:00,"282 Somerville Ave , Somerville, MA",-71.0946128,42.3787796,1,1,2,99,4,6,1,1,99,NA,,,,NA,NA,NA,NA,NA,NA,NA,NA,NA,NA,NA,NA,NA,NA,NA,0,0,0,0,0,,,1,2,1,81,3,1,0,64,3,1,NA,NA,NA,NA,NA,NA,NA,NA,NA,NA,NA,NA,0,
2707,12/24/14 16:50,"Central St and Albion St, Somerville, MA",-71.1025078,42.3897266,99,99,99,99,99,99,2,1,4,NA,1,1,,NA,NA,NA,NA,NA,NA,NA,NA,NA,NA,NA,NA,NA,NA,NA,0,0,0,0,0,,,1,NA,0,58,4,1,,,NA,NA,NA,NA,NA,NA,NA,NA,NA,NA,NA,NA,NA,NA,0,
2708,12/25/14 5:52,"50C Memorial Rd, Somerville, MA",-71.0934783,42.3965017,3,2,1,1,1,1,1,2,99,NA,,,,NA,NA,NA,NA,NA,NA,NA,NA,NA,NA,NA,NA,NA,NA,NA,0,0,1,0,0,Light pole,,0,NA,,,,,,,NA,NA,NA,NA,NA,NA,NA,NA,NA,NA,NA,NA,NA,NA,0,
2709,12/25/14 21:15,"Central St and Oxford St, Somerville, MA",-71.1038536,42.3878056,3,2,1,3,1,2,2,1,1,NA,2,99,,NA,NA,NA,NA,NA,NA,NA,NA,NA,NA,NA,NA,NA,NA,NA,0,0,0,0,0,,,0,NA,,,,,,,NA,NA,NA,NA,NA,NA,NA,NA,NA,NA,NA,NA,NA,NA,0,
3112,8/7/15 14:33,"30 Inner Belt Rd, Somerville, MA",-71.0798146,42.3794002,1,1,1,3,2,2,NA,1,16,NA,2,1,,NA,NA,NA,NA,NA,NA,NA,NA,NA,NA,NA,NA,NA,NA,NA,0,0,0,NA,,,,1,4,1,37,2,1,0,50,3,1,0,63,3,1,1,64,3,0,NA,NA,NA,NA,0,Medical emergency
2711,12/26/14 23:02,"53 Laurel St, Somerville, MA",-71.1037888,42.3853049,1,1,1,1,4,4,4,1,14,NA,,,,NA,NA,NA,NA,NA,NA,NA,NA,NA,NA,NA,NA,NA,NA,NA,0,0,0,0,0,,,0,NA,,,,,,,NA,NA,NA,NA,NA,NA,NA,NA,NA,NA,NA,NA,NA,NA,0,
2712,12/26/14 23:33,"4 College Ave, Somerville, MA",-71.1223242,42.3969588,1,1,1,1,2,3,2,2,99,NA,2,1,,NA,NA,NA,NA,NA,NA,NA,NA,NA,NA,NA,NA,NA,NA,NA,0,0,0,0,0,,,0,NA,,,,,,,NA,NA,NA,NA,NA,NA,NA,NA,NA,NA,NA,NA,NA,NA,0,
2713,12/27/14 12:49,"137 Washington St and Joy St, Somerville, MA",-71.0885832,42.3806671,1,1,1,9,1,4,2,2,4,NA,2,1,,NA,NA,NA,NA,NA,NA,NA,NA,NA,NA,NA,NA,NA,NA,NA,0,0,0,0,0,,,0,NA,,,,,,,NA,NA,NA,NA,NA,NA,NA,NA,NA,NA,NA,NA,NA,NA,0,
2714,12/28/14 9:09,"53 Laurel St, Somerville, MA",-71.1037888,42.3853049,2,1,1,1,4,2,2,1,12,NA,,,,NA,NA,NA,NA,NA,NA,NA,NA,NA,NA,NA,NA,NA,NA,NA,0,0,0,0,0,,,0,NA,,,,,,,NA,NA,NA,NA,NA,NA,NA,NA,NA,NA,NA,NA,NA,NA,0,
2715,12/30/14 17:24,"594 Somerville Ave, Somerville, MA",-71.109411,42.3833198,1,1,1,1,1,1,1,1,4,NA,,,,NA,NA,NA,NA,NA,NA,NA,NA,NA,NA,NA,NA,NA,NA,NA,1,0,0,10,2,,1,0,NA,,,,,,,NA,NA,NA,NA,NA,NA,NA,NA,NA,NA,NA,NA,NA,NA,0,
2716,12/31/14 9:30,"Washington St and Joy St, Somerville, MA",-71.0885832,42.3806671,1,1,1,99,99,1,1,1,13,NA,,,,NA,NA,NA,NA,NA,NA,NA,NA,NA,NA,NA,NA,NA,NA,NA,0,1,0,1,1,,2,1,NA,0,41,2,1,,,NA,NA,NA,NA,NA,NA,NA,NA,NA,NA,NA,NA,NA,NA,0,
2717,1/2/15 8:51,"Washington St and Kingman Rd, Somerville, MA",-71.0972515,42.3795522,99,99,99,99,99,99,NA,99,99,NA,1,99,,NA,NA,NA,NA,NA,NA,NA,NA,NA,NA,NA,NA,NA,NA,NA,0,0,0,0,0,,,0,NA,,,,,,,NA,NA,NA,NA,NA,NA,NA,NA,NA,NA,NA,NA,NA,NA,0,
3281,11/12/15 17:41,"Mystic Ave, Somerville, MA",-71.0870163,42.394168,3,2,7,1,4,2,NA,2,5,NA,2,1,,1,1,NA,1,1,NA,NA,NA,NA,NA,NA,NA,NA,NA,NA,0,0,0,NA,,,,0,NA,,,,,,,NA,NA,NA,NA,NA,NA,NA,NA,NA,NA,NA,NA,NA,NA,0,
2718,1/3/15 18:14,"Bow St and Somerville Ave, Somerville, MA",-71.1003902,42.3814782,4,3,3,4,1,3,NA,1,1,NA,2,3,8,NA,NA,NA,NA,NA,NA,NA,NA,NA,NA,NA,NA,NA,NA,NA,0,0,0,NA,,,,0,NA,,,,,,,NA,NA,NA,NA,NA,NA,NA,NA,NA,NA,NA,NA,NA,NA,0,
2719,1/3/15 21:15,"Highland Ave and Holland Street, Somerville, MA",-71.1252368,42.3998502,"3, 4",2,3,8,1,6,NA,1,1,NA,2,3,,NA,NA,NA,NA,NA,NA,NA,NA,NA,NA,NA,NA,NA,NA,NA,0,0,0,NA,,,,0,NA,,,,,,,NA,NA,NA,NA,NA,NA,NA,NA,NA,NA,NA,NA,NA,NA,0,
2720,1/3/15 19:46,"75 Cross St, Somerville, MA",-71.0881897,42.3855541,4,2,1,1,1,4,NA,1,3,NA,8,1,,NA,NA,NA,NA,NA,NA,NA,NA,NA,NA,NA,NA,NA,NA,NA,0,0,0,NA,,,,0,NA,,,,,,,NA,NA,NA,NA,NA,NA,NA,NA,NA,NA,NA,NA,NA,NA,1,Passing car struck SFD engine door as it was opening
2721,1/4/15 1:10,"16 Broadway, Somerville, MA",-71.0785102,42.3859283,"3, 4",7,1,1,4,2,NA,1,1,NA,1,1,,NA,NA,NA,NA,NA,NA,NA,NA,NA,NA,NA,NA,NA,NA,NA,0,0,0,NA,,,,1,2,0,22,3,1,1,23,3,1,NA,NA,NA,NA,NA,NA,NA,NA,NA,NA,NA,NA,0,
2722,1/4/15 9:05,"58 Main St, Somerville, MA",-71.0991839,42.397158,2,2,1,1,1,2,NA,1,99,NA,1,1,,NA,NA,NA,NA,NA,NA,NA,NA,NA,NA,NA,NA,NA,NA,NA,0,0,0,NA,,,,0,NA,,,,,,,NA,NA,NA,NA,NA,NA,NA,NA,NA,NA,NA,NA,NA,NA,0,
2723,1/4/15 18:06,"67 Broadway, Somerville, MA",-71.081068,42.3871324,2,2,1,1,2,1,1,1,4,NA,,,,NA,NA,NA,NA,NA,NA,NA,NA,NA,NA,NA,NA,NA,NA,NA,0,1,0,1,1,,5,1,NA,1,28,3,1,,,NA,NA,NA,NA,NA,NA,NA,NA,NA,NA,NA,NA,NA,NA,0,
2724,1/5/15 7:45,"689 Somerville Ave, Somerville, MA",-71.1129319,42.3854236,1,1,1,1,1,2,NA,1,99,NA,1,99,,NA,NA,NA,NA,NA,NA,NA,NA,NA,NA,NA,NA,NA,NA,NA,0,0,0,NA,,,,0,NA,,,,,,,NA,NA,NA,NA,NA,NA,NA,NA,NA,NA,NA,NA,NA,NA,0,
2725,1/5/15 6:58,"Broadway and Montgomery Ave, Somerville, MA",-71.0901356,42.3905031,1,1,2,3,3,1,1,2,19,NA,,,,NA,NA,NA,NA,NA,NA,NA,NA,NA,NA,NA,NA,NA,NA,NA,0,1,0,4,1,,1,1,NA,1,27,99,1,,,NA,NA,NA,NA,NA,NA,NA,NA,NA,NA,NA,NA,NA,NA,0,
2726,1/5/15 15:12,"Broadway and Temple St, Somerville, MA",-71.0934064,42.3925566,1,1,3,3,3,1,1,1,1,NA,,,,NA,NA,NA,NA,NA,NA,NA,NA,NA,NA,NA,NA,NA,NA,NA,0,1,0,4,1,,5,1,NA,0,28,4,1,,,NA,NA,NA,NA,NA,NA,NA,NA,NA,NA,NA,NA,NA,NA,0,
2727,1/6/15 11:00,"410 Highland Ave, Somerville, MA",-71.1215144,42.3959817,,,,,,,2,2,1,NA,6,1,,NA,NA,NA,NA,NA,NA,NA,NA,NA,NA,NA,NA,NA,NA,NA,0,0,0,0,0,,,0,NA,,,,,,,NA,NA,NA,NA,NA,NA,NA,NA,NA,NA,NA,NA,NA,NA,1,Boom from DPW vehicle struck light of parked SFD vehicle
2728,1/7/15 17:00,"48 Prescott St, Somerville, MA",-71.098705,42.385683,1,3,1,1,1,3,NA,1,99,NA,2,1,,NA,NA,NA,NA,NA,NA,NA,NA,NA,NA,NA,NA,NA,NA,NA,0,0,0,NA,,,,0,NA,,,,,,,NA,NA,NA,NA,NA,NA,NA,NA,NA,NA,NA,NA,NA,NA,0,
2729,1/8/15 7:30,"Broadway and Waterhouse St, Somerville, MA",-71.13165,42.4059739,1,1,3,3,1,4,NA,1,9,NA,1,1,,1,1,NA,NA,NA,NA,NA,NA,NA,NA,NA,NA,NA,NA,NA,0,0,0,NA,,,,0,NA,,,,,,,NA,NA,NA,NA,NA,NA,NA,NA,NA,NA,NA,NA,NA,NA,0,
2730,1/8/15 8:34,"Broadway and North St, Somerville, MA",-71.1313375,42.4058176,1,1,3,3,1,2,NA,2,99,NA,1,1,,NA,NA,NA,NA,NA,NA,NA,NA,NA,NA,NA,NA,NA,NA,NA,0,0,0,NA,,,,0,NA,,,,,,,NA,NA,NA,NA,NA,NA,NA,NA,NA,NA,NA,NA,NA,NA,0,
2731,1/10/15 8:17,"117 Elm St, Somerville, MA",-71.1174357,42.390312,1,1,1,1,1,3,1,2,1,NA,,,,NA,NA,NA,NA,NA,NA,NA,NA,NA,NA,NA,NA,NA,NA,NA,0,1,0,1,1,,5,1,NA,0,36,4,1,,,NA,NA,NA,NA,NA,NA,NA,NA,NA,NA,NA,NA,NA,NA,0,
2732,1/11/15 9:40,"Powderhouse Blvd and Broadway, Somerville, MA",-71.1164553,42.4010987,1,2,1,7,1,4,NA,2,4,NA,1,1,,NA,NA,NA,NA,NA,NA,NA,NA,NA,NA,NA,NA,NA,NA,NA,0,0,0,NA,,,,1,NA,0,59,4,1,,,NA,NA,NA,NA,NA,NA,NA,NA,NA,NA,NA,NA,NA,NA,0,
2733,1/12/15 12:30,"Middlesex Ave and Foley St, Somerville, MA",-71.0830133,42.3926273,2,2,3,3,2,6,NA,1,1,1,1,1,1,NA,NA,NA,NA,NA,NA,NA,NA,NA,NA,NA,NA,NA,NA,NA,0,0,0,NA,,,,0,NA,,,,,,,NA,NA,NA,NA,NA,NA,NA,NA,NA,NA,NA,NA,NA,NA,0,