id,date_time,address,lon,lat,Weather,road_surface,traffic_control_device,intersection_type,traffic_way_desc,collision_manner,num_involved_vehicles,vehicle1_configuration,driver1_contrib1,driver1_contrib2,vehicle2_configuration,driver2_contrib1,driver2_contrib2,vehicle3_configuration,driver3_contrib1,driver3_contrib2,vehicle4_configuration,driver4_contrib1,driver4_contrib2,vehicle5_configuration,driver5_contrib1,driver5_contrib2,vehicle6_configuration,driver6_contrib1,driver6_contrib2,vehicle7_configuration,driver7_contrib1,driver7_contrib2,Bicycle,Pedestrian,non_mv,non_motorist_location,non_motorist_action,non_motorist_type,manner_of_non_motorist_collision,Injury,Multiple,Gender1,Age1,Severity1,Hospital1,Gender2,Age2,Severity2,Hospital2,Gender3,Age3,Severity3,Hospital3,Gender4,Age4,Severity4,Hospital4,Gender5,Age5,Severity5,Hospital5,city_vehicle,Notes
2734,1/12/15 21:18,"Hanson St and Washington St, Somerville, MA",-71.1051932,42.378545,2,2,2,3,1,3,NA,1,1,NA,1,1,,1,NA,NA,1,1,NA,1,1,NA,NA,NA,NA,NA,NA,NA,0,0,0,NA,,,,0,NA,,,,,,,NA,NA,NA,NA,NA,NA,NA,NA,NA,NA,NA,NA,NA,NA,0,
2735,1/13/15 8:30,"Buena Vista and Meachem Rd, Somerville, MA",-71.1244863,42.396946,1,1,2,3,1,3,NA,2,3,NA,1,1,,1,NA,NA,NA,NA,NA,NA,NA,NA,NA,NA,NA,NA,NA,NA,0,0,0,NA,,,,0,NA,,,,,,,NA,NA,NA,NA,NA,NA,NA,NA,NA,NA,NA,NA,NA,NA,0,
2736,1/13/15 20:14,"Pickney St and Washington St, Somerville, MA",-71.0823553,42.3819102,1,1,2,3,1,3,NA,1,1,NA,1,1,,NA,NA,NA,NA,NA,NA,NA,NA,NA,NA,NA,NA,NA,NA,NA,0,0,0,NA,,,,1,NA,0,32,4,0,,,NA,NA,NA,NA,NA,NA,NA,NA,NA,NA,NA,NA,NA,NA,0,
2737,1/13/15 16:05,"100 Bristol Rd, Somerville, MA",-71.1128399,42.4004829,1,1,1,1,4,1,1,1,1,NA,,,,NA,NA,NA,NA,NA,NA,NA,NA,NA,NA,NA,NA,NA,NA,NA,0,1,0,4,1,,5,1,NA,0,9,2,1,,,NA,NA,NA,NA,NA,NA,NA,NA,NA,NA,NA,NA,NA,NA,0,
2738,1/16/15 18:45,"15 Bailey Rd, Somerville, MA",-71.086504,42.39485,1,1,1,1,1,1,NA,1,6,NA,1,,,NA,NA,NA,NA,NA,NA,NA,NA,NA,NA,NA,NA,NA,NA,NA,0,0,0,NA,,,,0,NA,,,,,,,NA,NA,NA,NA,NA,NA,NA,NA,NA,NA,NA,NA,NA,NA,0,Made u-turn and hit parked car
2739,1/17/15 14:32,"Pearl St and Medford St, Somerville, MA",-71.0962952,42.3882985,1,1,2,4,1,2,NA,1,99,NA,1,99,,NA,NA,NA,NA,NA,NA,NA,NA,NA,NA,NA,NA,NA,NA,NA,0,0,0,NA,,,,0,NA,,,,,,,NA,NA,NA,NA,NA,NA,NA,NA,NA,NA,NA,NA,NA,NA,0,
2740,1/18/15 18:06,"1 Clark St, Somerville, MA",-71.0962972,42.3777683,3,2,1,1,4,3,NA,2,1,NA,2,1,,NA,NA,NA,NA,NA,NA,NA,NA,NA,NA,NA,NA,NA,NA,NA,0,0,0,NA,,,,0,NA,,,,,,,NA,NA,NA,NA,NA,NA,NA,NA,NA,NA,NA,NA,NA,NA,0,MV backing out of driveway hit parked car
2741,1/18/15 22:50,"Mystic Ave and Grand Union Blvd, Somerville, MA",-71.0811238,42.3948591,3,2,3,2,2,6,NA,1,3,NA,1,1,,NA,NA,NA,NA,NA,NA,NA,NA,NA,NA,NA,NA,NA,NA,NA,0,0,0,NA,,,,0,NA,,,,,,,NA,NA,NA,NA,NA,NA,NA,NA,NA,NA,NA,NA,NA,NA,0,
2742,1/19/15 0:10,"Highland Ave and Willow Ave, Somerville, MA",-71.1168102,42.3941136,3,2,2,2,1,4,2,1,1,1,1,1,1,NA,NA,NA,NA,NA,NA,NA,NA,NA,NA,NA,NA,NA,NA,NA,0,0,1,0,0,Hydrant,,0,NA,,,,,,,NA,NA,NA,NA,NA,NA,NA,NA,NA,NA,NA,NA,NA,NA,0,
2743,1/19/15 10:18,"Powderhouse Blvd and North St, Somerville, MA",-71.1302644,42.4073825,1,1,3,2,1,1,1,1,1,NA,,,,NA,NA,NA,NA,NA,NA,NA,NA,NA,NA,NA,NA,NA,NA,NA,0,1,0,1,1,,1,1,NA,0,28,4,1,,,NA,NA,NA,NA,NA,NA,NA,NA,NA,NA,NA,NA,NA,NA,0,
2744,1/19/15 20:32,"Washington St and Myrtle St, Somerville, MA",-71.083928,42.3816588,1,1,1,3,1,3,2,NA,1,NA,1,4,97,NA,NA,NA,NA,NA,NA,NA,NA,NA,NA,NA,NA,NA,NA,NA,0,0,0,0,0,,,0,NA,,,,,,,NA,NA,NA,NA,NA,NA,NA,NA,NA,NA,NA,NA,NA,NA,1,SPD cruiser responding to emergency turned right; MV pulled over but did not stop driving & struck cruiser in intersection
2745,1/21/15 8:27,"Newton St and Webster Ave, Somerville, MA",-71.095842,42.3778737,1,1,2,3,4,1,1,4,1,NA,,,,NA,NA,NA,NA,NA,NA,NA,NA,NA,NA,NA,NA,NA,NA,NA,0,0,1,0,0,Guard rail,,0,NA,,,,,,,NA,NA,NA,NA,NA,NA,NA,NA,NA,NA,NA,NA,NA,NA,0,
2746,1/21/15 12:08,"Bow St and Warren Ave, Somerville, MA",-71.0967461,42.3803419,1,1,2,3,4,3,NA,7,1,1,1,3,4,NA,NA,NA,NA,NA,NA,NA,NA,NA,NA,NA,NA,NA,NA,NA,0,0,0,NA,,,,0,NA,,,,,,,NA,NA,NA,NA,NA,NA,NA,NA,NA,NA,NA,NA,NA,NA,0,
2747,1/21/15 17:34,"Pinckney St and Washington St, Somerville, MA",-71.0823553,42.3819102,1,1,2,3,4,3,NA,1,99,NA,8,99,,1,99,NA,8,99,NA,8,99,NA,NA,NA,NA,NA,NA,NA,0,0,0,NA,,,,1,NA,1,62,4,1,,,NA,NA,NA,NA,NA,NA,NA,NA,NA,NA,NA,NA,NA,NA,0,
2748,1/22/15 14:30,"Summer St and Lowell St, Somerville, MA",-71.1096232,42.3877952,1,1,2,2,1,3,NA,1,99,NA,1,99,,NA,NA,NA,NA,NA,NA,NA,NA,NA,NA,NA,NA,NA,NA,NA,0,0,0,NA,,,,0,NA,,,,,,,NA,NA,NA,NA,NA,NA,NA,NA,NA,NA,NA,NA,NA,NA,0,
2749,1/22/15 23:00,"Highland Ave and School St, Somerville, MA",-71.0987169,42.3868313,1,1,3,3,1,2,NA,1,1,1,2,5,5,NA,NA,NA,NA,NA,NA,NA,NA,NA,NA,NA,NA,NA,NA,NA,0,0,0,NA,,,,0,NA,,,,,,,NA,NA,NA,NA,NA,NA,NA,NA,NA,NA,NA,NA,NA,NA,0,
2750,1/23/15 12:59,"109 Temple St, Somerville, MA",-71.0901797,42.3953788,1,1,1,1,1,6,NA,1,9,10,1,1,,NA,NA,NA,NA,NA,NA,NA,NA,NA,NA,NA,NA,NA,NA,NA,0,0,0,NA,,,,1,2,1,16,3,1,1,32,3,1,NA,NA,NA,NA,NA,NA,NA,NA,NA,NA,NA,NA,0,15003164
2751,1/23/15 17:30,"Central St and Willoughby St, Somerville, MA",-71.1024315,42.3898434,1,1,2,3,1,1,1,1,1,NA,,,,NA,NA,NA,NA,NA,NA,NA,NA,NA,NA,NA,NA,NA,NA,NA,1,0,0,2,1,,5,0,NA,,,,,,,NA,NA,NA,NA,NA,NA,NA,NA,NA,NA,NA,NA,NA,NA,0,
2752,1/24/15 7:27,"Craigie and Somerville Ave, Somerville, MA",-71.1128913,42.3852149,"4, 8",3,1,4,1,1,1,2,99,NA,,,,NA,NA,NA,NA,NA,NA,NA,NA,NA,NA,NA,NA,NA,NA,NA,0,0,1,0,0,Street sign,,0,NA,,,,,,,NA,NA,NA,NA,NA,NA,NA,NA,NA,NA,NA,NA,NA,NA,0,
2753,1/24/15 7:28,"Somerville Ave and Properzi Way, Somerville, MA",-71.1050939,42.3829252,4,4,1,3,1,2,NA,1,1,NA,1,1,,NA,NA,NA,NA,NA,NA,NA,NA,NA,NA,NA,NA,NA,NA,NA,0,0,0,NA,,,,0,NA,,,,,,,NA,NA,NA,NA,NA,NA,NA,NA,NA,NA,NA,NA,NA,NA,0,
2754,1/25/15 9:41,"70 Middlesex Ave, Somerville, MA",-71.0830333,42.3926299,1,2,1,1,1,1,NA,1,1,1,1,1,1,NA,NA,NA,NA,NA,NA,NA,NA,NA,NA,NA,NA,NA,NA,NA,0,0,0,NA,,,,0,NA,,,,,,,NA,NA,NA,NA,NA,NA,NA,NA,NA,NA,NA,NA,NA,NA,0,
2755,1/25/15 13:41,"Broadway and Temple St, Somerville, MA",-71.0934064,42.3925566,4,"3, 4",4,1,2,4,NA,NA,99,NA,,99,,NA,NA,NA,NA,NA,NA,NA,NA,NA,NA,NA,NA,NA,NA,NA,0,0,0,NA,,,,0,NA,,,,,,,NA,NA,NA,NA,NA,NA,NA,NA,NA,NA,NA,NA,NA,NA,0,
2756,1/26/15 1:50,"332 Summer, Somerville, MA",-71.1182829,42.3929894,4,4,99,1,4,5,NA,1,8,8,`,99,,NA,NA,NA,NA,NA,NA,NA,NA,NA,NA,NA,NA,NA,NA,NA,0,0,0,NA,,,,0,NA,,,,,,,NA,NA,NA,NA,NA,NA,NA,NA,NA,NA,NA,NA,NA,NA,0,
2757,1/26/15 10:39,"Broadway and Clarendon Ave, Somerville, MA",-71.1276129,42.4034575,1,6,3,3,1,2,NA,1,99,NA,,,,NA,NA,NA,NA,NA,NA,NA,NA,NA,NA,NA,NA,NA,NA,NA,0,0,0,NA,,,,0,NA,,,,,,,NA,NA,NA,NA,NA,NA,NA,NA,NA,NA,NA,NA,NA,NA,0,
2758,1/26/15 17:28,"Summer St and Quincy St, Somerville, MA",-71.0998623,42.3837976,4,2,2,2,1,3,2,1,3,NA,1,,,NA,NA,NA,NA,NA,NA,NA,NA,NA,NA,NA,NA,NA,NA,NA,0,0,0,0,0,,,0,NA,,,,,,,NA,NA,NA,NA,NA,NA,NA,NA,NA,NA,NA,NA,NA,NA,1,"MV failed to yield at stop sign, struck unmarked SPD travelling through intersection"
2759,1/28/15 8:45,"50 Russell St, Somerville, MA",-71.1213322,42.3934926,4,2,1,1,4,2,2,6,1,NA,1,1,,NA,NA,NA,NA,NA,NA,NA,NA,NA,NA,NA,NA,NA,NA,NA,0,0,0,0,0,,,0,NA,,,,,,,NA,NA,NA,NA,NA,NA,NA,NA,NA,NA,NA,NA,NA,NA,1,DPW plow backed into MV while clearing snow
2760,1/29/15 5:43,"Meachem Rd and Edgar Ave, Somerville, MA",-71.095887,42.3973071,99,99,99,99,99,99,NA,NA,NA,NA,,,,NA,NA,NA,NA,NA,NA,NA,NA,NA,NA,NA,NA,NA,NA,NA,0,0,0,NA,,,,0,NA,,,,,,,NA,NA,NA,NA,NA,NA,NA,NA,NA,NA,NA,NA,NA,NA,0,
2761,1/29/15 11:00,"Bond St and Heath St, Somerville, MA",-71.0959078,42.3953106,1,3,2,3,1,1,1,6,99,NA,,,,NA,NA,NA,NA,NA,NA,NA,NA,NA,NA,NA,NA,NA,NA,NA,0,0,1,0,0,Stop sign,,0,NA,,,,,,,NA,NA,NA,NA,NA,NA,NA,NA,NA,NA,NA,NA,NA,NA,0,
2762,1/29/15 8:03,"Elm St  and White St, Somerville, MA",-71.1169921,42.3896347,1,7,1,3,1,1,1,1,1,NA,,,,NA,NA,NA,NA,NA,NA,NA,NA,NA,NA,NA,NA,NA,NA,NA,0,1,0,1,1,,5,1,NA,0,24,4,1,,,NA,NA,NA,NA,NA,NA,NA,NA,NA,NA,NA,NA,NA,NA,0,
2763,1/30/15 16:30,"86 Highand Ave, Somerville, MA",-71.098114,42.3864,4,2,3,1,1,2,NA,1,1,NA,1,1,,NA,NA,NA,NA,NA,NA,NA,NA,NA,NA,NA,NA,NA,NA,NA,0,0,0,NA,,,,1,NA,1,33,4,0,,,NA,NA,NA,NA,NA,NA,NA,NA,NA,NA,NA,NA,NA,NA,0,
2764,2/1/15 16:26,"80 Webster Ave, Somerville, MA",-71.0947318,42.3752034,1,1,1,1,1,4,NA,2,1,NA,2,1,,NA,NA,NA,NA,NA,NA,NA,NA,NA,NA,NA,NA,NA,NA,NA,0,0,0,NA,,,,0,NA,,,,,,,NA,NA,NA,NA,NA,NA,NA,NA,NA,NA,NA,NA,NA,NA,0,
2765,2/2/15 7:11,"Medford St and Somerville Ave, Somerville, MA",-71.1129435,42.3851277,"4, 8",3,3,3,1,2,NA,2,1,NA,1,11,,NA,NA,NA,NA,NA,NA,NA,NA,NA,NA,NA,NA,NA,NA,NA,0,0,0,NA,,,,0,NA,,,,,,,NA,NA,NA,NA,NA,NA,NA,NA,NA,NA,NA,NA,NA,NA,0,
2766,2/2/15 22:50,"72 Flint St, Somerville, MA",-71.0893995,42.3850074,4,3,1,1,1,4,NA,13,1,NA,1,,,NA,NA,NA,NA,NA,NA,NA,NA,NA,NA,NA,NA,NA,NA,NA,0,0,0,NA,,,,0,NA,,,,,,,NA,NA,NA,NA,NA,NA,NA,NA,NA,NA,NA,NA,NA,NA,0,
2767,2/2/15 8:15,"Broadway and Sargent Ave, Somerville, MA",-71.091949,42.3916851,"4, 5",3,1,3,4,4,2,2,1,1,2,1,1,NA,NA,NA,NA,NA,NA,NA,NA,NA,NA,NA,NA,NA,NA,NA,0,0,0,0,0,,,0,NA,,,,,,,NA,NA,NA,NA,NA,NA,NA,NA,NA,NA,NA,NA,NA,NA,1,"Heavy snow; MV tried to pass DPW plow, lost control & sideswiped"
2768,2/2/15 20:45,"152 Curtis St, Somerville, MA",-71.1241119,42.4084142,"4, 8",3,1,1,1,2,2,6,1,NA,1,1,,NA,NA,NA,NA,NA,NA,NA,NA,NA,NA,NA,NA,NA,NA,NA,0,0,0,0,0,,,0,NA,,,,,,,NA,NA,NA,NA,NA,NA,NA,NA,NA,NA,NA,NA,NA,NA,1,City vehicle op lost control in heavy snow & rear-ended MV
2769,2/3/15 8:03,"32 Marshall St, Somerville, MA",-71.093406,42.391226,1,3,1,1,4,3,NA,2,4,NA,1,1,,1,NA,NA,NA,NA,NA,NA,NA,NA,NA,NA,NA,NA,NA,NA,0,0,0,NA,,,,0,NA,,,,,,,NA,NA,NA,NA,NA,NA,NA,NA,NA,NA,NA,NA,NA,NA,0,
2770,2/3/15 12:30,"Elm St and Day St, Somerville, MA",-71.1224043,42.396253,1,3,3,4,,1,1,NA,NA,NA,,,,NA,NA,NA,NA,NA,NA,NA,NA,NA,NA,NA,NA,NA,NA,NA,0,0,1,0,0,Traffic light,,0,NA,,,,,,,NA,NA,NA,NA,NA,NA,NA,NA,NA,NA,NA,NA,NA,NA,1,"Contractor; doing snow removal, backed into traffic light"
2771,2/3/15 13:35,"Holland St and Buena Vista Rd, Somerville, MA",-71.1239122,42.3982181,1,2,1,1,1,2,2,6,99,NA,13,,,NA,NA,NA,NA,NA,NA,NA,NA,NA,NA,NA,NA,NA,NA,NA,0,0,0,0,0,,,0,NA,,,,,,,NA,NA,NA,NA,NA,NA,NA,NA,NA,NA,NA,NA,NA,NA,1,MV sideswiped parked SFD engine
2772,2/3/15 18:57,"Central St, Somerville, MA",-71.1028442,42.3892476,1,3,1,1,1,5,2,2,11,NA,2,1,,NA,NA,NA,NA,NA,NA,NA,NA,NA,NA,NA,NA,NA,NA,NA,0,0,0,0,0,,,0,NA,,,,,,,NA,NA,NA,NA,NA,NA,NA,NA,NA,NA,NA,NA,NA,NA,1,SPD cruiser & MV touched mirrors; road width reduced by snow bank
2773,2/4/15 1:46,"640 Mystic Ave, Somerville, MA",-71.0947337,42.3992669,8,3,99,9,99,99,NA,2,99,NA,,,,NA,NA,NA,NA,NA,NA,NA,NA,NA,NA,NA,NA,NA,NA,NA,0,0,0,NA,,,,0,NA,,,,,,,NA,NA,NA,NA,NA,NA,NA,NA,NA,NA,NA,NA,NA,NA,0,
2774,2/4/15 6:38,"Broadway and School St, Somerville, MA",-71.0944105,42.3932298,4,3,99,99,99,2,NA,1,99,NA,1,1,1,NA,NA,NA,NA,NA,NA,NA,NA,NA,NA,NA,NA,NA,NA,NA,0,0,0,NA,,,,0,NA,,,,,,,NA,NA,NA,NA,NA,NA,NA,NA,NA,NA,NA,NA,NA,NA,0,
2775,2/4/15 20:00,"Powderhouse Blvd and Packard Ave, Somerville, MA",-71.1234739,42.4044589,99,99,99,99,99,99,NA,2,7,NA,2,1,,NA,NA,NA,NA,NA,NA,NA,NA,NA,NA,NA,NA,NA,NA,NA,0,0,0,NA,,,,0,NA,,,,,,,NA,NA,NA,NA,NA,NA,NA,NA,NA,NA,NA,NA,NA,NA,0,
2776,2/5/15 6:30,"Broadway and Packard Ave, Somerville, MA",-71.1249528,42.4022912,"3, 4",4,3,3,1,6,NA,13,1,NA,1,1,,1,NA,NA,NA,NA,NA,NA,NA,NA,NA,NA,NA,NA,NA,NA,0,0,0,NA,,,,0,NA,,,,,,,NA,NA,NA,NA,NA,NA,NA,NA,NA,NA,NA,NA,NA,NA,0,
2777,2/5/15 15:06,"Medford St and Sycamore St, Somerville, MA",-71.0994049,42.3913289,1,3,3,2,1,2,NA,2,1,NA,1,19,,NA,NA,NA,NA,NA,NA,NA,NA,NA,NA,NA,NA,NA,NA,NA,0,0,0,NA,,,,1,NA,1,36,4,1,,,NA,NA,NA,NA,NA,NA,NA,NA,NA,NA,NA,NA,NA,NA,0,
2778,2/5/15 8:28,"157 Walnut St, Somerville, MA",-71.09156,42.389537,4,3,1,1,4,4,2,6,1,NA,1,,,NA,NA,NA,NA,NA,NA,NA,NA,NA,NA,NA,NA,NA,NA,NA,0,0,0,0,0,,,0,NA,,,,,,,NA,NA,NA,NA,NA,NA,NA,NA,NA,NA,NA,NA,NA,NA,1,SFD engine sideswiped parked car; narrow street
2779,2/5/15 8:39,"Bigelow St and Monroe St, Somerville, MA",-71.0938994,42.3822003,35,2,1,3,1,4,2,13,1,NA,1,,,NA,NA,NA,NA,NA,NA,NA,NA,NA,NA,NA,NA,NA,NA,NA,0,0,0,0,0,,,0,NA,,,,,,,NA,NA,NA,NA,NA,NA,NA,NA,NA,NA,NA,NA,NA,NA,1,DPW vehicle took bumper off parked car
2780,2/5/15 9:27,"38 Harrison St, Somerville, MA",-71.1099453,42.3818954,4,3,1,1,4,3,2,1,4,NA,2,1,,NA,NA,NA,NA,NA,NA,NA,NA,NA,NA,NA,NA,NA,NA,NA,0,0,0,0,0,,,0,NA,,,,,,,NA,NA,NA,NA,NA,NA,NA,NA,NA,NA,NA,NA,NA,NA,1,MV exiting driveway struck DPW vehicle; claimed snow banks obscured
2781,2/5/15 15:33,"254 Highland Ave, Somerville, MA",-71.1104518,42.3911243,34,2,1,1,2,1,2,NA,1,NA,,1,,NA,NA,NA,NA,NA,NA,NA,NA,NA,NA,NA,NA,NA,NA,NA,0,0,0,0,0,,,0,NA,,,,,,,NA,NA,NA,NA,NA,NA,NA,NA,NA,NA,NA,NA,NA,NA,1,"Contractor; removing snow, sideswiped parked MV"
2782,2/5/15 17:45,"Tufts St and Knowlton St, Somerville, MA",-71.0876256,42.3810935,1,4,1,3,1,5,2,1,99,NA,97,99,,NA,NA,NA,NA,NA,NA,NA,NA,NA,NA,NA,NA,NA,NA,NA,0,0,0,0,0,,,0,NA,,,,,,,NA,NA,NA,NA,NA,NA,NA,NA,NA,NA,NA,NA,NA,NA,1,"Contractor; front loader removing snow, backed into intersection; struck MV driving straight through intersection"
2783,2/5/15 19:08,"65 Oxford St, Somerville, MA",-71.1018646,42.3873064,35,4,1,1,4,4,2,8,1,NA,2,1,,NA,NA,NA,NA,NA,NA,NA,NA,NA,NA,NA,NA,NA,NA,NA,0,0,0,0,0,,,0,NA,,,,,,,NA,NA,NA,NA,NA,NA,NA,NA,NA,NA,NA,NA,NA,NA,1,SFD engine sideswiped parked car; narrow street
2784,2/5/15 20:00,"16 Perry St, Somerville, MA",-71.1012767,42.3787525,99,99,99,99,99,99,2,7,1,1,1,,,NA,NA,NA,NA,NA,NA,NA,NA,NA,NA,NA,NA,NA,NA,NA,0,0,0,0,0,,,0,NA,,,,,,,NA,NA,NA,NA,NA,NA,NA,NA,NA,NA,NA,NA,NA,NA,1,City vehicle sideswiped parked car; parked too far from curb
2785,2/6/15 9:15,"68 Rogers Ave, Somerville, MA",-71.1128427,42.3977815,2,3,1,1,4,4,NA,1,99,NA,6,99,,1,99,NA,NA,NA,NA,NA,NA,NA,NA,NA,NA,NA,NA,NA,0,0,0,NA,,,,0,NA,,,,,,,NA,NA,NA,NA,NA,NA,NA,NA,NA,NA,NA,NA,NA,NA,0,
2786,2/6/15 16:59,"Medford St and Highland Ave, Somerville, MA",-71.0926238,42.3845416,1,2,1,3,1,3,NA,2,1,1,1,4,4,NA,NA,NA,NA,NA,NA,NA,NA,NA,NA,NA,NA,NA,NA,NA,0,0,0,NA,,,,0,NA,,,,,,,NA,NA,NA,NA,NA,NA,NA,NA,NA,NA,NA,NA,NA,NA,0,
2787,2/6/15 10:45,"50 Highland Ave, Somerville, MA",-71.0952911,42.3855665,1,7,1,1,1,4,2,1,1,NA,2,1,,NA,NA,NA,NA,NA,NA,NA,NA,NA,NA,NA,NA,NA,NA,NA,0,0,0,0,0,,,0,NA,,,,,,,NA,NA,NA,NA,NA,NA,NA,NA,NA,NA,NA,NA,NA,NA,1,MV passing DPW vehicle struck open door
2788,2/7/15 14:37,"622 Somerville Ave, Somerville, MA",-71.1102457,42.3836266,2,2,1,1,1,5,NA,2,4,NA,1,1,,2,1,NA,NA,NA,NA,NA,NA,NA,NA,NA,NA,NA,NA,NA,0,0,0,NA,,,,0,NA,,,,,,,NA,NA,NA,NA,NA,NA,NA,NA,NA,NA,NA,NA,NA,NA,0,
2789,2/8/15 1:00,"101 Pearl St, Somerville, MA",-71.0858586,42.3852468,4,3,2,2,1,1,1,1,99,NA,,,,NA,NA,NA,NA,NA,NA,NA,NA,NA,NA,NA,NA,NA,NA,NA,0,0,1,0,0,fence,,0,NA,,,,,,,NA,NA,NA,NA,NA,NA,NA,NA,NA,NA,NA,NA,NA,NA,0,Lost control
2790,2/8/15 12:25,"20 Canal Lane, Somerville, MA",-71.0940755,42.3968147,4,7,1,1,1,4,NA,1,1,NA,1,1,,NA,NA,NA,NA,NA,NA,NA,NA,NA,NA,NA,NA,NA,NA,NA,0,0,0,NA,,,,0,NA,,,,,,,NA,NA,NA,NA,NA,NA,NA,NA,NA,NA,NA,NA,NA,NA,0,
2791,2/8/15 16:00,"56 Broadway, Somerville, MA",-71.0804862,42.3865535,"4, 5",3,1,1,3,3,NA,1,1,NA,1,,,NA,NA,NA,NA,NA,NA,NA,NA,NA,NA,NA,NA,NA,NA,NA,0,0,0,NA,,,,0,NA,,,,,,,NA,NA,NA,NA,NA,NA,NA,NA,NA,NA,NA,NA,NA,NA,0,
2792,2/8/15 12:03,"Franey Rd and Cedar St, Somerville, MA",-71.1085009,42.3977226,4,2,1,3,1,4,2,2,1,NA,,,,NA,NA,NA,NA,NA,NA,NA,NA,NA,NA,NA,NA,NA,NA,NA,0,0,0,0,0,,,0,NA,,,,,,,NA,NA,NA,NA,NA,NA,NA,NA,NA,NA,NA,NA,NA,NA,1,DPW vehicle sideswiped parked MV
2793,2/8/15 19:58,"Garden Ct, Somerville, MA",-71.1090656,42.3838107,48,3,1,1,1,1,2,2,1,NA,7,99,,NA,NA,NA,NA,NA,NA,NA,NA,NA,NA,NA,NA,NA,NA,NA,0,0,0,0,0,,,0,NA,,,,,,,NA,NA,NA,NA,NA,NA,NA,NA,NA,NA,NA,NA,NA,NA,1,Contractor; struck parked MV during snow removal
2794,2/9/15 1:02,"366 Somerville Ave, Somerville, MA",-71.099419,42.380767,"4, 8",3,1,1,4,1,1,NA,NA,NA,,,,NA,NA,NA,NA,NA,NA,NA,NA,NA,NA,NA,NA,NA,NA,NA,0,0,1,0,0,Park bench,,0,NA,,,,,,,NA,NA,NA,NA,NA,NA,NA,NA,NA,NA,NA,NA,NA,NA,0,
2795,2/9/15 7:10,"Washington St and McGrath Hwy, Somerville, MA",-71.0893942,42.3804355,"4, 8",3,3,3,1,4,NA,NA,1,NA,,,,NA,NA,NA,NA,NA,NA,NA,NA,NA,NA,NA,NA,NA,NA,NA,0,0,0,NA,,,,0,NA,,,,,,,NA,NA,NA,NA,NA,NA,NA,NA,NA,NA,NA,NA,NA,NA,0,
2796,2/9/15 9:36,"Broadway and Charles E. Ryan Rd, Somerville, MA",-71.1056987,42.3977741,"4, 5",3,1,3,1,4,NA,1,99,NA,2,97,,NA,NA,NA,NA,NA,NA,NA,NA,NA,NA,NA,NA,NA,NA,NA,0,0,0,NA,,,,0,NA,,,,,,,NA,NA,NA,NA,NA,NA,NA,NA,NA,NA,NA,NA,NA,NA,0,
2797,2/9/15 10:40,"Broadway and Marshall St, Somerville, MA",-71.0929412,42.3924648,"4, 8",3,1,3,2,2,NA,2,5,7,1,1,,NA,NA,NA,NA,NA,NA,NA,NA,NA,NA,NA,NA,NA,NA,NA,0,0,0,NA,,,,0,NA,,,,,,,NA,NA,NA,NA,NA,NA,NA,NA,NA,NA,NA,NA,NA,NA,0,
2798,2/9/15 13:00,"Broadway and Belknap St, Somerville, MA",-71.1301662,42.4051142,4,3,1,3,1,3,NA,1,1,NA,2,1,,NA,NA,NA,NA,NA,NA,NA,NA,NA,NA,NA,NA,NA,NA,NA,0,0,0,NA,,,,0,NA,,,,,,,NA,NA,NA,NA,NA,NA,NA,NA,NA,NA,NA,NA,NA,NA,0,
2799,2/9/15 13:41,"118 Prospect St, Somerville, MA",-71.096965,42.3745542,"4, 97",7,1,9,1,3,NA,2,1,NA,2,99,,NA,NA,NA,NA,NA,NA,NA,NA,NA,NA,NA,NA,NA,NA,NA,0,0,0,NA,,,,0,NA,,,,,,,NA,NA,NA,NA,NA,NA,NA,NA,NA,NA,NA,NA,NA,NA,0,
2800,2/9/15 10:00,"53 Montrose St, Somerville, MA",-71.100637,42.3890918,"2, 9",3,1,1,4,5,2,2,99,NA,1,1,,NA,NA,NA,NA,NA,NA,NA,NA,NA,NA,NA,NA,NA,NA,NA,0,0,0,0,0,,,0,NA,,,,,,,NA,NA,NA,NA,NA,NA,NA,NA,NA,NA,NA,NA,NA,NA,1,"DPW vehicle allegedly sideswiped parked MV, pushing into intersection; op. denies"