id,date_time,address,lon,lat,Weather,road_surface,traffic_control_device,intersection_type,traffic_way_desc,collision_manner,num_involved_vehicles,vehicle1_configuration,driver1_contrib1,driver1_contrib2,vehicle2_configuration,driver2_contrib1,driver2_contrib2,vehicle3_configuration,driver3_contrib1,driver3_contrib2,vehicle4_configuration,driver4_contrib1,driver4_contrib2,vehicle5_configuration,driver5_contrib1,driver5_contrib2,vehicle6_configuration,driver6_contrib1,driver6_contrib2,vehicle7_configuration,driver7_contrib1,driver7_contrib2,Bicycle,Pedestrian,non_mv,non_motorist_location,non_motorist_action,non_motorist_type,manner_of_non_motorist_collision,Injury,Multiple,Gender1,Age1,Severity1,Hospital1,Gender2,Age2,Severity2,Hospital2,Gender3,Age3,Severity3,Hospital3,Gender4,Age4,Severity4,Hospital4,Gender5,Age5,Severity5,Hospital5,city_vehicle,Notes
2801,2/9/15 16:09,"51 Montrose St, Somerville, MA",-71.1004879,42.3891602,3,3,1,1,4,4,2,2,99,NA,1,1,,NA,NA,NA,NA,NA,NA,NA,NA,NA,NA,NA,NA,NA,NA,NA,0,0,0,0,0,,,0,NA,,,,,,,NA,NA,NA,NA,NA,NA,NA,NA,NA,NA,NA,NA,NA,NA,1,DPW vehicle sideswiped parked MV (see also 53 Montrose St)
2802,2/10/15 15:27,"Medford St and Central St, Somerville, MA",-71.1005865,42.392482,2,3,3,2,1,1,1,8,1,NA,,,,NA,NA,NA,NA,NA,NA,NA,NA,NA,NA,NA,NA,NA,NA,NA,0,1,0,4,2,,7,0,NA,,,,,,,NA,NA,NA,NA,NA,NA,NA,NA,NA,NA,NA,NA,NA,NA,0,
2803,2/12/15 8:05,"Cross St and Tufts St, Somerville, MA",-71.0897431,42.3833483,2,7,2,3,1,3,NA,2,4,NA,1,1,,NA,NA,NA,NA,NA,NA,NA,NA,NA,NA,NA,NA,NA,NA,NA,0,0,0,NA,,,,0,NA,,,,,,,NA,NA,NA,NA,NA,NA,NA,NA,NA,NA,NA,NA,NA,NA,0,
2804,2/12/15 23:45,"Edgar Ave and Edgar Terr, Somerville, MA",-71.0965549,42.3966247,"4, 8",3,1,1,1,4,NA,1,99,NA,2,1,,NA,NA,NA,NA,NA,NA,NA,NA,NA,NA,NA,NA,NA,NA,NA,0,0,0,NA,,,,0,NA,,,,,,,NA,NA,NA,NA,NA,NA,NA,NA,NA,NA,NA,NA,NA,NA,0,
2805,2/13/15 22:10,"21 School St, Somerville, MA",-71.101283,42.38268,1,2,1,1,4,4,NA,1,99,NA,1,99,,NA,NA,NA,NA,NA,NA,NA,NA,NA,NA,NA,NA,NA,NA,NA,0,0,0,NA,,,,0,NA,,,,,,,NA,NA,NA,NA,NA,NA,NA,NA,NA,NA,NA,NA,NA,NA,0,
2806,2/13/15 16:12,"Beacon St and Sacramento St, Somerville, MA",-71.1126424,42.3833749,3,2,5,1,1,1,1,NA,20,NA,,,,NA,NA,NA,NA,NA,NA,NA,NA,NA,NA,NA,NA,NA,NA,NA,0,1,0,1,7,,7,0,NA,,,,,,,NA,NA,NA,NA,NA,NA,NA,NA,NA,NA,NA,NA,NA,NA,0,
2807,2/13/15 16:18,"45 Union Sq, Somerville, MA",-71.0962487,42.3801135,1,3,3,4,3,2,2,97,1,NA,1,1,,NA,NA,NA,NA,NA,NA,NA,NA,NA,NA,NA,NA,NA,NA,NA,0,0,0,0,0,,,0,NA,,,,,,,NA,NA,NA,NA,NA,NA,NA,NA,NA,NA,NA,NA,NA,NA,1,"Snow removal pushed bike rack into street; MV tried to avoid by changing lanes, sideswiping City MV"
2808,2/14/15 2:10,"Curtis St and Fairmount Ave, Somerville, MA",-71.1267284,42.4041244,1,4,1,3,4,2,NA,1,99,NA,1,99,,NA,NA,NA,NA,NA,NA,NA,NA,NA,NA,NA,NA,NA,NA,NA,0,0,0,NA,,,,0,NA,,,,,,,NA,NA,NA,NA,NA,NA,NA,NA,NA,NA,NA,NA,NA,NA,0,
2809,2/14/15 2:25,"25 Victoria St, Somerville, MA",-71.1319026,42.4049987,2,1,1,1,4,2,NA,1,1,1,1,10,10,NA,NA,NA,NA,NA,NA,NA,NA,NA,NA,NA,NA,NA,NA,NA,0,0,0,NA,,,,0,NA,,,,,,,NA,NA,NA,NA,NA,NA,NA,NA,NA,NA,NA,NA,NA,NA,0,
2810,2/14/15 11:45,"162 Broadway, Somerville, MA",-71.085763,42.3884237,2,2,1,1,1,6,NA,1,4,NA,,1,,NA,NA,NA,NA,NA,NA,NA,NA,NA,NA,NA,NA,NA,NA,NA,0,0,0,NA,,,,1,NA,1,58,3,1,,,NA,NA,NA,NA,NA,NA,NA,NA,NA,NA,NA,NA,NA,NA,0,
2811,2/14/15 14:10,"532 Medford St, Somerville, MA",-71.1042906,42.3969439,4,1,1,1,2,3,NA,1,99,NA,1,,,NA,NA,NA,NA,NA,NA,NA,NA,NA,NA,NA,NA,NA,NA,NA,0,0,0,NA,,,,1,NA,1,39,4,0,,,NA,NA,NA,NA,NA,NA,NA,NA,NA,NA,NA,NA,NA,NA,0,
2812,2/14/15 21:52,"15 Pitman St, Somerville, MA",-71.1083784,42.3843934,48,3,2,3,4,3,2,6,1,NA,1,1,,NA,NA,NA,NA,NA,NA,NA,NA,NA,NA,NA,NA,NA,NA,NA,0,0,0,0,0,,,0,NA,,,,,,,NA,NA,NA,NA,NA,NA,NA,NA,NA,NA,NA,NA,NA,NA,1,"As SFD engine turned, lost traction in heavy slush & struck parked MV"
2813,2/15/15 20:10,"80 Webster Ave, Somerville, MA",-71.0947318,42.3752034,1,3,1,1,2,2,NA,1,1,NA,2,14,,NA,NA,NA,NA,NA,NA,NA,NA,NA,NA,NA,NA,NA,NA,NA,0,0,0,NA,,,,0,NA,,,,,,,NA,NA,NA,NA,NA,NA,NA,NA,NA,NA,NA,NA,NA,NA,0,15007143
2814,2/15/15 0:35,"Wigglesworth St, Somerville, MA",-71.0913006,42.3882457,2,3,1,1,4,2,1,1,10,NA,,,,NA,NA,NA,NA,NA,NA,NA,NA,NA,NA,NA,NA,NA,NA,NA,0,1,0,4,7,,4,0,NA,,,,,,,NA,NA,NA,NA,NA,NA,NA,NA,NA,NA,NA,NA,NA,NA,0,
2815,2/15/15 8:56,"Harding St and South St, Somerville, MA",-71.0902116,42.3743491,4,"3, 4",2,2,4,3,2,2,99,NA,2,99,,NA,NA,NA,NA,NA,NA,NA,NA,NA,NA,NA,NA,NA,NA,NA,0,0,0,0,0,,,0,NA,,,,,,,NA,NA,NA,NA,NA,NA,NA,NA,NA,NA,NA,NA,NA,NA,1,DPW MV & Uhaul collided at intersection
2816,2/16/15 14:26,"531 Somerville Ave, Somerville, MA",-71.1068141,42.3833257,"4, 97",7,1,1,2,2,NA,1,1,99,1,1,,1,NA,NA,2,NA,NA,2,NA,NA,NA,NA,NA,NA,NA,NA,0,0,0,NA,,,,0,NA,,,,,,,NA,NA,NA,NA,NA,NA,NA,NA,NA,NA,NA,NA,NA,NA,0,
2817,2/16/15 17:23,"273 Broadway, Somerville, MA",-71.0909439,42.3915862,99,99,99,99,99,99,NA,1,1,NA,1,1,,NA,NA,NA,NA,NA,NA,NA,NA,NA,NA,NA,NA,NA,NA,NA,0,0,0,NA,,,,0,NA,,,,,,,NA,NA,NA,NA,NA,NA,NA,NA,NA,NA,NA,NA,NA,NA,0,
2818,2/17/15 16:45,"20 Mt Vernon St, Somerville, MA",-71.0792302,42.3853583,4,"3, 7",1,3,4,3,NA,1,1,NA,1,4,,NA,NA,NA,NA,NA,NA,NA,NA,NA,NA,NA,NA,NA,NA,NA,0,0,0,NA,,,,0,NA,,,,,,,NA,NA,NA,NA,NA,NA,NA,NA,NA,NA,NA,NA,NA,NA,0,
2819,2/17/15 9:16,"265 Medford St, Somerville, MA",-71.0920079,42.3843732,2,4,1,1,3,2,2,2,1,NA,1,1,,NA,NA,NA,NA,NA,NA,NA,NA,NA,NA,NA,NA,NA,NA,NA,0,0,0,0,0,,,0,NA,,,,,,,NA,NA,NA,NA,NA,NA,NA,NA,NA,NA,NA,NA,NA,NA,1,SPD cruiser rear-ended MV due to slick road conditions
2820,2/18/15 11:27,"28 Elmwood St, Somerville, MA",-71.126315,42.39947,1,3,1,1,1,3,2,2,99,NA,2,99,,NA,NA,NA,NA,NA,NA,NA,NA,NA,NA,NA,NA,NA,NA,NA,0,0,0,0,0,,,0,NA,,,,,,,NA,NA,NA,NA,NA,NA,NA,NA,NA,NA,NA,NA,NA,NA,1,"MV, backing out of driveway, struck DPW travelling up street"
2821,2/19/15 5:50,"Washington St and Beacon St, Somerville, MA",-71.106382,42.3782892,2,2,3,2,1,6,NA,1,99,NA,1,99,,NA,NA,NA,NA,NA,NA,NA,NA,NA,NA,NA,NA,NA,NA,NA,0,0,0,NA,,,,0,NA,,,,,,,NA,NA,NA,NA,NA,NA,NA,NA,NA,NA,NA,NA,NA,NA,0,
2822,2/19/15 6:15,"Revolution Dr, Somerville, MA",-71.0808,42.3905269,2,3,2,2,2,3,NA,1,1,NA,1,97,,NA,NA,NA,NA,NA,NA,NA,NA,NA,NA,NA,NA,NA,NA,NA,0,0,0,NA,,,,0,NA,,,,,,,NA,NA,NA,NA,NA,NA,NA,NA,NA,NA,NA,NA,NA,NA,0,
2823,2/20/15 14:10,"8 Tyler St, Somerville, MA",-71.1046753,42.381531,1,6,1,1,1,4,NA,2,1,NA,2,,,NA,NA,NA,NA,NA,NA,NA,NA,NA,NA,NA,NA,NA,NA,NA,0,0,0,NA,,,,0,NA,,,,,,,NA,NA,NA,NA,NA,NA,NA,NA,NA,NA,NA,NA,NA,NA,0,
2824,2/20/15 19:26,"Everett St and Newton St, Somerville, MA",-71.0946473,42.3786142,4,4,1,3,4,2,NA,1,1,NA,,,,NA,NA,NA,NA,NA,NA,NA,NA,NA,NA,NA,NA,NA,NA,NA,0,0,0,NA,,,,0,NA,,,,,,,NA,NA,NA,NA,NA,NA,NA,NA,NA,NA,NA,NA,NA,NA,0,
2825,2/20/15 11:00,"13 Atherton St, Somerville, MA",-71.106921,42.384379,1,7,1,1,4,4,2,1,1,NA,1,1,,NA,NA,NA,NA,NA,NA,NA,NA,NA,NA,NA,NA,NA,NA,NA,0,0,0,0,0,,,0,NA,,,,,,,NA,NA,NA,NA,NA,NA,NA,NA,NA,NA,NA,NA,NA,NA,1,SFD engine sideswiped parked MV
2826,2/22/15 3:02,"Shore Dr and Puritan Rd, Somerville, MA",-71.0892128,42.3983747,"4, 8",3,99,1,2,1,1,1,1,1,,,,NA,NA,NA,NA,NA,NA,NA,NA,NA,NA,NA,NA,NA,NA,NA,0,0,1,0,0,Light pole,,0,NA,,,,,,,NA,NA,NA,NA,NA,NA,NA,NA,NA,NA,NA,NA,NA,NA,0,
2827,2/23/15 11:43,"Highland Ave and Hamlet St, Somerville, MA",-71.0926238,42.3845416,1,1,3,1,3,4,NA,1,99,NA,7,99,,NA,NA,NA,NA,NA,NA,NA,NA,NA,NA,NA,NA,NA,NA,NA,0,0,0,NA,,,,0,NA,,,,,,,NA,NA,NA,NA,NA,NA,NA,NA,NA,NA,NA,NA,NA,NA,0,
2828,2/24/15 10:27,"Marshall St and Pearl St, Somerville, MA",-71.0957494,42.3881671,1,1,2,3,4,2,NA,1,1,NA,1,1,,NA,NA,NA,NA,NA,NA,NA,NA,NA,NA,NA,NA,NA,NA,NA,0,0,0,NA,,,,1,NA,1,44,4,0,,,NA,NA,NA,NA,NA,NA,NA,NA,NA,NA,NA,NA,NA,NA,0,
2829,2/26/15 10:56,"63 Putnam St, Somerville, MA",-71.096926,42.385635,2,7,1,1,1,4,2,2,1,NA,1,,,NA,NA,NA,NA,NA,NA,NA,NA,NA,NA,NA,NA,NA,NA,NA,0,0,0,0,0,,,0,NA,,,,,,,NA,NA,NA,NA,NA,NA,NA,NA,NA,NA,NA,NA,NA,NA,1,DPW vehicle sideswiped parked MV while trying to avoid oncoming MV on narrow road; struck MV out from curb
2830,2/28/15 22:00,"24 Century St, Somerville, MA",-71.0969695,42.3968999,1,4,1,1,1,5,2,2,1,NA,,1,,NA,NA,NA,NA,NA,NA,NA,NA,NA,NA,NA,NA,NA,NA,NA,0,0,0,0,0,,,0,NA,,,,,,,NA,NA,NA,NA,NA,NA,NA,NA,NA,NA,NA,NA,NA,NA,1,"SPD cruiser, responding to call, struck mirror of opposite facing MV (parked?)"
2831,3/1/15 8:30,"51 Alston St, Somerville, MA",-71.089255,42.3811359,1,1,1,1,4,2,NA,1,99,NA,1,,,NA,NA,NA,NA,NA,NA,NA,NA,NA,NA,NA,NA,NA,NA,NA,0,0,0,NA,,,,0,NA,,,,,,,NA,NA,NA,NA,NA,NA,NA,NA,NA,NA,NA,NA,NA,NA,0,
2832,3/2/15 6:35,"New Rd, Somerville, MA",-71.0431361,42.3715978,4,3,1,2,3,6,NA,2,1,NA,1,4,,NA,NA,NA,NA,NA,NA,NA,NA,NA,NA,NA,NA,NA,NA,NA,0,0,0,NA,,,,0,NA,,,,,,,NA,NA,NA,NA,NA,NA,NA,NA,NA,NA,NA,NA,NA,NA,0,
2833,3/2/15 8:36,"Broadway and Cutter St, Somerville, MA",-71.0832853,42.3874934,1,6,1,3,2,2,NA,7,5,NA,1,1,,2,1,NA,NA,NA,NA,NA,NA,NA,NA,NA,NA,NA,NA,NA,0,0,0,NA,,,,1,NA,0,61,4,1,,,NA,NA,NA,NA,NA,NA,NA,NA,NA,NA,NA,NA,NA,NA,0,
2834,3/2/15 9:40,"Holland St and Cameron Ave, Somerville, MA",-71.126181,42.401052,99,99,99,99,99,99,NA,1,5,NA,1,1,,NA,NA,NA,NA,NA,NA,NA,NA,NA,NA,NA,NA,NA,NA,NA,0,0,0,NA,,,,0,NA,,,,,,,NA,NA,NA,NA,NA,NA,NA,NA,NA,NA,NA,NA,NA,NA,0,
2835,3/2/15 11:15,"5 Seven Pines Ave, Somerville, MA",-71.1289291,42.3991456,99,99,99,99,99,99,NA,2,99,NA,1,1,,NA,NA,NA,NA,NA,NA,NA,NA,NA,NA,NA,NA,NA,NA,NA,0,0,0,NA,,,,0,NA,,,,,,,NA,NA,NA,NA,NA,NA,NA,NA,NA,NA,NA,NA,NA,NA,0,
2836,3/3/15 16:10,"390 Broadway, Somerville, MA",-71.0979883,42.3946074,2,1,3,3,1,1,1,2,1,NA,,,,NA,NA,NA,NA,NA,NA,NA,NA,NA,NA,NA,NA,NA,NA,NA,1,0,0,4,2,,5,0,NA,,,,,,,NA,NA,NA,NA,NA,NA,NA,NA,NA,NA,NA,NA,NA,NA,0,
2837,3/3/15 9:16,"Grand Union Blvd and Revolution Drive, Somerville, MA",-71.0799614,42.3913094,1,1,3,2,1,2,2,1,20,NA,2,1,,NA,NA,NA,NA,NA,NA,NA,NA,NA,NA,NA,NA,NA,NA,NA,0,0,0,0,0,,,0,NA,,,,,,,NA,NA,NA,NA,NA,NA,NA,NA,NA,NA,NA,NA,NA,NA,1,MV rear-ended SPD Traffic cruiser
2838,3/4/15 7:47,"Somerville Ave and Washington St, Somerville, MA",-71.0964021,42.3796323,2,2,3,3,2,3,NA,2,1,NA,1,99,,NA,NA,NA,NA,NA,NA,NA,NA,NA,NA,NA,NA,NA,NA,NA,0,0,0,NA,,,,0,NA,,,,,,,NA,NA,NA,NA,NA,NA,NA,NA,NA,NA,NA,NA,NA,NA,0,
2839,3/4/15 11:34,"212 Somerville Ave, Somerville, MA",-71.091187,42.377798,2,2,1,1,1,4,NA,1,1,NA,1,1,,1,99,NA,NA,NA,NA,NA,NA,NA,NA,NA,NA,NA,NA,NA,0,0,0,NA,,,,0,NA,,,,,,,NA,NA,NA,NA,NA,NA,NA,NA,NA,NA,NA,NA,NA,NA,0,
2840,3/4/15 12:30,"Broadway and Cross St, Somerville, MA",-71.0859942,42.3886405,2,1,3,2,2,4,NA,1,1,NA,6,6,,NA,NA,NA,NA,NA,NA,NA,NA,NA,NA,NA,NA,NA,NA,NA,0,0,0,NA,,,,0,NA,,,,,,,NA,NA,NA,NA,NA,NA,NA,NA,NA,NA,NA,NA,NA,NA,0,
2841,3/5/15 18:20,"College Ave and Morrison Ave, Somerville, MA",-71.1214296,42.3979434,1,1,3,3,1,2,NA,1,1,NA,1,6,,NA,NA,NA,NA,NA,NA,NA,NA,NA,NA,NA,NA,NA,NA,NA,0,0,0,NA,,,,0,NA,,,,,,,NA,NA,NA,NA,NA,NA,NA,NA,NA,NA,NA,NA,NA,NA,0,
2842,3/5/15 18:00,"Beacon St and Durham St, Somerville, MA",-71.1072109,42.3789522,1,1,1,3,1,7,NA,NA,1,NA,,1,,NA,NA,NA,NA,NA,NA,NA,NA,NA,NA,NA,NA,NA,NA,NA,0,0,0,0,0,,,0,NA,,,,,,,NA,NA,NA,NA,NA,NA,NA,NA,NA,NA,NA,NA,NA,NA,1,SPD cruiser on snow removal detail backing up; MV tried to park in spot behind cruiser; rear-rear collision
2843,3/6/15 8:45,"Packard Ave and Sawyer Ave, Somerville, MA",-71.1223847,42.4060652,1,7,1,1,1,4,NA,1,97,NA,2,1,,NA,NA,NA,NA,NA,NA,NA,NA,NA,NA,NA,NA,NA,NA,NA,0,0,0,NA,,,,0,NA,,,,,,,NA,NA,NA,NA,NA,NA,NA,NA,NA,NA,NA,NA,NA,NA,0,
2844,3/6/15 16:49,"Mt Pleasant St and Perkins St, Somerville, MA",-71.0791126,42.3844394,1,1,1,3,4,3,2,99,1,NA,1,,,NA,NA,NA,NA,NA,NA,NA,NA,NA,NA,NA,NA,NA,NA,NA,0,0,0,0,0,,,0,NA,,,,,,,NA,NA,NA,NA,NA,NA,NA,NA,NA,NA,NA,NA,NA,NA,1,"SFD engine turning, tried to avoid MV parked too far into street, struck parked MV on other side of street"
2845,3/7/15 11:52,"500 Broadway, Somerville, MA",-71.1044419,42.3973692,1,1,3,1,2,2,NA,1,99,NA,2,99,,NA,NA,NA,NA,NA,NA,NA,NA,NA,NA,NA,NA,NA,NA,NA,0,0,0,NA,,,,1,2,0,23,4,1,0,57,4,1,NA,NA,NA,NA,NA,NA,NA,NA,NA,NA,NA,NA,0,
2846,3/7/15 20:00,"471 Somerville Ave, Somerville, MA",-71.103854,42.382802,1,1,1,1,1,4,NA,1,1,NA,1,9,,NA,NA,NA,NA,NA,NA,NA,NA,NA,NA,NA,NA,NA,NA,NA,0,0,0,NA,,,,0,NA,,,,,,,NA,NA,NA,NA,NA,NA,NA,NA,NA,NA,NA,NA,NA,NA,0,
2847,3/8/15 21:28,"107 Bartlett St, Somerville, MA",-71.1007147,42.3951905,1,1,1,1,4,4,2,NA,1,NA,1,,,NA,NA,NA,NA,NA,NA,NA,NA,NA,NA,NA,NA,NA,NA,NA,0,0,0,0,0,,,0,NA,,,,,,,NA,NA,NA,NA,NA,NA,NA,NA,NA,NA,NA,NA,NA,NA,1,SFD engine sideswiped car parked too far from street
2848,3/10/15 6:09,"Highland Ave and Walnut St, Somerville, MA",-71.0941672,42.3851419,1,1,3,2,99,99,2,1,3,NA,1,1,,NA,NA,NA,NA,NA,NA,NA,NA,NA,NA,NA,NA,NA,NA,NA,0,0,1,0,0,"Trash barrel, MBTA glass display",,1,2,1,73,4,1,0,72,4,1,NA,NA,NA,NA,NA,NA,NA,NA,NA,NA,NA,NA,0,
2849,3/12/15 15:06,"150 Lowell St, Somerville, MA",-71.1086985,42.38945,1,1,1,9,4,1,1,13,1,NA,,,,NA,NA,NA,NA,NA,NA,NA,NA,NA,NA,NA,NA,NA,NA,NA,0,0,1,0,0,Tree,,0,NA,,,,,,,NA,NA,NA,NA,NA,NA,NA,NA,NA,NA,NA,NA,NA,NA,0,
2850,3/12/15 19:45,"Pearl St and Marshall St, Somerville, MA",-71.0957494,42.3881671,1,1,2,3,1,6,1,1,99,NA,,99,,NA,NA,NA,NA,NA,NA,NA,NA,NA,NA,NA,NA,NA,NA,NA,1,0,0,2,1,,5,1,NA,1,24,4,1,,,NA,NA,NA,NA,NA,NA,NA,NA,NA,NA,NA,NA,NA,NA,0,
2851,3/14/15 3:00,"16 Lee St, Somerville, MA",-71.0994724,42.3904844,3,2,1,1,1,4,NA,1,1,NA,1,99,,NA,NA,NA,NA,NA,NA,NA,NA,NA,NA,NA,NA,NA,NA,NA,0,0,0,NA,,,,0,NA,,,,,,,NA,NA,NA,NA,NA,NA,NA,NA,NA,NA,NA,NA,NA,NA,0,
2852,3/14/15 19:14,"490 Broadway, Somerville, MA",-71.1039629,42.3970831,3,2,3,1,2,2,NA,1,19,NA,1,1,,NA,NA,NA,NA,NA,NA,NA,NA,NA,NA,NA,NA,NA,NA,NA,0,0,0,NA,,,,0,NA,,,,,,,NA,NA,NA,NA,NA,NA,NA,NA,NA,NA,NA,NA,NA,NA,0,
2853,3/14/15 19:26,"38 Medford St, Somerville, MA",-71.0884473,42.3744778,3,2,1,1,1,4,NA,1,97,NA,6,1,,NA,NA,NA,NA,NA,NA,NA,NA,NA,NA,NA,NA,NA,NA,NA,0,0,0,NA,,,,0,NA,,,,,,,NA,NA,NA,NA,NA,NA,NA,NA,NA,NA,NA,NA,NA,NA,0,
2854,3/14/15 18:19,"Washington St and Beacon St, Somerville, MA",-71.106382,42.3782892,3,2,3,2,1,1,1,1,1,NA,,,,NA,NA,NA,NA,NA,NA,NA,NA,NA,NA,NA,NA,NA,NA,NA,0,1,0,1,1,,2,0,NA,,,,,,,NA,NA,NA,NA,NA,NA,NA,NA,NA,NA,NA,NA,NA,NA,0,
2855,3/15/15 1:21,"Cameron Ave and Holland St, Somerville, MA",-71.126181,42.401052,2,1,1,3,2,1,1,1,14,14,,,,NA,NA,NA,NA,NA,NA,NA,NA,NA,NA,NA,NA,NA,NA,NA,0,0,1,0,0,Bus enclosure,,0,NA,,,,,,,NA,NA,NA,NA,NA,NA,NA,NA,NA,NA,NA,NA,NA,NA,0,15011505
2856,3/15/15 15:20,"39 Pearson Rd, Somerville, MA",-71.1146926,42.4017969,3,2,1,1,4,2,2,2,1,NA,1,,,NA,NA,NA,NA,NA,NA,NA,NA,NA,NA,NA,NA,NA,NA,NA,0,0,0,0,0,,,0,NA,,,,,,,NA,NA,NA,NA,NA,NA,NA,NA,NA,NA,NA,NA,NA,NA,1,SPD cruiser backed up into parked MV
2857,3/20/15 3:30,"Central St and Avon St, Somerville, MA",-71.104696,42.3866175,2,1,1,3,2,3,1,15,99,NA,2,99,,NA,NA,NA,NA,NA,NA,NA,NA,NA,NA,NA,NA,NA,NA,NA,0,0,1,4,1,Moped,2b,1,NA,1,38,4,0,,,NA,NA,NA,NA,NA,NA,NA,NA,NA,NA,NA,NA,NA,NA,0,
2858,3/20/15 8:44,"125 Central St, Somerville, MA",-71.101009,42.391449,99,99,99,99,99,99,NA,1,99,NA,1,,,NA,NA,NA,NA,NA,NA,NA,NA,NA,NA,NA,NA,NA,NA,NA,0,0,0,NA,,,,0,NA,,,,,,,NA,NA,NA,NA,NA,NA,NA,NA,NA,NA,NA,NA,NA,NA,0,
2859,3/22/15 2:30,"Franklin St and Broadway, Somerville, MA",-71.0822801,42.3873031,1,1,3,3,3,6,NA,2,3,NA,1,1,,NA,NA,NA,NA,NA,NA,NA,NA,NA,NA,NA,NA,NA,NA,NA,0,0,0,NA,,,,0,NA,,,,,,,NA,NA,NA,NA,NA,NA,NA,NA,NA,NA,NA,NA,NA,NA,0,
2860,3/22/15 10:45,"84 Ten Hills Rd, Somerville, MA",-71.085837,42.3974341,1,1,1,1,1,1,1,2,99,99,,,,NA,NA,NA,NA,NA,NA,NA,NA,NA,NA,NA,NA,NA,NA,NA,0,0,1,0,0,Front stairs,,0,NA,,,,,,,NA,NA,NA,NA,NA,NA,NA,NA,NA,NA,NA,NA,NA,NA,0,
2861,3/22/15 10:54,"Summer St and Benton Rd, Somerville, MA",-71.106865,42.3866442,1,1,2,3,1,3,NA,1,NA,NA,1,,,NA,NA,NA,NA,NA,NA,NA,NA,NA,NA,NA,NA,NA,NA,NA,0,0,0,NA,,,,0,NA,,,,,,,NA,NA,NA,NA,NA,NA,NA,NA,NA,NA,NA,NA,NA,NA,0,
2862,3/22/15 15:14,"Kidder Ave and Lowden Ave, Somerville, MA",-71.1151648,42.3980049,1,1,2,2,1,3,NA,97,3,NA,,1,,NA,NA,NA,NA,NA,NA,NA,NA,NA,NA,NA,NA,NA,NA,NA,0,0,0,NA,,,,0,NA,,,,,,,NA,NA,NA,NA,NA,NA,NA,NA,NA,NA,NA,NA,NA,NA,0,
2863,3/22/15 19:24,"Temple St and Jaques St, Somerville, MA",-71.092016,42.394362,1,1,3,2,2,2,NA,1,1,1,,,,NA,NA,NA,NA,NA,NA,NA,NA,NA,NA,NA,NA,NA,NA,NA,0,0,0,NA,,,,0,NA,,,,,,,NA,NA,NA,NA,NA,NA,NA,NA,NA,NA,NA,NA,NA,NA,0,
2864,3/23/15 10:30,"Somerville Ave and Properzi Way, Somerville, MA",-71.1050939,42.3829252,1,1,1,3,1,2,NA,NA,1,NA,,5,2,NA,NA,NA,NA,NA,NA,NA,NA,NA,NA,NA,NA,NA,NA,NA,0,0,0,NA,,,,0,NA,,,,,,,NA,NA,NA,NA,NA,NA,NA,NA,NA,NA,NA,NA,NA,NA,0,
2865,3/23/15 12:12,"Walnut St and Medford St, Somerville, MA",-71.0937489,42.3857992,1,1,3,2,2,3,NA,1,3,13,1,1,1,NA,NA,NA,NA,NA,NA,NA,NA,NA,NA,NA,NA,NA,NA,NA,0,0,0,NA,,,,0,NA,,,,,,,NA,NA,NA,NA,NA,NA,NA,NA,NA,NA,NA,NA,NA,NA,0,
2866,3/23/15 13:38,"Ivaloo St and Mondamin Ct, Somerville, MA",-71.1089508,42.3812761,1,1,1,3,1,1,1,7,1,NA,,,,NA,NA,NA,NA,NA,NA,NA,NA,NA,NA,NA,NA,NA,NA,NA,0,0,1,4,97,Sink hole,,0,NA,,,,,,,NA,NA,NA,NA,NA,NA,NA,NA,NA,NA,NA,NA,NA,NA,0,
2867,3/23/15 15:39,"Broadway and Cross St, Somerville, MA",-71.0859942,42.3886405,1,1,3,3,1,2,NA,1,1,NA,1,99,,NA,NA,NA,NA,NA,NA,NA,NA,NA,NA,NA,NA,NA,NA,NA,0,0,0,NA,,,,1,2,0,53,3,1,1,49,4,1,NA,NA,NA,NA,NA,NA,NA,NA,NA,NA,NA,NA,0,