id,date_time,address,lon,lat,Weather,road_surface,traffic_control_device,intersection_type,traffic_way_desc,collision_manner,num_involved_vehicles,vehicle1_configuration,driver1_contrib1,driver1_contrib2,vehicle2_configuration,driver2_contrib1,driver2_contrib2,vehicle3_configuration,driver3_contrib1,driver3_contrib2,vehicle4_configuration,driver4_contrib1,driver4_contrib2,vehicle5_configuration,driver5_contrib1,driver5_contrib2,vehicle6_configuration,driver6_contrib1,driver6_contrib2,vehicle7_configuration,driver7_contrib1,driver7_contrib2,Bicycle,Pedestrian,non_mv,non_motorist_location,non_motorist_action,non_motorist_type,manner_of_non_motorist_collision,Injury,Multiple,Gender1,Age1,Severity1,Hospital1,Gender2,Age2,Severity2,Hospital2,Gender3,Age3,Severity3,Hospital3,Gender4,Age4,Severity4,Hospital4,Gender5,Age5,Severity5,Hospital5,city_vehicle,Notes
2868,3/23/15 16:05,"Highland Ave and School St, Somerville, MA",-71.0987169,42.3868313,1,1,3,3,1,4,1,1,99,NA,,,,NA,NA,NA,NA,NA,NA,NA,NA,NA,NA,NA,NA,NA,NA,NA,0,1,0,4,1,,1,1,NA,0,16,4,1,,,NA,NA,NA,NA,NA,NA,NA,NA,NA,NA,NA,NA,NA,NA,0,
2869,3/25/15 7:54,"Beacon St and Kent St, Somerville, MA",-71.110883,42.3819408,1,1,4,3,1,1,1,7,9,NA,,,,NA,NA,NA,NA,NA,NA,NA,NA,NA,NA,NA,NA,NA,NA,NA,0,0,1,0,0,Traffic sign,,0,NA,,,,,,,NA,NA,NA,NA,NA,NA,NA,NA,NA,NA,NA,NA,NA,NA,0,
2870,3/25/15 12:15,"570 Somerville Ave, Somerville, MA",-71.1084771,42.3829153,1,1,3,1,1,2,NA,2,20,NA,1,1,,NA,NA,NA,NA,NA,NA,NA,NA,NA,NA,NA,NA,NA,NA,NA,0,0,0,NA,,,,1,NA,0,62,3,1,,,NA,NA,NA,NA,NA,NA,NA,NA,NA,NA,NA,NA,NA,NA,0,
2871,3/25/15 23:12,"35 Warwick St, Somerville, MA",-71.1093045,42.3937649,3,2,1,1,4,4,NA,1,99,NA,1,,,NA,NA,NA,NA,NA,NA,NA,NA,NA,NA,NA,NA,NA,NA,NA,0,0,0,NA,,,,0,NA,,,,,,,NA,NA,NA,NA,NA,NA,NA,NA,NA,NA,NA,NA,NA,NA,0,
2872,3/26/15 11:34,"College Ave and Dearborn Rd, Somerville, MA",-71.1173973,42.4053311,2,1,1,3,1,2,NA,1,1,NA,1,1,,NA,NA,NA,NA,NA,NA,NA,NA,NA,NA,NA,NA,NA,NA,NA,0,0,0,NA,,,,1,NA,0,67,4,1,,,NA,NA,NA,NA,NA,NA,NA,NA,NA,NA,NA,NA,NA,NA,0,
2873,3/27/15 13:55,"Summer St and Cherry St, Somerville, MA",-71.1149866,42.3914194,2,2,2,2,1,3,NA,1,NA,NA,1,,,NA,NA,NA,NA,NA,NA,NA,NA,NA,NA,NA,NA,NA,NA,NA,0,0,0,NA,,,,0,NA,,,,,,,NA,NA,NA,NA,NA,NA,NA,NA,NA,NA,NA,NA,NA,NA,0,
2874,3/28/15 14:44,"643 Broadway, Somerville, MA",-71.1101304,42.3994632,4,2,1,1,2,99,NA,2,1,NA,2,99,,NA,NA,NA,NA,NA,NA,NA,NA,NA,NA,NA,NA,NA,NA,NA,0,0,0,NA,,,,0,NA,,,,,,,NA,NA,NA,NA,NA,NA,NA,NA,NA,NA,NA,NA,NA,NA,0,
2875,3/29/15 14:00,"53 Sycamore St, Somerville, MA",-71.1004089,42.3898911,1,1,1,1,4,2,NA,1,99,NA,1,1,,NA,NA,NA,NA,NA,NA,NA,NA,NA,NA,NA,NA,NA,NA,NA,0,0,0,NA,,,,1,2,0,85,3,1,0,92,3,1,NA,NA,NA,NA,NA,NA,NA,NA,NA,NA,NA,NA,0,
2876,3/29/15 16:20,"Broadway and School St, Somerville, MA",-71.0944105,42.3932298,99,99,99,99,99,99,NA,1,3,NA,2,1,,NA,NA,NA,NA,NA,NA,NA,NA,NA,NA,NA,NA,NA,NA,NA,0,0,0,NA,,,,1,NA,1,75,4,0,,,NA,NA,NA,NA,NA,NA,NA,NA,NA,NA,NA,NA,NA,NA,0,
2877,3/29/15 19:29,"Walnut St and Columbus Ave, Somerville, MA",-71.0961533,42.3823085,1,1,1,3,4,4,NA,1,20,NA,1,1,,NA,NA,NA,NA,NA,NA,NA,NA,NA,NA,NA,NA,NA,NA,NA,0,0,0,NA,,,,0,NA,,,,,,,NA,NA,NA,NA,NA,NA,NA,NA,NA,NA,NA,NA,NA,NA,0,
2878,3/30/15 7:40,"366 Lowell St, Somerville, MA",-71.1039531,42.3962501,1,1,1,1,1,1,1,6,99,NA,,,,NA,NA,NA,NA,NA,NA,NA,NA,NA,NA,NA,NA,NA,NA,NA,0,0,1,0,0,Tree,,0,NA,,,,,,,NA,NA,NA,NA,NA,NA,NA,NA,NA,NA,NA,NA,NA,NA,0,
2879,4/1/15 14:21,"Highland Ave and Lowell St, Somerville, MA",-71.1079523,42.3902029,1,1,3,2,1,1,1,8,NA,NA,,,,NA,NA,NA,NA,NA,NA,NA,NA,NA,NA,NA,NA,NA,NA,NA,0,0,1,0,0,Traffic light,,0,NA,,,,,,,NA,NA,NA,NA,NA,NA,NA,NA,NA,NA,NA,NA,NA,NA,0,
2880,4/1/15 20:41,"14 Tyler St, Somerville, MA",-71.1056689,42.3817829,1,1,1,1,1,5,NA,1,23,NA,1,,,NA,NA,NA,NA,NA,NA,NA,NA,NA,NA,NA,NA,NA,NA,NA,0,0,0,NA,,,,0,NA,,,,,,,NA,NA,NA,NA,NA,NA,NA,NA,NA,NA,NA,NA,NA,NA,0,
2881,4/1/15 17:10,"Highland Ave and Grove St, Somerville, MA",-71.1204966,42.3957061,1,1,1,2,1,3,NA,1,13,NA,,,,NA,NA,NA,NA,NA,NA,NA,NA,NA,NA,NA,NA,NA,NA,NA,0,1,0,1,1,,2,1,NA,0,27,3,0,,,NA,NA,NA,NA,NA,NA,NA,NA,NA,NA,NA,NA,NA,NA,0,
2882,4/2/15 16:25,"Summer St and Lowell St, Somerville, MA",-71.1096232,42.3877952,1,1,2,3,1,3,NA,1,1,NA,1,1,,NA,NA,NA,NA,NA,NA,NA,NA,NA,NA,NA,NA,NA,NA,NA,0,0,0,NA,,,,0,NA,,,,,,,NA,NA,NA,NA,NA,NA,NA,NA,NA,NA,NA,NA,NA,NA,0,
2883,4/3/15 13:15,"403 Highland Ave, Somerville, MA",-71.1208399,42.3961228,2,1,1,1,4,4,NA,1,5,NA,2,1,,NA,NA,NA,NA,NA,NA,NA,NA,NA,NA,NA,NA,NA,NA,NA,0,0,0,NA,,,,1,3,1,27,4,0,1,26,4,0,1,47,4,0,NA,NA,NA,NA,NA,NA,NA,NA,0,
2884,4/3/15 21:12,"152 Pearl St, Somerville, MA",-71.089083,42.385879,2,1,1,1,2,"2, 3",NA,1,1,NA,2,97,,NA,NA,NA,NA,NA,NA,NA,NA,NA,NA,NA,NA,NA,NA,NA,0,0,0,NA,,,,0,NA,,,,,,,NA,NA,NA,NA,NA,NA,NA,NA,NA,NA,NA,NA,NA,NA,0,
2885,4/3/15 23:36,"311 Broadway, Somerville, MA",-71.0929991,42.3927264,3,2,1,1,3,99,NA,1,1,1,1,1,1,NA,NA,NA,NA,NA,NA,NA,NA,NA,NA,NA,NA,NA,NA,NA,0,0,0,NA,,,,1,NA,0,na,4,0,,,NA,NA,NA,NA,NA,NA,NA,NA,NA,NA,NA,NA,NA,NA,0,
2886,4/4/15 16:14,"Windsor St and South St, Somerville, MA",-71.0928349,42.3752417,2,1,1,3,1,1,1,1,1,NA,,,,NA,NA,NA,NA,NA,NA,NA,NA,NA,NA,NA,NA,NA,NA,NA,0,0,1,0,0,Telephone pole,,0,NA,,,,,,,NA,NA,NA,NA,NA,NA,NA,NA,NA,NA,NA,NA,NA,NA,0,
2887,4/5/15 8:10,"500 Boradway, Somerville, MA",-71.1044419,42.3973692,1,1,3,2,2,1,1,1,99,NA,,,,NA,NA,NA,NA,NA,NA,NA,NA,NA,NA,NA,NA,NA,NA,NA,0,0,1,0,0,"Light poles, ATM window",,1,NA,1,54,4,1,,,NA,NA,NA,NA,NA,NA,NA,NA,NA,NA,NA,NA,NA,NA,0,
2888,4/6/15 12:01,"Mansfield and Washington St, Somerville, MA",-71.0906664,42.3798839,1,1,2,3,4,3,NA,6,1,NA,1,3,,NA,NA,NA,NA,NA,NA,NA,NA,NA,NA,NA,NA,NA,NA,NA,0,0,0,NA,,,,0,NA,,,,,,,NA,NA,NA,NA,NA,NA,NA,NA,NA,NA,NA,NA,NA,NA,0,
2889,4/7/15 17:40,"138 Highland Ave, Somerville, MA",-71.1023617,42.3878136,3,2,1,1,1,4,NA,1,1,NA,2,1,,NA,NA,NA,NA,NA,NA,NA,NA,NA,NA,NA,NA,NA,NA,NA,0,0,0,NA,,,,0,NA,,,,,,,NA,NA,NA,NA,NA,NA,NA,NA,NA,NA,NA,NA,NA,NA,0,
2890,4/7/15 17:42,"Somerville Ave and Kent St, Somerville, MA",-71.1097087,42.3839475,99,99,99,99,99,99,NA,2,4,NA,1,1,,NA,NA,NA,NA,NA,NA,NA,NA,NA,NA,NA,NA,NA,NA,NA,0,0,0,NA,,,,1,NA,0,22,4,1,,,NA,NA,NA,NA,NA,NA,NA,NA,NA,NA,NA,NA,NA,NA,0,
2891,4/8/15 17:54,"1370 Broadway, Somerville, MA",-71.1334334,42.4062721,3,2,4,1,1,2,NA,1,1,NA,1,1,,NA,NA,NA,NA,NA,NA,NA,NA,NA,NA,NA,NA,NA,NA,NA,0,0,0,NA,,,,0,NA,,,,,,,NA,NA,NA,NA,NA,NA,NA,NA,NA,NA,NA,NA,NA,NA,0,
2892,4/8/15 20:04,"8 Union Sq, Somerville, MA",-71.0964786,42.3797983,3,2,1,1,1,2,NA,1,5,19,1,1,,2,1,NA,NA,NA,NA,NA,NA,NA,NA,NA,NA,NA,NA,NA,0,0,0,NA,,,,1,NA,1,49,3,1,,,NA,NA,NA,NA,NA,NA,NA,NA,NA,NA,NA,NA,NA,NA,0,
2893,4/8/15 2:35,"McGrath Hwy and Greenville St, Somerville, MA",-71.0914991,42.3833039,1,1,1,1,3,4,2,2,10,NA,2,1,,NA,NA,NA,NA,NA,NA,NA,NA,NA,NA,NA,NA,NA,NA,NA,0,0,0,0,0,,,0,NA,,,,,,,NA,NA,NA,NA,NA,NA,NA,NA,NA,NA,NA,NA,NA,NA,1,"SPD cruiser trying to stop MV; MV sweerved into cruiser, striking bumper"
2894,4/9/15 7:51,"858 Broadway, Somerville, MA",-71.1175093,42.4006978,3,2,1,1,1,4,NA,1,99,NA,1,99,,NA,NA,NA,NA,NA,NA,NA,NA,NA,NA,NA,NA,NA,NA,NA,0,0,0,NA,,,,0,NA,,,,,,,NA,NA,NA,NA,NA,NA,NA,NA,NA,NA,NA,NA,NA,NA,0,
2895,4/10/15 8:14,"691 Somerville Ave, Somerville, MA",-71.1131653,42.385698,1,1,1,1,4,4,NA,6,1,NA,2,,,2,NA,NA,NA,NA,NA,NA,NA,NA,NA,NA,NA,NA,NA,NA,0,0,0,NA,,,,0,NA,,,,,,,NA,NA,NA,NA,NA,NA,NA,NA,NA,NA,NA,NA,NA,NA,0,
2896,4/10/15 15:48,"Middlesex Ave and Foley St, Somerville, MA",-71.0830133,42.3926273,2,1,3,3,1,3,NA,1,1,NA,1,4,,NA,NA,NA,NA,NA,NA,NA,NA,NA,NA,NA,NA,NA,NA,NA,0,0,0,NA,,,,0,NA,,,,,,,NA,NA,NA,NA,NA,NA,NA,NA,NA,NA,NA,NA,NA,NA,0,
2897,4/10/15 16:26,"72 Cross St, Somerville, MA",-71.0877491,42.3855242,2,1,1,1,1,4,NA,2,1,NA,1,97,,NA,NA,NA,NA,NA,NA,NA,NA,NA,NA,NA,NA,NA,NA,NA,0,0,0,NA,,,,0,NA,,,,,,,NA,NA,NA,NA,NA,NA,NA,NA,NA,NA,NA,NA,NA,NA,0,
2898,4/10/15 20:27,"31 Washington St, Somerville, MA",-71.0827729,42.3820296,2,1,1,1,1,2,NA,1,5,NA,1,5,,NA,NA,NA,NA,NA,NA,NA,NA,NA,NA,NA,NA,NA,NA,NA,0,0,0,NA,,,,1,NA,0,26,4,0,,,NA,NA,NA,NA,NA,NA,NA,NA,NA,NA,NA,NA,NA,NA,0,
2899,4/11/15 7:13,"26 Central St, Somerville, MA",-71.1060372,42.3850559,1,1,2,1,4,4,NA,2,1,1,1,4,4,NA,NA,NA,NA,NA,NA,NA,NA,NA,NA,NA,NA,NA,NA,NA,0,0,0,NA,,,,0,NA,,,,,,,NA,NA,NA,NA,NA,NA,NA,NA,NA,NA,NA,NA,NA,NA,0,
2900,4/11/15 8:22,"53 Prescott St, Somerville, MA",-71.0981149,42.3856408,1,1,1,1,1,4,NA,1,4,NA,2,1,,NA,NA,NA,NA,NA,NA,NA,NA,NA,NA,NA,NA,NA,NA,NA,0,0,0,NA,,,,0,NA,,,,,,,NA,NA,NA,NA,NA,NA,NA,NA,NA,NA,NA,NA,NA,NA,0,
2901,4/12/15 1:16,"15 Elm St, Somerville, MA",-71.1139034,42.3864903,1,1,1,1,2,6,NA,3,8,NA,1,1,1,NA,NA,NA,NA,NA,NA,NA,NA,NA,NA,NA,NA,NA,NA,NA,0,0,0,NA,,,,1,NA,1,29,4,1,,,NA,NA,NA,NA,NA,NA,NA,NA,NA,NA,NA,NA,NA,NA,0,15016059
2902,4/12/15 5:00,"124 College Ave, Somerville, MA",-71.1180292,42.4002732,1,1,1,1,1,6,NA,1,21,21,1,1,1,1,1,1,1,1,1,1,1,1,NA,NA,NA,NA,NA,NA,0,0,0,NA,,,,0,NA,,,,,,,NA,NA,NA,NA,NA,NA,NA,NA,NA,NA,NA,NA,NA,NA,0,
2903,4/12/15 20:32,"1 Dartmouth St, Somerville, MA",-71.0977901,42.3898812,1,1,1,1,4,99,2,1,99,NA,1,,,NA,NA,NA,NA,NA,NA,NA,NA,NA,NA,NA,NA,NA,NA,NA,0,0,1,0,0,Fence,,0,NA,,,,,,,NA,NA,NA,NA,NA,NA,NA,NA,NA,NA,NA,NA,NA,NA,0,Parked car
2904,4/14/15 12:00,"Summer St and School St, Somerville, MA",-71.1003999,42.3843689,1,1,3,3,1,1,NA,2,3,3,1,1,1,NA,NA,NA,NA,NA,NA,NA,NA,NA,NA,NA,NA,NA,NA,NA,0,0,0,NA,,,,1,NA,0,39,4,0,,,NA,NA,NA,NA,NA,NA,NA,NA,NA,NA,NA,NA,NA,NA,0,
2905,4/14/15 20:40,"College Ave and Lower Campus Way, Somerville, MA",-71.1172064,42.4040151,1,1,1,3,1,3,1,1,1,NA,97,1,,NA,NA,NA,NA,NA,NA,NA,NA,NA,NA,NA,NA,NA,NA,NA,1,0,0,2,1,,2,1,NA,1,29,3,1,,,NA,NA,NA,NA,NA,NA,NA,NA,NA,NA,NA,NA,NA,NA,0,
2906,4/15/15 21:45,"Warren Ave and Columbus Ave, Somerville, MA",-71.0948775,42.381729,1,1,2,3,1,1,1,10,6,19,,,,NA,NA,NA,NA,NA,NA,NA,NA,NA,NA,NA,NA,NA,NA,NA,0,0,1,0,0,"Fence, street sign",,0,NA,,,,,,,NA,NA,NA,NA,NA,NA,NA,NA,NA,NA,NA,NA,NA,NA,0,
2907,4/16/15 10:20,"School St and Medford St, Somerville, MA",-71.0971615,42.3891241,1,1,3,2,4,4,NA,2,99,NA,2,99,,NA,NA,NA,NA,NA,NA,NA,NA,NA,NA,NA,NA,NA,NA,NA,0,0,0,NA,,,,0,NA,,,,,,,NA,NA,NA,NA,NA,NA,NA,NA,NA,NA,NA,NA,NA,NA,0,
2908,4/16/15 11:00,"Highland Ave and Crocker St, Somerville, MA",-71.10941,42.3908596,1,1,1,3,4,5,NA,NA,8,19,,1,1,NA,NA,NA,NA,NA,NA,NA,NA,NA,NA,NA,NA,NA,NA,NA,0,0,0,NA,,,,0,NA,,,,,,,NA,NA,NA,NA,NA,NA,NA,NA,NA,NA,NA,NA,NA,NA,0,
2909,4/16/15 18:17,"540 Broadway, Somerville, MA",-71.1066926,42.3980791,1,1,1,3,1,6,NA,2,1,NA,1,9,,NA,NA,NA,NA,NA,NA,NA,NA,NA,NA,NA,NA,NA,NA,NA,0,0,0,NA,,,,0,NA,,,,,,,NA,NA,NA,NA,NA,NA,NA,NA,NA,NA,NA,NA,NA,NA,0,
2910,4/16/15 17:30,"Summer St and Central St, Somerville, MA",-71.1050912,42.3860322,1,1,3,1,1,4,1,2,1,NA,1,10,,NA,NA,NA,NA,NA,NA,NA,NA,NA,NA,NA,NA,NA,NA,NA,1,0,0,4,2,,7,0,NA,,,,,,,NA,NA,NA,NA,NA,NA,NA,NA,NA,NA,NA,NA,NA,NA,0,Bicyclist cited
2911,4/17/15 16:18,"Cross St and Pearl St, Somerville, MA",-71.0878325,42.3857024,99,99,99,99,99,,1,1,1,NA,,,,NA,NA,NA,NA,NA,NA,NA,NA,NA,NA,NA,NA,NA,NA,NA,0,1,0,4,1,,5,0,NA,,,,,,,NA,NA,NA,NA,NA,NA,NA,NA,NA,NA,NA,NA,NA,NA,0,
2912,4/18/15 13:38,"Boston Ave and Mystic Valley Pkwy, Somerville, MA",-71.1294269,42.4165886,1,1,3,1,2,4,NA,1,1,NA,1,99,,NA,NA,NA,NA,NA,NA,NA,NA,NA,NA,NA,NA,NA,NA,NA,0,0,0,NA,,,,0,NA,,,,,,,NA,NA,NA,NA,NA,NA,NA,NA,NA,NA,NA,NA,NA,NA,0,
2913,4/19/15 19:19,"300 Somerville Ave, Somerville, MA",-71.0973702,42.3800117,2,1,3,99,4,2,NA,2,99,NA,2,99,,NA,NA,NA,NA,NA,NA,NA,NA,NA,NA,NA,NA,NA,NA,NA,0,0,0,NA,,,,1,2,0,unk,4,1,unk,unk,4,1,NA,NA,NA,NA,NA,NA,NA,NA,NA,NA,NA,NA,0,
2914,4/20/15 15:19,"Revolution Dr and Middlesex Ave, Somerville, MA",-71.0831773,42.3931891,3,2,1,2,3,3,NA,2,1,NA,1,4,,NA,NA,NA,NA,NA,NA,NA,NA,NA,NA,NA,NA,NA,NA,NA,0,0,0,NA,,,,0,NA,,,,,,,NA,NA,NA,NA,NA,NA,NA,NA,NA,NA,NA,NA,NA,NA,0,
2915,4/20/15 19:14,"36 Bow St, Somerville, MA",-71.0977012,42.3814025,3,2,3,4,4,2,NA,1,1,NA,1,1,,2,99,NA,NA,NA,NA,NA,NA,NA,NA,NA,NA,NA,NA,NA,0,0,0,NA,,,,0,NA,,,,,,,NA,NA,NA,NA,NA,NA,NA,NA,NA,NA,NA,NA,NA,NA,0,
2916,4/20/15 19:30,"60 College Ave, Somerville, MA",-71.1211806,42.3985289,3,2,1,1,1,"5, 6",NA,1,1,NA,1,1,2,8,NA,NA,NA,NA,NA,NA,NA,NA,NA,NA,NA,NA,NA,NA,0,0,0,NA,,,,1,2,0,63,3,1,1,55,3,1,NA,NA,NA,NA,NA,NA,NA,NA,NA,NA,NA,NA,0,
2917,4/20/15 19:30,"Edgar Ave and Douglas Ave, Somerville, MA",-71.0974858,42.3956101,3,2,1,3,1,2,NA,1,19,NA,2,,,NA,NA,NA,NA,NA,NA,NA,NA,NA,NA,NA,NA,NA,NA,NA,0,0,0,NA,,,,0,NA,,,,,,,NA,NA,NA,NA,NA,NA,NA,NA,NA,NA,NA,NA,NA,NA,0,
2918,4/21/15 15:30,"45 Endicott Ave, Somerville, MA",-71.1308338,42.4032195,1,1,1,9,1,1,1,1,99,NA,,,,NA,NA,NA,NA,NA,NA,NA,NA,NA,NA,NA,NA,NA,NA,NA,0,0,1,0,0,Mason wall,,0,NA,,,,,,,NA,NA,NA,NA,NA,NA,NA,NA,NA,NA,NA,NA,NA,NA,0,
2919,4/23/15 7:55,"212 Elm St, Somerville, MA",-71.1214347,42.3942843,1,1,1,1,4,1,1,10,1,NA,,,,NA,NA,NA,NA,NA,NA,NA,NA,NA,NA,NA,NA,NA,NA,NA,0,0,1,0,0,Light pole,,0,NA,,,,,,,NA,NA,NA,NA,NA,NA,NA,NA,NA,NA,NA,NA,NA,NA,0,
2920,4/23/15 9:45,"71 Heath St, Somerville, MA",-71.0953004,42.3952145,1,1,1,1,1,3,NA,2,1,NA,2,97,,NA,NA,NA,NA,NA,NA,NA,NA,NA,NA,NA,NA,NA,NA,NA,0,0,0,NA,,,,0,NA,,,,,,,NA,NA,NA,NA,NA,NA,NA,NA,NA,NA,NA,NA,NA,NA,0,
2921,4/23/15 14:24,"Bow St and Union Sq, Somerville, MA",-71.0963792,42.3799354,2,1,1,4,4,2,NA,1,1,NA,1,5,5,NA,NA,NA,NA,NA,NA,NA,NA,NA,NA,NA,NA,NA,NA,NA,0,0,0,NA,,,,0,NA,,,,,,,NA,NA,NA,NA,NA,NA,NA,NA,NA,NA,NA,NA,NA,NA,0,
2922,4/23/15 19:10,"Washington St and Webster Ave, Somerville, MA",-71.0964021,42.3796323,1,1,3,2,2,2,NA,1,99,NA,1,1,,NA,NA,NA,NA,NA,NA,NA,NA,NA,NA,NA,NA,NA,NA,NA,0,0,0,NA,,,,1,NA,0,41,3,0,,,NA,NA,NA,NA,NA,NA,NA,NA,NA,NA,NA,NA,NA,NA,0,
2923,4/24/15 9:15,"Elm St and Grove St, Somerville, MA",-71.1214561,42.3947474,1,1,5,3,1,3,1,1,4,NA,97,,,NA,NA,NA,NA,NA,NA,NA,NA,NA,NA,NA,NA,NA,NA,NA,0,1,0,1,1,,2,1,NA,0,63,4,0,,,NA,NA,NA,NA,NA,NA,NA,NA,NA,NA,NA,NA,NA,NA,0,
2924,4/24/15 19:11,"Beacon St and Oxford St, Somerville, MA",-71.1161841,42.3860143,1,1,2,3,1,1,1,1,1,1,,,,NA,NA,NA,NA,NA,NA,NA,NA,NA,NA,NA,NA,NA,NA,NA,1,0,0,4,2,,7,0,NA,,,,,,,NA,NA,NA,NA,NA,NA,NA,NA,NA,NA,NA,NA,NA,NA,0,
2925,4/25/15 12:04,"48 Holyoke Rd, Somerville, MA",-71.1170601,42.3889031,1,1,1,1,1,2,NA,1,18,NA,1,1,,NA,NA,NA,NA,NA,NA,NA,NA,NA,NA,NA,NA,NA,NA,NA,0,0,0,NA,,,,0,NA,,,,,,,NA,NA,NA,NA,NA,NA,NA,NA,NA,NA,NA,NA,NA,NA,0,
2926,4/25/15 21:31,"Grove St and Highland Ave, Somerville, MA",-71.1204966,42.3957061,1,1,1,2,4,3,NA,1,4,NA,1,1,,1,1,NA,NA,NA,NA,NA,NA,NA,NA,NA,NA,NA,NA,NA,0,0,0,NA,,,,0,NA,,,,,,,NA,NA,NA,NA,NA,NA,NA,NA,NA,NA,NA,NA,NA,NA,0,
2927,4/26/15 13:00,"Grand Union Blvd and Foley St, Somerville, MA",-71.0805024,42.3930129,99,99,99,99,99,,NA,1,4,NA,2,1,,NA,NA,NA,NA,NA,NA,NA,NA,NA,NA,NA,NA,NA,NA,NA,0,0,0,NA,,,,0,NA,,,,,,,NA,NA,NA,NA,NA,NA,NA,NA,NA,NA,NA,NA,NA,NA,0,
2929,4/29/15 19:51,"8 Holyoke Rd, Somerville, MA",-71.1162568,42.3881136,1,1,1,1,4,,2,NA,1,NA,,,,NA,NA,NA,NA,NA,NA,NA,NA,NA,NA,NA,NA,NA,NA,NA,0,0,0,0,0,,,0,NA,,,,,,,NA,NA,NA,NA,NA,NA,NA,NA,NA,NA,NA,NA,NA,NA,1,SFD engine struck parked MV while responding to call
2930,4/30/15 13:15,"Meacham Rd and Dover St, Somerville, MA",-71.1232534,42.396412,1,1,1,3,4,3,NA,1,NA,NA,,8,3,NA,NA,NA,NA,NA,NA,NA,NA,NA,NA,NA,NA,NA,NA,NA,0,0,0,NA,,,,0,NA,,,,,,,NA,NA,NA,NA,NA,NA,NA,NA,NA,NA,NA,NA,NA,NA,0,
2931,4/30/15 15:00,"205 Washington St, Somerville, MA",-71.092058,42.3796869,1,1,1,1,1,2,NA,1,19,NA,1,1,,NA,NA,NA,NA,NA,NA,NA,NA,NA,NA,NA,NA,NA,NA,NA,0,0,0,NA,,,,1,NA,1,46,3,1,,,NA,NA,NA,NA,NA,NA,NA,NA,NA,NA,NA,NA,NA,NA,0,
2932,4/30/15 9:43,"Summer St and Harvard St, Somerville, MA",-71.1068014,42.3866244,1,1,2,3,2,1,1,2,1,1,,,,NA,NA,NA,NA,NA,NA,NA,NA,NA,NA,NA,NA,NA,NA,NA,1,0,0,2,1,,5,0,NA,,,,,,,NA,NA,NA,NA,NA,NA,NA,NA,NA,NA,NA,NA,NA,NA,0,
2933,5/1/15 8:57,"Burnham St and Broadway, Somerville, MA",-71.1217382,42.4013408,2,1,2,3,1,3,NA,2,99,NA,1,99,,NA,NA,NA,NA,NA,NA,NA,NA,NA,NA,NA,NA,NA,NA,NA,0,0,0,NA,,,,0,NA,,,,,,,NA,NA,NA,NA,NA,NA,NA,NA,NA,NA,NA,NA,NA,NA,0,
2934,5/1/15 14:08,"Rush St and Brook St, Somerville, MA",-71.0857792,42.3871456,99,99,99,99,99,,NA,2,4,NA,2,1,,NA,NA,NA,NA,NA,NA,NA,NA,NA,NA,NA,NA,NA,NA,NA,0,0,0,NA,,,,0,NA,,,,,,,NA,NA,NA,NA,NA,NA,NA,NA,NA,NA,NA,NA,NA,NA,0,
2935,5/1/15 15:37,"201 Highland Ave, Somerville, MA",-71.106717,42.3898588,1,1,1,1,1,3,NA,1,21,10,1,2,,NA,NA,NA,NA,NA,NA,NA,NA,NA,NA,NA,NA,NA,NA,NA,0,0,0,NA,,,,0,NA,,,,,,,NA,NA,NA,NA,NA,NA,NA,NA,NA,NA,NA,NA,NA,NA,0,
2936,5/2/15 9:05,"Somerville Ave and Prospect St, Somerville, MA",-71.0941078,42.3791063,1,1,3,2,4,4,NA,2,9,NA,1,1,,NA,NA,NA,NA,NA,NA,NA,NA,NA,NA,NA,NA,NA,NA,NA,0,0,0,NA,,,,0,NA,,,,,,,NA,NA,NA,NA,NA,NA,NA,NA,NA,NA,NA,NA,NA,NA,0,
2937,5/2/15 23:15,"Broadway and Walnut St, Somerville, MA",-71.0906239,42.3909797,1,1,3,3,2,5,NA,1,99,NA,2,99,,NA,NA,NA,NA,NA,NA,NA,NA,NA,NA,NA,NA,NA,NA,NA,0,0,0,NA,,,,0,NA,,,,,,,NA,NA,NA,NA,NA,NA,NA,NA,NA,NA,NA,NA,NA,NA,0,
2938,5/3/15 22:12,"Prospect St and Somerville Ave, Somerville, MA",-71.0941078,42.3791063,1,1,3,2,4,4,2,3,1,NA,1,9,,NA,NA,NA,NA,NA,NA,NA,NA,NA,NA,NA,NA,NA,NA,NA,0,0,1,1,1,Motorcycle,2b,0,NA,,,,,,,NA,NA,NA,NA,NA,NA,NA,NA,NA,NA,NA,NA,NA,NA,0,
2939,5/6/15 16:00,"165 Lowell St, Somerville, MA",-71.1080712,42.3896513,99,99,99,99,99,,NA,1,1,NA,,1,,NA,NA,NA,NA,NA,NA,NA,NA,NA,NA,NA,NA,NA,NA,NA,0,0,0,NA,,,,0,NA,,,,,,,NA,NA,NA,NA,NA,NA,NA,NA,NA,NA,NA,NA,NA,NA,0,