id,date_time,address,lon,lat,Weather,road_surface,traffic_control_device,intersection_type,traffic_way_desc,collision_manner,num_involved_vehicles,vehicle1_configuration,driver1_contrib1,driver1_contrib2,vehicle2_configuration,driver2_contrib1,driver2_contrib2,vehicle3_configuration,driver3_contrib1,driver3_contrib2,vehicle4_configuration,driver4_contrib1,driver4_contrib2,vehicle5_configuration,driver5_contrib1,driver5_contrib2,vehicle6_configuration,driver6_contrib1,driver6_contrib2,vehicle7_configuration,driver7_contrib1,driver7_contrib2,Bicycle,Pedestrian,non_mv,non_motorist_location,non_motorist_action,non_motorist_type,manner_of_non_motorist_collision,Injury,Multiple,Gender1,Age1,Severity1,Hospital1,Gender2,Age2,Severity2,Hospital2,Gender3,Age3,Severity3,Hospital3,Gender4,Age4,Severity4,Hospital4,Gender5,Age5,Severity5,Hospital5,city_vehicle,Notes
2940,5/6/15 22:26,"Broadway and Cross St, Somerville, MA",-71.0859942,42.3886405,1,1,3,2,2,3,2,2,3,4,,,,NA,NA,NA,NA,NA,NA,NA,NA,NA,NA,NA,NA,NA,NA,NA,0,0,1,2,1,Scooter,2,1,NA,1,32,3,1,,,NA,NA,NA,NA,NA,NA,NA,NA,NA,NA,NA,NA,NA,NA,0,
2941,5/6/15 23:46,"22 Puritan Rd, Somerville, MA",-71.0863157,42.3961809,2,1,1,1,1,3,NA,2,99,NA,1,1,,NA,NA,NA,NA,NA,NA,NA,NA,NA,NA,NA,NA,NA,NA,NA,0,0,0,NA,,,,0,NA,,,,,,,NA,NA,NA,NA,NA,NA,NA,NA,NA,NA,NA,NA,NA,NA,0,
2942,5/8/15 9:00,"Sanborn Ave and Warren Ave, Somerville, MA",-71.0957751,42.3810682,1,1,2,3,1,1,1,7,12,NA,,,,NA,NA,NA,NA,NA,NA,NA,NA,NA,NA,NA,NA,NA,NA,NA,0,0,1,0,0,Stop sign,,0,NA,,,,,,,NA,NA,NA,NA,NA,NA,NA,NA,NA,NA,NA,NA,NA,NA,0,
2943,5/11/15 16:39,"620 Broadway, Somerville, MA",-71.1095545,42.3990016,1,1,1,1,1,2,NA,1,5,NA,2,,,NA,NA,NA,NA,NA,NA,NA,NA,NA,NA,NA,NA,NA,NA,NA,0,0,0,NA,,,,1,NA,1,26,3,0,,,NA,NA,NA,NA,NA,NA,NA,NA,NA,NA,NA,NA,NA,NA,0,
2944,5/12/15 22:37,"262 School St, Somerville, MA",-71.095009,42.3927839,1,1,1,1,1,5,NA,1,1,NA,1,10,,NA,NA,NA,NA,NA,NA,NA,NA,NA,NA,NA,NA,NA,NA,NA,0,0,0,NA,,,,0,NA,,,,,,,NA,NA,NA,NA,NA,NA,NA,NA,NA,NA,NA,NA,NA,NA,0,
2945,5/13/15 8:41,"Broadway and Walnut St, Somerville, MA",-71.0906239,42.3909797,1,1,4,3,2,3,NA,1,1,NA,2,4,,NA,NA,NA,NA,NA,NA,NA,NA,NA,NA,NA,NA,NA,NA,NA,0,0,0,NA,,,,0,NA,,,,,,,NA,NA,NA,NA,NA,NA,NA,NA,NA,NA,NA,NA,NA,NA,0,
2946,5/13/15 8:00,"141 Highland Ave, Somerville, MA",-71.1022888,42.3883386,1,1,1,1,1,,1,1,1,NA,,,,NA,NA,NA,NA,NA,NA,NA,NA,NA,NA,NA,NA,NA,NA,NA,1,0,0,4,2,,3,1,NA,1,23,3,1,,,NA,NA,NA,NA,NA,NA,NA,NA,NA,NA,NA,NA,NA,NA,0,
2947,5/15/15 8:30,"Beacon St and Kent St, Somerville, MA",-71.110883,42.3819408,1,1,3,2,1,2,NA,1,1,NA,1,20,5,NA,NA,NA,NA,NA,NA,NA,NA,NA,NA,NA,NA,NA,NA,NA,0,0,0,NA,,,,1,NA,1,28,3,1,,,NA,NA,NA,NA,NA,NA,NA,NA,NA,NA,NA,NA,NA,NA,0,
2948,5/15/15 10:15,"Heath St and Bond St, Somerville, MA",-71.0959078,42.3953106,1,1,1,9,1,1,1,2,19,NA,1,1,,NA,NA,NA,NA,NA,NA,NA,NA,NA,NA,NA,NA,NA,NA,NA,0,0,1,0,0,Fence,,0,NA,,,,,,,NA,NA,NA,NA,NA,NA,NA,NA,NA,NA,NA,NA,NA,NA,0,
2949,5/15/15 17:07,"Broadway and Walker St, Somerville, MA",-71.1180463,42.400828,1,1,2,1,1,3,2,2,9,99,2,1,,NA,NA,NA,NA,NA,NA,NA,NA,NA,NA,NA,NA,NA,NA,NA,0,0,1,0,0,"Post, building (872 Broadway)",,1,2,0,65,3,1,0,51,3,0,NA,NA,NA,NA,NA,NA,NA,NA,NA,NA,NA,NA,0,
2950,5/15/15 18:45,"Temple St and Sydney St, Somerville, MA",-71.0905806,42.3953292,1,1,1,1,2,"3, 4",NA,2,1,NA,1,97,,NA,NA,NA,NA,NA,NA,NA,NA,NA,NA,NA,NA,NA,NA,NA,0,0,0,NA,,,,0,NA,,,,,,,NA,NA,NA,NA,NA,NA,NA,NA,NA,NA,NA,NA,NA,NA,0,
2951,5/15/15 7:52,"60 Jaques St, Somerville, MA",-71.0922834,42.394316,1,1,1,1,4,1,1,2,19,4,,,,NA,NA,NA,NA,NA,NA,NA,NA,NA,NA,NA,NA,NA,NA,NA,0,1,0,4,1,,4,1,NA,0,90,3,1,,,NA,NA,NA,NA,NA,NA,NA,NA,NA,NA,NA,NA,NA,NA,0,
2952,5/15/15 18:00,"12 Burnham St, Somerville, MA",-71.12168,42.401856,1,1,1,1,1,4,2,7,1,NA,1,,,NA,NA,NA,NA,NA,NA,NA,NA,NA,NA,NA,NA,NA,NA,NA,0,0,0,0,0,,,0,NA,,,,,,,NA,NA,NA,NA,NA,NA,NA,NA,NA,NA,NA,NA,NA,NA,1,SFD engine sideswiped parked car while avoiding opposite traffic on narrow street
2953,5/16/15 9:51,"365 Somerville Ave, Somerville, MA",-71.0991496,42.3812361,2,1,1,1,4,1,1,2,1,NA,,,,NA,NA,NA,NA,NA,NA,NA,NA,NA,NA,NA,NA,NA,NA,NA,1,0,0,10,2,,3,0,NA,,,,,,,NA,NA,NA,NA,NA,NA,NA,NA,NA,NA,NA,NA,NA,NA,0,
2954,5/16/15 14:45,"Columbus Ave and Washington St, Somerville, MA",-71.0930682,42.3795065,1,1,2,3,1,1,1,2,1,1,,3,3,NA,NA,NA,NA,NA,NA,NA,NA,NA,NA,NA,NA,NA,NA,NA,1,0,0,4,1,,5,1,NA,1,21,3,1,,,NA,NA,NA,NA,NA,NA,NA,NA,NA,NA,NA,NA,NA,NA,0,
2955,5/17/15 3:31,"32 Princeton St, Somerville, MA",-71.107202,42.3928668,1,1,1,1,1,6,NA,1,2,20,1,,,1,NA,NA,NA,NA,NA,NA,NA,NA,NA,NA,NA,NA,NA,NA,0,0,0,NA,,,,0,NA,,,,,,,NA,NA,NA,NA,NA,NA,NA,NA,NA,NA,NA,NA,NA,NA,0,
2956,5/18/15 0:39,"Magnus Ave and Washington St, Somerville, MA",-71.1034407,42.3789953,1,1,1,3,4,3,NA,2,1,NA,1,1,,NA,NA,NA,NA,NA,NA,NA,NA,NA,NA,NA,NA,NA,NA,NA,0,0,0,NA,,,,0,NA,,,,,,,NA,NA,NA,NA,NA,NA,NA,NA,NA,NA,NA,NA,NA,NA,0,
2957,5/19/15 15:58,"16 Franklin St, Somerville, MA",-71.0830924,42.3859188,1,1,1,9,4,3,NA,1,97,NA,1,,,NA,NA,NA,NA,NA,NA,NA,NA,NA,NA,NA,NA,NA,NA,NA,0,0,0,NA,,,,0,NA,,,,,,,NA,NA,NA,NA,NA,NA,NA,NA,NA,NA,NA,NA,NA,NA,0,
2958,5/19/15 17:22,"403 Highland Ave, Somerville, MA",-71.1208399,42.3961228,2,2,1,1,4,1,NA,2,19,4,,1,,NA,NA,NA,NA,NA,NA,NA,NA,NA,NA,NA,NA,NA,NA,NA,1,0,0,4,2,,3,1,NA,0,27,2,1,,,NA,NA,NA,NA,NA,NA,NA,NA,NA,NA,NA,NA,NA,NA,0,
2959,5/20/15 10:00,"Evergreen Ave and Thurston St, Somerville, MA",-71.0973593,42.39204,1,1,1,9,1,3,NA,2,99,NA,1,1,,NA,NA,NA,NA,NA,NA,NA,NA,NA,NA,NA,NA,NA,NA,NA,0,0,0,NA,,,,1,NA,1,unk,3,0,,,NA,NA,NA,NA,NA,NA,NA,NA,NA,NA,NA,NA,NA,NA,0,
2960,5/20/15 13:58,"Somerville Ave and Prospect St, Somerville, MA",-71.0941078,42.3791063,1,1,3,2,1,1,NA,1,1,1,8,3,3,NA,NA,NA,NA,NA,NA,NA,NA,NA,NA,NA,NA,NA,NA,NA,0,0,0,NA,,,,1,NA,1,63,4,1,,,NA,NA,NA,NA,NA,NA,NA,NA,NA,NA,NA,NA,NA,NA,0,
2961,5/20/15 14:55,"Broadway and Walnut St, Somerville, MA",-71.0906239,42.3909797,1,1,3,2,3,4,NA,1,1,NA,1,1,,1,99,NA,NA,NA,NA,NA,NA,NA,NA,NA,NA,NA,NA,NA,0,0,0,NA,,,,0,NA,,,,,,,NA,NA,NA,NA,NA,NA,NA,NA,NA,NA,NA,NA,NA,NA,0,
2962,5/20/15 23:22,"288 Cedar St, Somerville, MA",-71.1085527,42.3979786,1,1,1,1,1,4,NA,1,1,NA,1,99,,NA,NA,NA,NA,NA,NA,NA,NA,NA,NA,NA,NA,NA,NA,NA,0,0,0,NA,,,,0,NA,,,,,,,NA,NA,NA,NA,NA,NA,NA,NA,NA,NA,NA,NA,NA,NA,0,
2963,5/21/15 15:23,"Somerville and Craigie St, Somerville, MA",-71.1128913,42.3852149,1,1,2,3,1,3,NA,2,19,NA,1,18,,NA,NA,NA,NA,NA,NA,NA,NA,NA,NA,NA,NA,NA,NA,NA,0,0,0,NA,,,,0,NA,,,,,,,NA,NA,NA,NA,NA,NA,NA,NA,NA,NA,NA,NA,NA,NA,0,
2964,5/22/15 16:18,"Lowell St and Vernon St, Somerville, MA",-71.1056539,42.3935244,1,1,2,3,1,3,NA,1,1,NA,1,19,,NA,NA,NA,NA,NA,NA,NA,NA,NA,NA,NA,NA,NA,NA,NA,0,0,0,NA,,,,0,NA,,,,,,,NA,NA,NA,NA,NA,NA,NA,NA,NA,NA,NA,NA,NA,NA,0,
2965,5/22/15 18:00,"608 Somerville Ave , Somerville, MA",-71.1095749,42.3837807,1,1,1,1,1,3,NA,1,19,NA,6,,,NA,NA,NA,NA,NA,NA,NA,NA,NA,NA,NA,NA,NA,NA,NA,0,0,0,NA,,,,0,NA,,,,,,,NA,NA,NA,NA,NA,NA,NA,NA,NA,NA,NA,NA,NA,NA,0,
2966,5/22/15 17:03,"Central St and Summer St, Somerville, MA",-71.1050912,42.3860322,1,1,3,2,1,3,1,NA,4,NA,,1,,NA,NA,NA,NA,NA,NA,NA,NA,NA,NA,NA,NA,NA,NA,NA,1,0,0,2,1,,2,0,NA,,,,,,,NA,NA,NA,NA,NA,NA,NA,NA,NA,NA,NA,NA,NA,NA,0,
2967,5/23/15 1:53,"38 Dane St, Somerville, MA",-71.1042738,42.3806498,1,1,1,1,2,1,1,1,99,NA,,,,NA,NA,NA,NA,NA,NA,NA,NA,NA,NA,NA,NA,NA,NA,NA,0,0,1,0,0,Utility pole,,0,NA,,,,,,,NA,NA,NA,NA,NA,NA,NA,NA,NA,NA,NA,NA,NA,NA,0,
2968,5/23/15 17:46,"Blakeley Ave and Garfield Ave, Somerville, MA",-71.0855366,42.3901838,1,1,2,2,1,3,NA,1,9,NA,1,`,,NA,NA,NA,NA,NA,NA,NA,NA,NA,NA,NA,NA,NA,NA,NA,0,0,0,NA,,,,0,NA,,,,,,,NA,NA,NA,NA,NA,NA,NA,NA,NA,NA,NA,NA,NA,NA,0,
2969,5/25/15 19:45,"456 Broadway, Somerville, MA",-71.102205,42.3964605,1,1,1,1,1,4,NA,1,4,NA,1,1,,1,1,NA,NA,NA,NA,NA,NA,NA,NA,NA,NA,NA,NA,NA,0,0,0,NA,,,,0,NA,,,,,,,NA,NA,NA,NA,NA,NA,NA,NA,NA,NA,NA,NA,NA,NA,0,
2970,5/26/15 6:34,"Dane St and Dave Ave, Somerville, MA",-71.0994968,42.3875968,1,1,2,3,2,4,NA,1,1,NA,1,1,,NA,NA,NA,NA,NA,NA,NA,NA,NA,NA,NA,NA,NA,NA,NA,0,0,0,NA,,,,1,NA,0,19,4,1,,,NA,NA,NA,NA,NA,NA,NA,NA,NA,NA,NA,NA,NA,NA,0,
2971,5/27/15 18:11,"Broadway and Baystate Ave, Somerville, MA",-71.1143386,42.4006346,1,1,1,3,1,2,NA,2,5,19,2,1,,NA,NA,NA,NA,NA,NA,NA,NA,NA,NA,NA,NA,NA,NA,NA,0,0,0,NA,,,,1,2,1,39,3,1,1,57,3,NA,NA,NA,NA,NA,NA,NA,NA,NA,NA,NA,NA,NA,0,
2972,5/28/15 11:12,"Broadway and Temple St, Somerville, MA",-71.0934064,42.3925566,1,1,1,1,1,3,NA,1,4,NA,1,1,,NA,NA,NA,NA,NA,NA,NA,NA,NA,NA,NA,NA,NA,NA,NA,0,0,0,NA,,,,1,NA,1,53,3,1,,,NA,NA,NA,NA,NA,NA,NA,NA,NA,NA,NA,NA,NA,NA,0,
2973,5/30/15 1:40,"50 Middlesex Ave, Somerville, MA",-71.0833134,42.3922507,1,1,1,1,1,1,1,2,11,NA,,,,NA,NA,NA,NA,NA,NA,NA,NA,NA,NA,NA,NA,NA,NA,NA,0,0,1,0,0,Light pole,,1,NA,0,24,4,1,,,NA,NA,NA,NA,NA,NA,NA,NA,NA,NA,NA,NA,NA,NA,0,MV swerve to avoid anmial (not located on scene)
2974,5/30/15 10:30,"Medford St and School St, Somerville, MA",-71.0971615,42.3891241,1,1,1,2,4,4,NA,1,12,NA,2,,,NA,NA,NA,NA,NA,NA,NA,NA,NA,NA,NA,NA,NA,NA,NA,0,0,0,NA,,,,0,NA,,,,,,,NA,NA,NA,NA,NA,NA,NA,NA,NA,NA,NA,NA,NA,NA,0,
2975,5/30/15 12:15,"266 Broadway, Somerville, MA",-71.0911762,42.390861,1,1,3,1,3,2,NA,1,NA,NA,1,,,NA,NA,NA,NA,NA,NA,NA,NA,NA,NA,NA,NA,NA,NA,NA,0,0,0,NA,,,,0,NA,,,,,,,NA,NA,NA,NA,NA,NA,NA,NA,NA,NA,NA,NA,NA,NA,0,
2976,5/30/15 16:56,"Grand Union Blvd and Great River Rd, Somerville, MA",-71.0797952,42.3959349,2,1,1,7,2,2,NA,1,1,NA,2,99,,NA,NA,NA,NA,NA,NA,NA,NA,NA,NA,NA,NA,NA,NA,NA,0,0,0,NA,,,,1,2,1,29,4,0,1,50,4,0,NA,NA,NA,NA,NA,NA,NA,NA,NA,NA,NA,NA,0,
2977,5/30/15 18:49,"Broadway and Michigan St, Somerville, MA",-71.08417,42.3878167,1,1,1,4,2,4,NA,2,NA,NA,1,,,NA,NA,NA,NA,NA,NA,NA,NA,NA,NA,NA,NA,NA,NA,NA,0,0,0,NA,,,,0,NA,,,,,,,NA,NA,NA,NA,NA,NA,NA,NA,NA,NA,NA,NA,NA,NA,0,
2978,5/30/15 18:56,"Park St and Somerville Ave, Somerville, MA",-71.1063139,42.3831974,1,1,1,1,1,4,NA,1,19,NA,1,,,NA,NA,NA,NA,NA,NA,NA,NA,NA,NA,NA,NA,NA,NA,NA,0,0,0,NA,,,,1,NA,0,41,2,1,,,NA,NA,NA,NA,NA,NA,NA,NA,NA,NA,NA,NA,NA,NA,0,
2979,5/30/15 20:24,"Artisan Way and Grand Union Blvd, Somerville, MA",-71.0811238,42.3948591,1,1,1,3,1,1,1,1,NA,NA,,,,NA,NA,NA,NA,NA,NA,NA,NA,NA,NA,NA,NA,NA,NA,NA,0,1,0,1,1,,2,0,NA,,,,,,,NA,NA,NA,NA,NA,NA,NA,NA,NA,NA,NA,NA,NA,NA,0,
2980,6/1/15 9:11,"Summer St and Lowell St, Somerville, MA",-71.1096232,42.3877952,3,2,2,2,1,3,NA,1,99,NA,1,99,,NA,NA,NA,NA,NA,NA,NA,NA,NA,NA,NA,NA,NA,NA,NA,0,0,0,NA,,,,0,NA,,,,,,,NA,NA,NA,NA,NA,NA,NA,NA,NA,NA,NA,NA,NA,NA,0,
2981,6/1/15 12:20,"Walnut St and Broadway, Somerville, MA",-71.0906239,42.3909797,3,2,4,3,3,3,NA,1,4,NA,1,1,,NA,NA,NA,NA,NA,NA,NA,NA,NA,NA,NA,NA,NA,NA,NA,0,0,0,NA,,,,0,NA,,,,,,,NA,NA,NA,NA,NA,NA,NA,NA,NA,NA,NA,NA,NA,NA,0,
2982,6/1/15 13:40,"Highland Ave and Cherry St, Somerville, MA",-71.1140009,42.3929037,3,2,1,3,1,1,1,10,1,NA,,,,NA,NA,NA,NA,NA,NA,NA,NA,NA,NA,NA,NA,NA,NA,NA,0,0,1,0,0,Light pole,,0,NA,,,,,,,NA,NA,NA,NA,NA,NA,NA,NA,NA,NA,NA,NA,NA,NA,0,
2983,6/1/15 15:03,"55 Broadway, Somerville, MA",-71.080027,42.3868158,3,2,1,1,2,2,NA,1,1,NA,2,1,,NA,NA,NA,NA,NA,NA,NA,NA,NA,NA,NA,NA,NA,NA,NA,0,0,0,NA,,,,0,NA,,,,,,,NA,NA,NA,NA,NA,NA,NA,NA,NA,NA,NA,NA,NA,NA,0,
2984,6/1/15 16:50,"Albion St and Lowell St, Somerville, MA",-71.1071395,42.3913877,2,2,2,2,1,3,NA,2,4,NA,1,1,,NA,NA,NA,NA,NA,NA,NA,NA,NA,NA,NA,NA,NA,NA,NA,0,0,0,NA,,,,0,NA,,,,,,,NA,NA,NA,NA,NA,NA,NA,NA,NA,NA,NA,NA,NA,NA,0,
2985,6/1/15 5:55,"780 Broadway, Somerville, MA",-71.1151919,42.4009041,3,2,1,1,1,4,2,13,1,NA,1,,,NA,NA,NA,NA,NA,NA,NA,NA,NA,NA,NA,NA,NA,NA,NA,0,0,0,0,0,,,0,NA,,,,,,,NA,NA,NA,NA,NA,NA,NA,NA,NA,NA,NA,NA,NA,NA,1,SFD engine sideswiped parked MV
2986,6/2/15 1:43,"Somerville Ave and Stone St, Somerville, MA",-71.095295,42.380454,3,2,1,4,4,1,1,1,14,NA,,,,NA,NA,NA,NA,NA,NA,NA,NA,NA,NA,NA,NA,NA,NA,NA,0,0,1,0,0,"Cement block, bike rack",,1,NA,1,58,4,1,,,NA,NA,NA,NA,NA,NA,NA,NA,NA,NA,NA,NA,NA,NA,0,
2987,6/2/15 9:10,"37 Union Square, Somerville, MA",-71.0969606,42.3801755,3,2,1,1,4,4,NA,1,9,4,7,1,,NA,NA,NA,NA,NA,NA,NA,NA,NA,NA,NA,NA,NA,NA,NA,0,0,0,NA,,,,0,NA,,,,,,,NA,NA,NA,NA,NA,NA,NA,NA,NA,NA,NA,NA,NA,NA,0,
2988,6/2/15 17:00,"Broadway and Marshall St, Somerville, MA",-71.0929412,42.3924648,1,1,3,3,2,3,NA,1,9,6,2,1,1,NA,NA,NA,NA,NA,NA,NA,NA,NA,NA,NA,NA,NA,NA,NA,0,0,0,NA,,,,0,NA,,,,,,,NA,NA,NA,NA,NA,NA,NA,NA,NA,NA,NA,NA,NA,NA,0,
2989,6/2/15 8:04,"Broadway and Charles E. Ryan Rd, Somerville, MA",-71.1056987,42.3977741,3,2,1,3,1,3,1,1,1,NA,,,,NA,NA,NA,NA,NA,NA,NA,NA,NA,NA,NA,NA,NA,NA,NA,1,0,0,1,1,,5,1,NA,0,unk,3,1,,,NA,NA,NA,NA,NA,NA,NA,NA,NA,NA,NA,NA,NA,NA,0,
2990,6/2/15 8:40,"256 Elm St, Somerville, MA",-71.1222838,42.395533,3,2,1,1,4,2,1,2,1,NA,,5,,NA,NA,NA,NA,NA,NA,NA,NA,NA,NA,NA,NA,NA,NA,NA,1,0,0,4,2,,4a,1,NA,0,30,3,1,,,NA,NA,NA,NA,NA,NA,NA,NA,NA,NA,NA,NA,NA,NA,0,
2991,6/4/15 11:00,"220 Broadway, Somerville, MA",-71.0887821,42.3896514,1,1,1,1,4,4,NA,1,4,NA,13,1,,NA,NA,NA,NA,NA,NA,NA,NA,NA,NA,NA,NA,NA,NA,NA,0,0,0,NA,,,,0,NA,,,,,,,NA,NA,NA,NA,NA,NA,NA,NA,NA,NA,NA,NA,NA,NA,0,
2992,6/4/15 14:22,"502B Medford St, Somerville, MA",-71.1035865,42.3959634,1,1,1,1,2,1,1,10,99,NA,,,,NA,NA,NA,NA,NA,NA,NA,NA,NA,NA,NA,NA,NA,NA,NA,0,0,1,0,0,Light pole,,0,NA,,,,,,,NA,NA,NA,NA,NA,NA,NA,NA,NA,NA,NA,NA,NA,NA,0,
2993,6/5/15 8:32,"College Ave and Kidder Ave, Somerville, MA",-71.1189036,42.3994436,1,1,2,2,1,6,NA,1,1,NA,1,4,,NA,NA,NA,NA,NA,NA,NA,NA,NA,NA,NA,NA,NA,NA,NA,0,0,0,NA,,,,0,NA,,,,,,,NA,NA,NA,NA,NA,NA,NA,NA,NA,NA,NA,NA,NA,NA,0,
2994,6/6/15 22:26,"87 Temple St, Somerville, MA",-71.091045,42.395059,1,1,1,1,1,2,NA,1,97,NA,2,1,,2,99,NA,NA,NA,NA,NA,NA,NA,NA,NA,NA,NA,NA,NA,0,0,0,NA,,,,0,NA,,,,,,,NA,NA,NA,NA,NA,NA,NA,NA,NA,NA,NA,NA,NA,NA,0,
2995,6/7/15 6:54,"101 School St, Somerville, MA",-71.099082,42.385824,1,1,1,1,4,99,NA,2,1,NA,2,1,,NA,NA,NA,NA,NA,NA,NA,NA,NA,NA,NA,NA,NA,NA,NA,0,0,0,NA,,,,0,NA,,,,,,,NA,NA,NA,NA,NA,NA,NA,NA,NA,NA,NA,NA,NA,NA,0,
2996,6/7/15 22:13,"124 Cedar St, Somerville, MA",-71.112069,42.3930154,1,1,1,1,1,1,1,1,23,NA,,,,NA,NA,NA,NA,NA,NA,NA,NA,NA,NA,NA,NA,NA,NA,NA,0,0,1,0,0,Light pole,,0,NA,,,,,,,NA,NA,NA,NA,NA,NA,NA,NA,NA,NA,NA,NA,NA,NA,0,
2997,6/8/15 14:55,"428 Broadway, Somerville, MA",-71.100281,42.395725,1,1,1,1,1,1,1,2,9,3,,,,NA,NA,NA,NA,NA,NA,NA,NA,NA,NA,NA,NA,NA,NA,NA,0,0,1,0,0,"2 MBTA signs, metal bench, metal trash can",,0,NA,,,,,,,NA,NA,NA,NA,NA,NA,NA,NA,NA,NA,NA,NA,NA,NA,0,
2998,6/9/15 2:20,"270 Washington St, Somerville, MA",-71.0979821,42.3792437,2,1,1,1,1,2,NA,97,1,NA,1,1,,NA,NA,NA,NA,NA,NA,NA,NA,NA,NA,NA,NA,NA,NA,NA,0,0,0,NA,,,,1,NA,1,37,3,1,,,NA,NA,NA,NA,NA,NA,NA,NA,NA,NA,NA,NA,NA,NA,0,
2999,6/9/15 12:17,"McGrath Hwy and Medford St, Somerville, MA",-71.0902338,42.3820569,2,1,3,3,3,4,2,NA,1,NA,,1,,NA,NA,NA,NA,NA,NA,NA,NA,NA,NA,NA,NA,NA,NA,NA,0,0,0,0,0,,,0,NA,,,,,,,NA,NA,NA,NA,NA,NA,NA,NA,NA,NA,NA,NA,NA,NA,1,SFD engine sideswiped in-motion MV while making wide turn
3000,6/10/15 4:55,"10C Memorial Rd, Somerville, MA",-71.0916274,42.3955728,1,1,1,1,1,4,NA,1,2,10,1,,,1,NA,NA,NA,NA,NA,NA,NA,NA,NA,NA,NA,NA,NA,NA,0,0,1,NA,,Fence,,1,2,0,24,3,1,0,23,3,1,NA,NA,NA,NA,NA,NA,NA,NA,NA,NA,NA,NA,0,
3001,6/11/15 16:22,"Washington St and Inner Belt Rd, Somerville, MA",-71.0815211,42.3820437,1,1,3,3,1,2,NA,2,5,19,1,5,,2,1,NA,NA,NA,NA,NA,NA,NA,NA,NA,NA,NA,NA,NA,0,0,0,NA,,,,1,NA,1,44,4,1,,,NA,NA,NA,NA,NA,NA,NA,NA,NA,NA,NA,NA,NA,NA,0,
3002,6/11/15 8:44,"Washington St and Tufts St, Somerville, MA",-71.0875544,42.3809863,2,1,1,3,1,1,1,1,4,NA,,,,NA,NA,NA,NA,NA,NA,NA,NA,NA,NA,NA,NA,NA,NA,NA,1,0,0,2,1,,2,1,NA,0,34,4,0,,,NA,NA,NA,NA,NA,NA,NA,NA,NA,NA,NA,NA,NA,NA,0,
3003,6/11/15 20:17,"Broadway and Mt. Vernon St, Somerville, MA",-71.0788702,42.3862206,2,1,3,3,4,3,1,2,1,NA,97,3,4,NA,NA,NA,NA,NA,NA,NA,NA,NA,NA,NA,NA,NA,NA,NA,1,0,0,10,1,,5,1,NA,1,21,3,1,,,NA,NA,NA,NA,NA,NA,NA,NA,NA,NA,NA,NA,NA,NA,1,SPD cruiser struck bike traveling against light at intersection
3004,6/12/15 13:55,"238 Somerville Ave, Somerville, MA",-71.0924468,42.3783048,1,1,3,1,2,1,1,1,14,NA,,,,NA,NA,NA,NA,NA,NA,NA,NA,NA,NA,NA,NA,NA,NA,NA,0,0,1,0,0,Tree,,1,NA,1,71,3,0,,,NA,NA,NA,NA,NA,NA,NA,NA,NA,NA,NA,NA,NA,NA,0,
3005,6/13/15 2:26,"Powder House Blvd and Curtis St, Somerville, MA",-71.1258479,42.4054336,3,1,3,2,2,1,NA,1,4,4,1,1,1,NA,NA,NA,NA,NA,NA,NA,NA,NA,NA,NA,NA,NA,NA,NA,0,0,0,NA,,,,0,NA,,,,,,,NA,NA,NA,NA,NA,NA,NA,NA,NA,NA,NA,NA,NA,NA,0,
3006,6/13/15 19:12,"Broadway and Walnut St, Somerville, MA",-71.0906239,42.3909797,1,1,1,3,2,2,NA,2,5,19,1,1,,NA,NA,NA,NA,NA,NA,NA,NA,NA,NA,NA,NA,NA,NA,NA,0,0,0,NA,,,,0,NA,,,,,,,NA,NA,NA,NA,NA,NA,NA,NA,NA,NA,NA,NA,NA,NA,0,
3007,6/14/15 1:50,"132 Cedar St, Somerville, MA",-71.1118881,42.3932758,1,1,1,99,99,1,NA,NA,NA,NA,,,,NA,NA,NA,NA,NA,NA,NA,NA,NA,NA,NA,NA,NA,NA,NA,0,0,0,NA,,,,0,NA,,,,,,,NA,NA,NA,NA,NA,NA,NA,NA,NA,NA,NA,NA,NA,NA,0,Stolen MV
3008,6/14/15 11:06,"Medford St and School St, Somerville, MA",-71.0971615,42.3891241,1,1,3,2,1,3,NA,1,1,NA,1,1,,1,NA,NA,NA,NA,NA,NA,NA,NA,NA,NA,NA,NA,NA,NA,0,0,0,NA,,,,1,NA,0,29,3,1,,,NA,NA,NA,NA,NA,NA,NA,NA,NA,NA,NA,NA,NA,NA,0,
3009,6/14/15 12:15,"Medford St and Partridge Ave , Somerville, MA",-71.1027047,42.3951947,1,1,2,2,2,3,NA,1,NA,NA,2,,,NA,NA,NA,NA,NA,NA,NA,NA,NA,NA,NA,NA,NA,NA,NA,0,0,0,NA,,,,0,NA,,,,,,,NA,NA,NA,NA,NA,NA,NA,NA,NA,NA,NA,NA,NA,NA,0,