id,date_time,address,lon,lat,Weather,road_surface,traffic_control_device,intersection_type,traffic_way_desc,collision_manner,num_involved_vehicles,vehicle1_configuration,driver1_contrib1,driver1_contrib2,vehicle2_configuration,driver2_contrib1,driver2_contrib2,vehicle3_configuration,driver3_contrib1,driver3_contrib2,vehicle4_configuration,driver4_contrib1,driver4_contrib2,vehicle5_configuration,driver5_contrib1,driver5_contrib2,vehicle6_configuration,driver6_contrib1,driver6_contrib2,vehicle7_configuration,driver7_contrib1,driver7_contrib2,Bicycle,Pedestrian,non_mv,non_motorist_location,non_motorist_action,non_motorist_type,manner_of_non_motorist_collision,Injury,Multiple,Gender1,Age1,Severity1,Hospital1,Gender2,Age2,Severity2,Hospital2,Gender3,Age3,Severity3,Hospital3,Gender4,Age4,Severity4,Hospital4,Gender5,Age5,Severity5,Hospital5,city_vehicle,Notes
3010,6/15/15 7:26,"Heath St and Temple St, Somerville, MA",-71.0925535,42.3936272,3,2,2,2,1,3,NA,1,4,NA,1,1,,NA,NA,NA,NA,NA,NA,NA,NA,NA,NA,NA,NA,NA,NA,NA,0,0,0,NA,,,,0,NA,,,,,,,NA,NA,NA,NA,NA,NA,NA,NA,NA,NA,NA,NA,NA,NA,0,
3011,6/15/15 10:35,"75 Myrtle St, Somerville, MA",-71.0828061,42.3846193,3,2,1,1,1,3,NA,1,99,NA,,1,,NA,NA,NA,NA,NA,NA,NA,NA,NA,NA,NA,NA,NA,NA,NA,0,0,0,NA,,,,0,NA,,,,,,,NA,NA,NA,NA,NA,NA,NA,NA,NA,NA,NA,NA,NA,NA,0,
3012,6/16/15 8:35,"College Ave and Talbot Ave, Somerville, MA",-71.1173307,42.4048682,3,2,1,3,2,2,NA,1,1,NA,1,97,,NA,NA,NA,NA,NA,NA,NA,NA,NA,NA,NA,NA,NA,NA,NA,0,0,0,NA,,,,1,2,0,47,4,0,1,38,4,0,NA,NA,NA,NA,NA,NA,NA,NA,NA,NA,NA,NA,0,
3013,6/16/15 16:43,"Willow Ave and Highland Ave, Somerville, MA",-71.1168102,42.3941136,2,1,3,2,1,2,NA,1,19,NA,1,1,,NA,NA,NA,NA,NA,NA,NA,NA,NA,NA,NA,NA,NA,NA,NA,0,0,0,NA,,,,0,NA,,,,,,,NA,NA,NA,NA,NA,NA,NA,NA,NA,NA,NA,NA,NA,NA,0,
3014,6/16/15 18:47,"Broadway and Willow Ave, Somerville, MA",-71.1127004,42.4001,2,1,3,2,1,3,NA,2,1,NA,1,4,,NA,NA,NA,NA,NA,NA,NA,NA,NA,NA,NA,NA,NA,NA,NA,0,0,0,NA,,,,0,NA,,,,,,,NA,NA,NA,NA,NA,NA,NA,NA,NA,NA,NA,NA,NA,NA,0,
3015,6/17/15 8:30,"Washington St and Myrtle St, Somerville, MA",-71.083928,42.3816588,1,1,1,3,1,3,1,15,99,NA,1,99,,NA,NA,NA,NA,NA,NA,NA,NA,NA,NA,NA,NA,NA,NA,NA,0,0,1,2,1,Moped,2,1,NA,1,52,3,1,,,NA,NA,NA,NA,NA,NA,NA,NA,NA,NA,NA,NA,NA,NA,0,
3016,6/18/15 10:06,"570 Somerville Ave, Somerville, MA",-71.1084771,42.3829153,1,1,1,1,1,2,NA,1,97,NA,1,1,,2,1,NA,NA,NA,NA,NA,NA,NA,NA,NA,NA,NA,NA,NA,0,0,0,NA,,,,1,NA,0,60,4,1,,,NA,NA,NA,NA,NA,NA,NA,NA,NA,NA,NA,NA,NA,NA,0,
3017,6/18/15 8:36,"36 College Ave, Somerville, MA",-71.121646,42.3977375,1,1,4,1,1,4,1,1,1,NA,,1,,NA,NA,NA,NA,NA,NA,NA,NA,NA,NA,NA,NA,NA,NA,NA,1,0,0,4,2,,3,1,NA,0,32,unk,1,,,NA,NA,NA,NA,NA,NA,NA,NA,NA,NA,NA,NA,NA,NA,1,On Duty SPD opened driver's side door; bike struck open door
3018,6/19/15 17:24,"261 Highland Ave, Somerville, MA",-71.1106685,42.3915875,1,1,1,1,1,4,NA,1,97,NA,2,1,,NA,NA,NA,NA,NA,NA,NA,NA,NA,NA,NA,NA,NA,NA,NA,0,0,0,NA,,,,0,NA,,,,,,,NA,NA,NA,NA,NA,NA,NA,NA,NA,NA,NA,NA,NA,NA,0,
3019,6/20/15 2:15,"66 Central St, Somerville, MA",-71.1042724,42.387538,1,1,1,1,1,5,NA,2,10,NA,2,1,,1,1,NA,NA,NA,NA,NA,NA,NA,NA,NA,NA,NA,NA,NA,0,0,0,NA,,,,0,NA,,,,,,,NA,NA,NA,NA,NA,NA,NA,NA,NA,NA,NA,NA,NA,NA,0,
3020,6/20/15 2:35,"51 Bow St, Somerville, MA",-71.098667,42.381801,1,1,99,1,4,2,NA,1,1,NA,1,1,,NA,NA,NA,NA,NA,NA,NA,NA,NA,NA,NA,NA,NA,NA,NA,0,0,0,NA,,,,0,NA,,,,,,,NA,NA,NA,NA,NA,NA,NA,NA,NA,NA,NA,NA,NA,NA,0,Hit & run
3021,6/20/15 9:29,"374 Mystic Ave, Somerville, MA",-71.0875216,42.3941696,1,1,1,1,1,99,NA,1,1,NA,99,99,,NA,NA,NA,NA,NA,NA,NA,NA,NA,NA,NA,NA,NA,NA,NA,0,0,0,NA,,,,0,NA,,,,,,,NA,NA,NA,NA,NA,NA,NA,NA,NA,NA,NA,NA,NA,NA,0,Possible hit & run
3022,6/20/15 12:49,"373 Broadway, Somerville, MA",-71.0963592,42.3944539,1,1,99,99,99,2,NA,2,1,1,2,1,,NA,NA,NA,NA,NA,NA,NA,NA,NA,NA,NA,NA,NA,NA,NA,0,0,0,NA,,,,1,NA,1,49,3,0,,,NA,NA,NA,NA,NA,NA,NA,NA,NA,NA,NA,NA,NA,NA,0,
3023,6/20/15 13:35,"151 Linwood St, Somerville, MA",-71.0884809,42.3794582,1,1,1,9,1,4,NA,8,1,NA,1,,,NA,NA,NA,NA,NA,NA,NA,NA,NA,NA,NA,NA,NA,NA,NA,0,0,0,NA,,,,0,NA,,,,,,,NA,NA,NA,NA,NA,NA,NA,NA,NA,NA,NA,NA,NA,NA,0,
3024,6/20/15 15:55,"Highland Ave and Walnut St, Somerville, MA",-71.0941672,42.3851419,1,1,3,2,2,1,1,1,4,NA,,,,NA,NA,NA,NA,NA,NA,NA,NA,NA,NA,NA,NA,NA,NA,NA,0,1,0,1,1,,2,1,NA,0,79,4,1,,,NA,NA,NA,NA,NA,NA,NA,NA,NA,NA,NA,NA,NA,NA,0,
3025,6/21/15 0:01,"366 Somerville Ave, Somerville, MA",-71.099419,42.380767,3,2,1,1,4,4,NA,2,9,11,1,1,,NA,NA,NA,NA,NA,NA,NA,NA,NA,NA,NA,NA,NA,NA,NA,0,0,0,NA,,,,1,NA,0,35,4,0,,,NA,NA,NA,NA,NA,NA,NA,NA,NA,NA,NA,NA,NA,NA,0,
3026,6/21/15 0:01,"Beacon St and Washington St, Somerville, MA",-71.106382,42.3782892,3,2,3,2,1,3,NA,1,1,NA,1,1,,NA,NA,NA,NA,NA,NA,NA,NA,NA,NA,NA,NA,NA,NA,NA,0,0,0,NA,,,,0,NA,,,,,,,NA,NA,NA,NA,NA,NA,NA,NA,NA,NA,NA,NA,NA,NA,0,
3027,6/21/15 1:01,"101 Highland Ave, Somerville, MA",-71.0992014,42.3873338,3,2,1,1,1,99,NA,1,7,NA,1,1,,1,1,NA,NA,NA,NA,NA,NA,NA,NA,NA,NA,NA,NA,NA,0,0,0,NA,,,,0,NA,,,,,,,NA,NA,NA,NA,NA,NA,NA,NA,NA,NA,NA,NA,NA,NA,0,
3028,6/21/15 10:15,"Webster Ave and Newton St, Somerville, MA",-71.095842,42.3778737,3,2,1,3,1,2,NA,1,1,1,1,5,5,NA,NA,NA,NA,NA,NA,NA,NA,NA,NA,NA,NA,NA,NA,NA,0,0,0,NA,,,,1,2,0,36,4,1,1,81,4,1,NA,NA,NA,NA,NA,NA,NA,NA,NA,NA,NA,NA,0,
3029,6/22/15 8:17,"Rossmore St and Washington St, Somerville, MA",-71.0914197,42.3796198,1,1,1,3,1,2,NA,1,1,NA,2,99,,1,1,NA,NA,NA,NA,NA,NA,NA,NA,NA,NA,NA,NA,NA,0,0,0,NA,,,,0,NA,,,,,,,NA,NA,NA,NA,NA,NA,NA,NA,NA,NA,NA,NA,NA,NA,0,
3030,6/22/15 10:16,"43 Third Ave, Somerville, MA",-71.0781476,42.3777315,1,1,1,1,2,4,NA,8,99,NA,1,99,,NA,NA,NA,NA,NA,NA,NA,NA,NA,NA,NA,NA,NA,NA,NA,0,0,0,NA,,,,0,NA,,,,,,,NA,NA,NA,NA,NA,NA,NA,NA,NA,NA,NA,NA,NA,NA,0,
3031,6/23/15 10:19,"745 Somerville Ave, Somerville, MA",-71.1153637,42.386719,2,1,1,1,2,1,NA,13,NA,NA,1,,,NA,NA,NA,NA,NA,NA,NA,NA,NA,NA,NA,NA,NA,NA,NA,0,0,0,NA,,,,0,NA,,,,,,,NA,NA,NA,NA,NA,NA,NA,NA,NA,NA,NA,NA,NA,NA,0,
3032,6/23/15 16:16,"301 Medford St, Somerville, MA",-71.0938299,42.3861026,1,1,1,1,4,4,NA,1,99,NA,1,99,,NA,NA,NA,NA,NA,NA,NA,NA,NA,NA,NA,NA,NA,NA,NA,0,0,0,NA,,,,0,NA,,,,,,,NA,NA,NA,NA,NA,NA,NA,NA,NA,NA,NA,NA,NA,NA,0,
3033,6/23/15 8:51,"Elm St, Somerville, MA",-71.118544,42.3911155,2,1,1,1,1,3,1,6,1,NA,,1,,NA,NA,NA,NA,NA,NA,NA,NA,NA,NA,NA,NA,NA,NA,NA,1,0,0,4,2,,5,0,NA,,,,,,,NA,NA,NA,NA,NA,NA,NA,NA,NA,NA,NA,NA,NA,NA,0,
3034,6/24/15 18:03,"499 Foley St, Somerville, MA",-71.0803484,42.3930349,1,1,1,1,1,3,1,1,99,NA,99,99,,NA,NA,NA,NA,NA,NA,NA,NA,NA,NA,NA,NA,NA,NA,NA,1,0,0,4,7,,4,1,NA,1,15,3,1,,,NA,NA,NA,NA,NA,NA,NA,NA,NA,NA,NA,NA,NA,NA,0,
3035,6/24/15 9:45,"Concord Ave and Beacon St, Somerville, MA",-71.1025083,42.375107,2,1,1,3,99,1,2,1,1,NA,97,1,,NA,NA,NA,NA,NA,NA,NA,NA,NA,NA,NA,NA,NA,NA,NA,0,0,0,0,0,,,0,NA,,,,,,,NA,NA,NA,NA,NA,NA,NA,NA,NA,NA,NA,NA,NA,NA,1,SFD engine making turn sideswiped MV pulled over due to 3rd MV parked too far into street
3036,6/25/15 9:06,"Revolution Dr and Great River Rd, Somerville, MA",-71.0774972,42.3922315,1,1,1,1,1,5,2,8,1,NA,1,,,NA,NA,NA,NA,NA,NA,NA,NA,NA,NA,NA,NA,NA,NA,NA,0,0,1,0,0,2 metal columns,,0,NA,,,,,,,NA,NA,NA,NA,NA,NA,NA,NA,NA,NA,NA,NA,NA,NA,0,
3037,6/25/15 9:15,"Broadway and Kenneson Rd, Somerville, MA",-71.0913232,42.3912464,1,1,1,3,2,2,NA,1,1,NA,1,97,6,NA,NA,NA,NA,NA,NA,NA,NA,NA,NA,NA,NA,NA,NA,NA,0,0,0,NA,,,,0,NA,,,,,,,NA,NA,NA,NA,NA,NA,NA,NA,NA,NA,NA,NA,NA,NA,0,
3038,6/26/15 17:47,"17 Beacon St, Somerville, MA",-71.1019962,42.3749593,1,1,1,1,1,1,NA,2,5,19,1,1,,1,1,NA,NA,NA,NA,NA,NA,NA,NA,NA,NA,NA,NA,NA,0,0,0,NA,,,,1,NA,1,21,3,1,,,NA,NA,NA,NA,NA,NA,NA,NA,NA,NA,NA,NA,NA,NA,0,
3039,6/27/15 1:27,"304 Highland Ave, Somerville, MA",-71.1137393,42.3926369,1,1,1,1,1,3,NA,2,20,NA,2,,,2,NA,NA,NA,NA,NA,NA,NA,NA,NA,NA,NA,NA,NA,NA,0,0,0,NA,,,,1,NA,1,unk,4,1,,,NA,NA,NA,NA,NA,NA,NA,NA,NA,NA,NA,NA,NA,NA,0,
3040,6/27/15 5:40,"Pearl St and Cross St, Somerville, MA",-71.0878325,42.3857024,"1, 97",1,3,2,1,4,NA,NA,1,NA,1,12,15,NA,NA,NA,NA,NA,NA,NA,NA,NA,NA,NA,NA,NA,NA,NA,0,0,0,NA,,,,1,3,0,20,4,0,0,28,4,0,0,20,4,0,NA,NA,NA,NA,NA,NA,NA,NA,0,
3041,6/27/15 15:16,"59 Grant St, Somerville, MA",-71.0893416,42.3931604,1,1,1,1,4,4,NA,1,1,NA,1,1,,NA,NA,NA,NA,NA,NA,NA,NA,NA,NA,NA,NA,NA,NA,NA,0,0,0,NA,,,,0,NA,,,,,,,NA,NA,NA,NA,NA,NA,NA,NA,NA,NA,NA,NA,NA,NA,0,
3042,6/27/15 22:23,"Broadway and Main St, Somerville, MA",-71.0975984,42.3947314,3,2,3,3,3,3,NA,1,99,NA,1,99,,NA,NA,NA,NA,NA,NA,NA,NA,NA,NA,NA,NA,NA,NA,NA,0,0,0,NA,,,,0,NA,,,,,,,NA,NA,NA,NA,NA,NA,NA,NA,NA,NA,NA,NA,NA,NA,0,
3043,6/29/15 7:15,"701 Somerville Ave, Somerville, MA",-71.1137766,42.3857876,99,99,99,99,99,2,2,2,4,NA,,1,,NA,NA,NA,NA,NA,NA,NA,NA,NA,NA,NA,NA,NA,NA,NA,0,0,1,10,2,Moped,1,1,NA,1,29,4,1,,,NA,NA,NA,NA,NA,NA,NA,NA,NA,NA,NA,NA,NA,NA,0,
3044,6/30/15 20:23,"Temple Rd and Putnam Rd, Somerville, MA",-71.0866764,42.3973285,2,1,2,2,4,1,1,2,7,10,,,,NA,NA,NA,NA,NA,NA,NA,NA,NA,NA,NA,NA,NA,NA,NA,0,0,1,0,0,Residence,,0,NA,,,,,,,NA,NA,NA,NA,NA,NA,NA,NA,NA,NA,NA,NA,NA,NA,0,
3045,7/1/15 8:45,"Glenwood Rd and Medford St, Somerville, MA",-71.1023059,42.3946886,3,2,2,3,1,3,NA,2,1,NA,2,4,,NA,NA,NA,NA,NA,NA,NA,NA,NA,NA,NA,NA,NA,NA,NA,0,0,0,NA,,,,0,NA,,,,,,,NA,NA,NA,NA,NA,NA,NA,NA,NA,NA,NA,NA,NA,NA,0,
3046,7/1/15 14:23,"Central St and Vernon St, Somerville, MA",-71.1015146,42.3911489,1,1,2,3,1,3,NA,1,99,NA,1,1,,NA,NA,NA,NA,NA,NA,NA,NA,NA,NA,NA,NA,NA,NA,NA,0,0,0,NA,,,,0,NA,,,,,,,NA,NA,NA,NA,NA,NA,NA,NA,NA,NA,NA,NA,NA,NA,0,
3047,7/2/15 18:15,"Jaques St and Bond St, Somerville, MA",-71.0952346,42.3959781,1,1,1,3,4,2,NA,2,1,NA,2,10,,NA,NA,NA,NA,NA,NA,NA,NA,NA,NA,NA,NA,NA,NA,NA,0,0,0,NA,,,,0,NA,,,,,,,NA,NA,NA,NA,NA,NA,NA,NA,NA,NA,NA,NA,NA,NA,0,
3048,7/3/15 2:50,"55 School St, Somerville, MA",-71.1004171,42.3839892,1,1,99,1,4,5,NA,1,1,NA,1,8,,NA,NA,NA,NA,NA,NA,NA,NA,NA,NA,NA,NA,NA,NA,NA,0,0,0,NA,,,,0,NA,,,,,,,NA,NA,NA,NA,NA,NA,NA,NA,NA,NA,NA,NA,NA,NA,0,
3049,7/4/15 1:47,"58 Myrtle St, Somerville, MA",-71.084086,42.3838203,1,1,1,1,4,1,1,NA,99,NA,,,,NA,NA,NA,NA,NA,NA,NA,NA,NA,NA,NA,NA,NA,NA,NA,0,0,1,0,0,Utility pole,,0,NA,,,,,,,NA,NA,NA,NA,NA,NA,NA,NA,NA,NA,NA,NA,NA,NA,0,
3050,7/5/15 12:33,"393 Beacon St, Somerville, MA",-71.1161908,42.3868142,1,1,1,1,2,4,NA,NA,21,NA,,,,NA,NA,NA,NA,NA,NA,NA,NA,NA,NA,NA,NA,NA,NA,NA,0,0,0,NA,,,,0,NA,,,,,,,NA,NA,NA,NA,NA,NA,NA,NA,NA,NA,NA,NA,NA,NA,0,
3051,7/5/15 17:03,"Highland Ave and School St, Somerville, MA",-71.0987169,42.3868313,1,1,3,3,1,3,NA,1,99,NA,1,99,,NA,NA,NA,NA,NA,NA,NA,NA,NA,NA,NA,NA,NA,NA,NA,0,0,0,NA,,,,0,NA,,,,,,,NA,NA,NA,NA,NA,NA,NA,NA,NA,NA,NA,NA,NA,NA,0,
3052,7/5/15 17:41,"21 Chetwynd Rd, Somerville, MA",-71.1248232,42.40837,1,1,1,1,4,2,NA,2,1,NA,,99,,NA,NA,NA,NA,NA,NA,NA,NA,NA,NA,NA,NA,NA,NA,NA,0,0,0,NA,,,,0,NA,,,,,,,NA,NA,NA,NA,NA,NA,NA,NA,NA,NA,NA,NA,NA,NA,0,
3053,7/6/15 15:11,"Craigie St and Somerville Ave, Somerville, MA",-71.1128913,42.3852149,1,1,2,3,1,2,NA,2,97,NA,1,1,,NA,NA,NA,NA,NA,NA,NA,NA,NA,NA,NA,NA,NA,NA,NA,0,0,0,NA,,,,0,NA,,,,,,,NA,NA,NA,NA,NA,NA,NA,NA,NA,NA,NA,NA,NA,NA,0,
3054,7/7/15 2:33,"Lee St and Richdale St, Somerville, MA",-71.0996742,42.3898319,1,1,1,1,4,4,NA,1,99,NA,8,1,,NA,NA,NA,NA,NA,NA,NA,NA,NA,NA,NA,NA,NA,NA,NA,0,0,0,NA,,,,0,NA,,,,,,,NA,NA,NA,NA,NA,NA,NA,NA,NA,NA,NA,NA,NA,NA,0,
3055,7/7/15 10:50,"120 Cross St, Somerville, MA",-71.0893798,42.3838355,1,1,1,1,2,2,NA,NA,1,NA,,19,,NA,NA,NA,NA,NA,NA,NA,NA,NA,NA,NA,NA,NA,NA,NA,0,0,0,NA,,,,0,NA,,,,,,,NA,NA,NA,NA,NA,NA,NA,NA,NA,NA,NA,NA,NA,NA,0,
3056,7/7/15 15:13,"278 Broadway, Somerville, MA",-71.091656,42.391188,1,1,1,1,2,2,NA,1,1,NA,1,19,,NA,NA,NA,NA,NA,NA,NA,NA,NA,NA,NA,NA,NA,NA,NA,0,0,0,NA,,,,0,NA,,,,,,,NA,NA,NA,NA,NA,NA,NA,NA,NA,NA,NA,NA,NA,NA,0,
3057,7/7/15 19:30,"Broadway and Temple St, Somerville, MA",-71.0934064,42.3925566,1,1,3,3,2,2,NA,1,7,3,1,1,,NA,NA,NA,NA,NA,NA,NA,NA,NA,NA,NA,NA,NA,NA,NA,0,0,0,NA,,,,1,2,0,63,4,1,0,48,4,1,NA,NA,NA,NA,NA,NA,NA,NA,NA,NA,NA,NA,0,
3058,7/8/15 14:54,"582 Broadway, Somerville, MA",-71.1083024,42.3985879,1,1,1,1,1,4,NA,2,NA,NA,1,,,NA,NA,NA,NA,NA,NA,NA,NA,NA,NA,NA,NA,NA,NA,NA,0,0,0,NA,,,,0,NA,,,,,,,NA,NA,NA,NA,NA,NA,NA,NA,NA,NA,NA,NA,NA,NA,0,
3059,7/8/15 12:37,"Warner St and Broadway, Somerville, MA",-71.116275,42.401082,1,1,4,7,1,4,1,2,1,NA,,,,NA,NA,NA,NA,NA,NA,NA,NA,NA,NA,NA,NA,NA,NA,NA,1,0,0,4,2,,1,1,NA,1,38,3,0,,,NA,NA,NA,NA,NA,NA,NA,NA,NA,NA,NA,NA,NA,NA,0,
3060,7/9/15 19:30,"179 School St, Somerville, MA",-71.0967866,42.3893065,1,1,1,1,1,4,NA,1,1,NA,1,,,NA,NA,NA,NA,NA,NA,NA,NA,NA,NA,NA,NA,NA,NA,NA,0,0,0,NA,,,,0,NA,,,,,,,NA,NA,NA,NA,NA,NA,NA,NA,NA,NA,NA,NA,NA,NA,0,
3061,7/10/15 8:11,"School St and Medford St, Somerville, MA",-71.0971615,42.3891241,2,1,3,1,2,3,NA,1,1,NA,1,1,,NA,NA,NA,NA,NA,NA,NA,NA,NA,NA,NA,NA,NA,NA,NA,0,0,0,NA,,,,1,NA,0,48,4,1,,,NA,NA,NA,NA,NA,NA,NA,NA,NA,NA,NA,NA,NA,NA,0,
3062,7/11/15 15:10,"Cedar St and Broadway, Somerville, MA",-71.1079685,42.3984992,1,1,3,3,1,1,1,1,99,NA,,,,NA,NA,NA,NA,NA,NA,NA,NA,NA,NA,NA,NA,NA,NA,NA,0,0,1,4,1,Tree,,1,NA,1,68,3,1,,,NA,NA,NA,NA,NA,NA,NA,NA,NA,NA,NA,NA,NA,NA,0,
3063,7/11/15 17:50,"242 Broadway, Somerville, MA",-71.089893,42.3899789,1,1,1,1,3,4,NA,1,19,NA,2,1,,NA,NA,NA,NA,NA,NA,NA,NA,NA,NA,NA,NA,NA,NA,NA,0,0,0,NA,,,,0,NA,,,,,,,NA,NA,NA,NA,NA,NA,NA,NA,NA,NA,NA,NA,NA,NA,0,
3064,7/11/15 18:18,"Morrison Ave and Willow Ave, Somerville, MA",-71.1157237,42.3956925,1,1,2,2,1,4,NA,1,97,NA,1,99,,NA,NA,NA,NA,NA,NA,NA,NA,NA,NA,NA,NA,NA,NA,NA,0,0,0,NA,,,,1,NA,0,unk,4,0,,,NA,NA,NA,NA,NA,NA,NA,NA,NA,NA,NA,NA,NA,NA,0,
3065,7/11/15 18:08,"Cross St and Pearl St, Somerville, MA",-71.0878325,42.3857024,1,1,3,2,1,3,NA,1,1,1,,3,,NA,NA,NA,NA,NA,NA,NA,NA,NA,NA,NA,NA,NA,NA,NA,1,0,0,2,1,,5a,1,NA,0,33,2,1,,,NA,NA,NA,NA,NA,NA,NA,NA,NA,NA,NA,NA,NA,NA,0,
3066,7/12/15 0:44,"8 Lincoln St, Somerville, MA",-71.0807239,42.3863754,1,1,1,1,4,4,NA,1,1,NA,1,1,,NA,NA,NA,NA,NA,NA,NA,NA,NA,NA,NA,NA,NA,NA,NA,0,0,0,NA,,,,0,NA,,,,,,,NA,NA,NA,NA,NA,NA,NA,NA,NA,NA,NA,NA,NA,NA,0,Hit & run
3067,7/13/15 9:20,"Kidder Ave and College Ave, Somerville, MA",-71.1189036,42.3994436,1,1,2,2,2,3,NA,1,1,NA,1,9,,NA,NA,NA,NA,NA,NA,NA,NA,NA,NA,NA,NA,NA,NA,NA,0,0,0,NA,,,,0,NA,,,,,,,NA,NA,NA,NA,NA,NA,NA,NA,NA,NA,NA,NA,NA,NA,0,
3068,7/13/15 13:06,"268 Washington St, Somerville, MA",-71.097455,42.37911,2,1,1,1,1,2,NA,1,1,NA,1,1,,NA,NA,NA,NA,NA,NA,NA,NA,NA,NA,NA,NA,NA,NA,NA,0,0,0,NA,,,,0,NA,,,,,,,NA,NA,NA,NA,NA,NA,NA,NA,NA,NA,NA,NA,NA,NA,0,
3069,7/14/15 8:10,"59 Washington St, Somerville, MA",-71.0832481,42.3819233,1,1,1,1,1,2,NA,1,99,NA,1,99,,NA,NA,NA,NA,NA,NA,NA,NA,NA,NA,NA,NA,NA,NA,NA,0,0,0,NA,,,,0,NA,,,,,,,NA,NA,NA,NA,NA,NA,NA,NA,NA,NA,NA,NA,NA,NA,0,
3070,7/14/15 17:38,"322 Lowell St, Somerville, MA",-71.105013,42.395003,1,1,1,1,1,1,1,9,19,NA,,,,NA,NA,NA,NA,NA,NA,NA,NA,NA,NA,NA,NA,NA,NA,NA,0,0,1,0,0,Fire hydrant,,0,NA,,,,,,,NA,NA,NA,NA,NA,NA,NA,NA,NA,NA,NA,NA,NA,NA,0,
3071,7/14/15 19:30,"46 Spring St, Somerville, MA",-71.108713,42.3863879,1,1,1,1,1,1,NA,2,10,NA,1,1,,NA,NA,NA,NA,NA,NA,NA,NA,NA,NA,NA,NA,NA,NA,NA,0,0,0,NA,,,,0,NA,,,,,,,NA,NA,NA,NA,NA,NA,NA,NA,NA,NA,NA,NA,NA,NA,0,
3072,7/15/15 17:41,"40 Holland St, Somerville, MA",-71.1236271,42.3975004,2,1,1,1,1,1,1,1,1,NA,,,,NA,NA,NA,NA,NA,NA,NA,NA,NA,NA,NA,NA,NA,NA,NA,0,1,0,4,1,,4,1,NA,1,74,4,0,,,NA,NA,NA,NA,NA,NA,NA,NA,NA,NA,NA,NA,NA,NA,0,
3073,7/16/15 15:23,"160 Washington St, Somerville, MA",-71.0887334,42.3801796,,,,,,,1,1,NA,NA,,99,,NA,NA,NA,NA,NA,NA,NA,NA,NA,NA,NA,NA,NA,NA,NA,1,0,0,9,2,,5a,0,NA,,,,,,,NA,NA,NA,NA,NA,NA,NA,NA,NA,NA,NA,NA,NA,NA,0,Exiting parking lot; bike on sidewalk
3074,7/17/15 2:45,"787 Broadway, Somerville, MA",-71.1159559,42.4012763,1,1,1,1,1,1,1,1,1,NA,,,,NA,NA,NA,NA,NA,NA,NA,NA,NA,NA,NA,NA,NA,NA,NA,0,0,1,4,7,Curb,,0,NA,,,,,,,NA,NA,NA,NA,NA,NA,NA,NA,NA,NA,NA,NA,NA,NA,0,
3075,7/17/15 7:33,"Broadway and Chandler St, Somerville, MA",-71.1199068,42.4009035,1,1,1,3,1,1,NA,1,1,NA,1,4,,NA,NA,NA,NA,NA,NA,NA,NA,NA,NA,NA,NA,NA,NA,NA,0,0,0,NA,,,,1,NA,0,34,4,1,,,NA,NA,NA,NA,NA,NA,NA,NA,NA,NA,NA,NA,NA,NA,0,
3076,7/17/15 17:02,"Cedar St and Franey Rd, Somerville, MA",-71.1085009,42.3977226,1,1,1,3,1,1,1,1,19,7,,,,NA,NA,NA,NA,NA,NA,NA,NA,NA,NA,NA,NA,NA,NA,NA,0,0,1,0,0,"Fences, fire hydrant",,1,NA,0,35,4,1,,,NA,NA,NA,NA,NA,NA,NA,NA,NA,NA,NA,NA,NA,NA,0,
3077,7/17/15 19:44,"Alewife Brook Pkwy and Woodstock St, Somerville, MA",-71.1343051,42.4044075,1,1,1,3,1,2,2,2,NA,NA,1,2,10,NA,NA,NA,NA,NA,NA,NA,NA,NA,NA,NA,NA,NA,NA,NA,0,0,0,0,0,,,0,NA,,,,,,,NA,NA,NA,NA,NA,NA,NA,NA,NA,NA,NA,NA,NA,NA,1,"SPD cruiser tried to stop speeding OUI, cut off MV & was rear-ended"
3078,7/19/15 16:30,"Sunnyside Ave and Walnut St, Somerville, MA",-71.0924563,42.3886328,1,1,1,3,4,3,NA,1,99,NA,1,2,,NA,NA,NA,NA,NA,NA,NA,NA,NA,NA,NA,NA,NA,NA,NA,0,0,0,NA,,,,0,NA,,,,,,,NA,NA,NA,NA,NA,NA,NA,NA,NA,NA,NA,NA,NA,NA,0,
3079,7/20/15 8:57,"Boston Ave and Broadway, Somerville, MA",-71.111491,42.399676,1,1,3,2,1,3,NA,2,4,NA,1,1,,NA,NA,NA,NA,NA,NA,NA,NA,NA,NA,NA,NA,NA,NA,NA,0,0,0,NA,,,,1,NA,0,62,4,1,,,NA,NA,NA,NA,NA,NA,NA,NA,NA,NA,NA,NA,NA,NA,0,
3080,7/21/15 9:00,"40 Wigglesworth St, Somerville, MA",-71.0912352,42.3886858,1,1,1,1,4,3,NA,2,1,NA,1,99,,NA,NA,NA,NA,NA,NA,NA,NA,NA,NA,NA,NA,NA,NA,NA,0,0,0,NA,,,,0,NA,,,,,,,NA,NA,NA,NA,NA,NA,NA,NA,NA,NA,NA,NA,NA,NA,0,