id,date_time,address,lon,lat,Weather,road_surface,traffic_control_device,intersection_type,traffic_way_desc,collision_manner,num_involved_vehicles,vehicle1_configuration,driver1_contrib1,driver1_contrib2,vehicle2_configuration,driver2_contrib1,driver2_contrib2,vehicle3_configuration,driver3_contrib1,driver3_contrib2,vehicle4_configuration,driver4_contrib1,driver4_contrib2,vehicle5_configuration,driver5_contrib1,driver5_contrib2,vehicle6_configuration,driver6_contrib1,driver6_contrib2,vehicle7_configuration,driver7_contrib1,driver7_contrib2,Bicycle,Pedestrian,non_mv,non_motorist_location,non_motorist_action,non_motorist_type,manner_of_non_motorist_collision,Injury,Multiple,Gender1,Age1,Severity1,Hospital1,Gender2,Age2,Severity2,Hospital2,Gender3,Age3,Severity3,Hospital3,Gender4,Age4,Severity4,Hospital4,Gender5,Age5,Severity5,Hospital5,city_vehicle,Notes
3152,9/1/15 14:15,"Holland St and Elmwood St, Somerville, MA",-71.1257086,42.4004341,1,1,2,3,1,3,NA,1,1,NA,1,1,,NA,NA,NA,NA,NA,NA,NA,NA,NA,NA,NA,NA,NA,NA,NA,0,0,0,NA,,,,1,NA,1,24,4,1,,,NA,NA,NA,NA,NA,NA,NA,NA,NA,NA,NA,NA,NA,NA,0,
3153,9/2/15 19:00,"92 Yorktown St, Somerville, MA",-71.1293741,42.400132,1,1,1,1,4,4,2,1,NA,NA,1,1,,NA,NA,NA,NA,NA,NA,NA,NA,NA,NA,NA,NA,NA,NA,NA,0,0,1,0,0,Pole,,0,NA,,,,,,,NA,NA,NA,NA,NA,NA,NA,NA,NA,NA,NA,NA,NA,NA,0,
3154,9/2/15 14:25,"Highland Ave and Central St, Somerville, MA",-71.1034359,42.3884241,1,1,3,2,1,3,2,1,1,NA,2,1,,NA,NA,NA,NA,NA,NA,NA,NA,NA,NA,NA,NA,NA,NA,NA,0,0,0,0,0,,,0,NA,,,,,,,NA,NA,NA,NA,NA,NA,NA,NA,NA,NA,NA,NA,NA,NA,1,"SPD unmarked preparing for MV stop, took a right turn & MV on the right struck; no blue lights"
3155,9/3/15 17:49,"44 Park St, Somerville, MA",-71.1067416,42.3813048,1,1,1,1,1,1,1,1,4,19,,1,,NA,NA,NA,NA,NA,NA,NA,NA,NA,NA,NA,NA,NA,NA,NA,1,0,0,4,2,,7,1,NA,0,26,3,0,,,NA,NA,NA,NA,NA,NA,NA,NA,NA,NA,NA,NA,NA,NA,0,
3156,9/3/15 4:00,"21 Bonair St, Somerville, MA",-71.0878809,42.3880398,1,1,1,3,4,4,2,7,1,NA,1,,,NA,NA,NA,NA,NA,NA,NA,NA,NA,NA,NA,NA,NA,NA,NA,0,0,0,0,0,,,0,NA,,,,,,,NA,NA,NA,NA,NA,NA,NA,NA,NA,NA,NA,NA,NA,NA,1,City MV sideswiped parked MV while turning
3157,9/4/15 18:47,"77 Chandler St, Somerville, MA",-71.1204795,42.4003122,1,1,1,1,1,5,NA,2,12,NA,1,,,1,NA,NA,NA,NA,NA,NA,NA,NA,NA,NA,NA,NA,NA,NA,0,0,0,NA,,,,0,NA,,,,,,,NA,NA,NA,NA,NA,NA,NA,NA,NA,NA,NA,NA,NA,NA,0,
3158,9/4/15 10:59,"67 Summer St, Somerville, MA",-71.1001719,42.3842949,1,1,1,1,1,4,2,2,99,NA,1,,,NA,NA,NA,NA,NA,NA,NA,NA,NA,NA,NA,NA,NA,NA,NA,0,1,0,4,5,,7,1,NA,0,24,4,0,,,NA,NA,NA,NA,NA,NA,NA,NA,NA,NA,NA,NA,NA,NA,0,
3159,9/5/15 8:23,"31 Ash Ave, Somerville, MA",-71.0953502,42.3984534,1,1,1,1,1,3,NA,6,99,NA,1,1,,NA,NA,NA,NA,NA,NA,NA,NA,NA,NA,NA,NA,NA,NA,NA,0,0,0,NA,,,,0,NA,,,,,,,NA,NA,NA,NA,NA,NA,NA,NA,NA,NA,NA,NA,NA,NA,0,
3160,9/6/15 16:34,"Grand Union Blvd and Foley St, Somerville, MA",-71.0805024,42.3930129,1,1,2,2,1,3,NA,1,1,NA,,3,4,NA,NA,NA,NA,NA,NA,NA,NA,NA,NA,NA,NA,NA,NA,NA,0,0,0,NA,,,,0,NA,,,,,,,NA,NA,NA,NA,NA,NA,NA,NA,NA,NA,NA,NA,NA,NA,0,
3161,9/8/15 12:15,"Somerville Ave and Prospect St, Somerville, MA",-71.0941078,42.3791063,1,1,3,2,1,4,NA,6,1,NA,1,4,,NA,NA,NA,NA,NA,NA,NA,NA,NA,NA,NA,NA,NA,NA,NA,0,0,0,NA,,,,0,NA,,,,,,,NA,NA,NA,NA,NA,NA,NA,NA,NA,NA,NA,NA,NA,NA,0,
3162,9/9/15 10:13,"101 Elm St, Somerville, MA",-71.1169115,42.3897855,1,1,1,1,1,2,NA,6,97,NA,1,1,,NA,NA,NA,NA,NA,NA,NA,NA,NA,NA,NA,NA,NA,NA,NA,0,0,0,NA,,,,0,NA,,,,,,,NA,NA,NA,NA,NA,NA,NA,NA,NA,NA,NA,NA,NA,NA,0,
3163,9/9/15 11:14,"582 Somerville Ave, Somerville, MA",-71.1085361,42.3836788,1,1,1,1,1,2,NA,2,97,NA,1,1,,NA,NA,NA,NA,NA,NA,NA,NA,NA,NA,NA,NA,NA,NA,NA,0,0,0,NA,,,,1,NA,1,31,4,0,,,NA,NA,NA,NA,NA,NA,NA,NA,NA,NA,NA,NA,NA,NA,0,
3164,9/9/15 20:55,"Washington St and Mansfield St, Somerville, MA",-71.0906664,42.3798839,1,1,1,3,1,2,NA,NA,1,NA,,5,9,NA,NA,NA,NA,NA,NA,NA,NA,NA,NA,NA,NA,NA,NA,NA,0,0,0,NA,,,,1,NA,1,36,4,1,,,NA,NA,NA,NA,NA,NA,NA,NA,NA,NA,NA,NA,NA,NA,0,
3165,9/9/15 21:45,"Somerville Ave and Quincy St, Somerville, MA",-71.1012716,42.3817512,1,1,1,3,1,3,NA,1,4,NA,1,1,,NA,NA,NA,NA,NA,NA,NA,NA,NA,NA,NA,NA,NA,NA,NA,0,0,0,NA,,,,1,NA,1,30,3,1,,,NA,NA,NA,NA,NA,NA,NA,NA,NA,NA,NA,NA,NA,NA,0,
3166,9/10/15 11:05,"21 Langmaid Ave, Somerville, MA",-71.0934041,42.393683,2,1,1,3,4,4,2,2,1,NA,1,1,,NA,NA,NA,NA,NA,NA,NA,NA,NA,NA,NA,NA,NA,NA,NA,0,0,1,0,0,"Tree, sign, fence",,0,NA,,,,,,,NA,NA,NA,NA,NA,NA,NA,NA,NA,NA,NA,NA,NA,NA,0,
3167,9/10/15 11:28,"Washington St and Bonner Ave, Somerville, MA",-71.0939847,42.3795851,2,1,1,3,1,1,1,3,10,NA,,,,NA,NA,NA,NA,NA,NA,NA,NA,NA,NA,NA,NA,NA,NA,NA,0,0,1,8,2,"Motorcycle, Sign, Tree",8,1,NA,1,47,3,1,,,NA,NA,NA,NA,NA,NA,NA,NA,NA,NA,NA,NA,NA,NA,0,
3168,9/11/15 15:20,"220 Washington St , Somerville, MA",-71.0923918,42.3789618,1,1,1,1,1,4,NA,2,19,NA,2,99,,NA,NA,NA,NA,NA,NA,NA,NA,NA,NA,NA,NA,NA,NA,NA,0,0,0,NA,,,,0,NA,,,,,,,NA,NA,NA,NA,NA,NA,NA,NA,NA,NA,NA,NA,NA,NA,0,
3169,9/12/15 11:46,"Highland Ave and Putnam St, Somerville, MA",-71.0968889,42.3862125,1,1,2,3,1,3,NA,1,1,NA,1,19,,NA,NA,NA,NA,NA,NA,NA,NA,NA,NA,NA,NA,NA,NA,NA,0,0,0,NA,,,,0,NA,,,,,,,NA,NA,NA,NA,NA,NA,NA,NA,NA,NA,NA,NA,NA,NA,0,
3170,9/12/15 17:16,"Grand Union Blvd and Foley St, Somerville, MA",-71.0805024,42.3930129,1,1,2,2,1,3,NA,1,1,NA,1,3,8,NA,NA,NA,NA,NA,NA,NA,NA,NA,NA,NA,NA,NA,NA,NA,0,0,0,NA,,,,1,5,0,33,4,1,0,58,4,1,0,9,4,1,1,10,4,1,0,22,4,1,0,
3171,9/13/15 1:45,"456 Medford St, Somerville, MA",-71.10164,42.3935735,3,2,1,1,1,3,NA,NA,NA,NA,,,,NA,NA,NA,NA,NA,NA,NA,NA,NA,NA,NA,NA,NA,NA,NA,0,0,0,NA,,,,1,NA,0,17,4,1,,,NA,NA,NA,NA,NA,NA,NA,NA,NA,NA,NA,NA,NA,NA,0,
3172,9/14/15 16:30,"Beacon St and Oxford St, Somerville, MA",-71.1161841,42.3860143,1,1,2,3,1,3,NA,1,4,NA,1,1,,NA,NA,NA,NA,NA,NA,NA,NA,NA,NA,NA,NA,NA,NA,NA,0,0,0,NA,,,,0,NA,,,,,,,NA,NA,NA,NA,NA,NA,NA,NA,NA,NA,NA,NA,NA,NA,0,
3173,9/14/15 8:15,"85 Central St, Somerville, MA",-71.1031756,42.3886954,1,1,1,1,1,1,1,1,1,NA,,,,NA,NA,NA,NA,NA,NA,NA,NA,NA,NA,NA,NA,NA,NA,NA,1,0,0,9,2,,1,0,NA,,,,,,,NA,NA,NA,NA,NA,NA,NA,NA,NA,NA,NA,NA,NA,NA,0,
3174,9/14/15 8:59,"65 Beacon St, Somerville, MA",-71.1038545,42.3762308,1,1,1,1,1,4,2,NA,1,NA,,4,,NA,NA,NA,NA,NA,NA,NA,NA,NA,NA,NA,NA,NA,NA,NA,0,0,0,0,0,,,0,NA,,,,,,,NA,NA,NA,NA,NA,NA,NA,NA,NA,NA,NA,NA,NA,NA,1,"SFD engine leaving call, crossed street into appropriate lane; MV travelling same direction failed to stop (lights activated) & engine sideswipped (in blind spot)"
3175,9/15/15 10:30,"Somerville Ave and Prospect St, Somerville, MA",-71.0941078,42.3791063,1,1,3,2,1,3,NA,2,3,NA,1,1,,NA,NA,NA,NA,NA,NA,NA,NA,NA,NA,NA,NA,NA,NA,NA,0,0,0,NA,,,,0,NA,,,,,,,NA,NA,NA,NA,NA,NA,NA,NA,NA,NA,NA,NA,NA,NA,0,
3176,9/16/15 9:52,"Mt. Pleasant St and Perkins St, Somerville, MA",-71.0791126,42.3844394,99,99,2,3,1,2,NA,NA,99,NA,1,1,,NA,NA,NA,NA,NA,NA,NA,NA,NA,NA,NA,NA,NA,NA,NA,0,0,0,NA,,,,0,NA,,,,,,,NA,NA,NA,NA,NA,NA,NA,NA,NA,NA,NA,NA,NA,NA,0,
3177,9/16/15 21:56,"1374 Broadway, Somerville, MA",-71.1333063,42.4060568,1,1,1,1,1,4,NA,1,1,NA,2,1,,NA,NA,NA,NA,NA,NA,NA,NA,NA,NA,NA,NA,NA,NA,NA,0,0,0,NA,,,,0,NA,,,,,,,NA,NA,NA,NA,NA,NA,NA,NA,NA,NA,NA,NA,NA,NA,0,
3178,9/17/15 22:36,"Cross St and Randolph Pl, Somerville, MA",-71.0880317,42.3854096,1,1,1,3,1,2,NA,1,9,10,,1,,NA,NA,NA,NA,NA,NA,NA,NA,NA,NA,NA,NA,NA,NA,NA,0,0,0,NA,,,,0,NA,,,,,,,NA,NA,NA,NA,NA,NA,NA,NA,NA,NA,NA,NA,NA,NA,0,
3179,9/17/15 8:35,"Somerville Ave and Church St, Somerville, MA",-71.1005403,42.3815227,1,1,2,2,1,3,1,1,99,NA,1,1,,NA,NA,NA,NA,NA,NA,NA,NA,NA,NA,NA,NA,NA,NA,NA,1,0,0,10,1,,5,1,NA,1,31,3,0,,,NA,NA,NA,NA,NA,NA,NA,NA,NA,NA,NA,NA,NA,NA,0,
3180,9/18/15 14:34,"97 Cross St, Somerville, MA",-71.0888011,42.3847974,1,1,1,1,1,4,NA,1,4,NA,2,1,,NA,NA,NA,NA,NA,NA,NA,NA,NA,NA,NA,NA,NA,NA,NA,0,0,0,NA,,,,0,NA,,,,,,,NA,NA,NA,NA,NA,NA,NA,NA,NA,NA,NA,NA,NA,NA,0,
3181,9/18/15 14:56,"Prospect St and Concord Ave, Somerville, MA",-71.0956827,42.3768572,1,1,3,4,1,3,NA,1,1,NA,1,9,,NA,NA,NA,NA,NA,NA,NA,NA,NA,NA,NA,NA,NA,NA,NA,0,0,0,NA,,,,1,NA,0,60,4,0,,,NA,NA,NA,NA,NA,NA,NA,NA,NA,NA,NA,NA,NA,NA,0,
3182,9/18/15 16:51,"79 Highland Ave, Somerville, MA",-71.0943955,42.385793,1,1,1,1,1,1,NA,2,1,NA,2,,,NA,NA,NA,NA,NA,NA,NA,NA,NA,NA,NA,NA,NA,NA,NA,0,0,0,NA,,,,0,NA,,,,,,,NA,NA,NA,NA,NA,NA,NA,NA,NA,NA,NA,NA,NA,NA,0,
3183,9/18/15 7:50,"Lowell St and Vernon St, Somerville, MA",-71.1056539,42.3935244,1,1,1,3,1,1,1,NA,NA,NA,,,,NA,NA,NA,NA,NA,NA,NA,NA,NA,NA,NA,NA,NA,NA,NA,1,0,0,2,1,,2c,1,NA,1,59,3,0,,,NA,NA,NA,NA,NA,NA,NA,NA,NA,NA,NA,NA,NA,NA,0,
3184,9/18/15 8:11,"154 Highland Ave, Somerville, MA",-71.1036241,42.3883546,1,1,1,1,2,4,2,4,99,NA,1,,,NA,NA,NA,NA,NA,NA,NA,NA,NA,NA,NA,NA,NA,NA,NA,0,0,0,0,0,,,0,NA,,,,,,,NA,NA,NA,NA,NA,NA,NA,NA,NA,NA,NA,NA,NA,NA,1,MBTA bus sideswiped parked City MV
3185,9/19/15 13:50,"238 Summer St, Somerville, MA",-71.1123201,42.3893654,1,1,1,1,1,4,1,1,19,NA,,1,,NA,NA,NA,NA,NA,NA,NA,NA,NA,NA,NA,NA,NA,NA,NA,1,0,0,4,2,,3,1,NA,1,20,3,1,,,NA,NA,NA,NA,NA,NA,NA,NA,NA,NA,NA,NA,NA,NA,0,
3186,9/20/15 21:54,"253 Highland Ave, Somerville, MA",-71.1102511,42.3912579,1,1,1,1,1,4,NA,1,14,NA,1,1,,1,1,NA,1,1,NA,2,1,NA,NA,NA,NA,NA,NA,NA,0,0,0,NA,,,,0,NA,,,,,,,NA,NA,NA,NA,NA,NA,NA,NA,NA,NA,NA,NA,NA,NA,0,
3187,9/20/15 15:30,"Powder House Blvd and North St, Somerville, MA",-71.1302644,42.4073825,1,1,3,2,1,3,1,1,1,NA,,,,NA,NA,NA,NA,NA,NA,NA,NA,NA,NA,NA,NA,NA,NA,NA,1,0,0,2,1,,5a,1,NA,0,22,unk,1,,,NA,NA,NA,NA,NA,NA,NA,NA,NA,NA,NA,NA,NA,NA,0,
3188,9/21/15 2:01,"7 Albion St, Somerville, MA",-71.1029311,42.3898853,1,1,1,1,4,1,NA,NA,1,NA,,1,,NA,NA,NA,NA,NA,NA,NA,NA,NA,NA,NA,NA,NA,NA,NA,0,0,0,NA,,,,0,NA,,,,,,,NA,NA,NA,NA,NA,NA,NA,NA,NA,NA,NA,NA,NA,NA,0,
3189,9/21/15 17:18,"Medford St and Glenwood Rd, Somerville, MA",-71.1023059,42.3946886,1,1,2,2,1,3,NA,1,3,4,2,1,,NA,NA,NA,NA,NA,NA,NA,NA,NA,NA,NA,NA,NA,NA,NA,0,0,0,NA,,,,1,NA,1,19,4,1,,,NA,NA,NA,NA,NA,NA,NA,NA,NA,NA,NA,NA,NA,NA,0,
3190,9/22/15 12:14,"Powder House Blvd and Powder House Rotary, Somerville, MA",-71.0994968,42.3875968,2,1,2,3,1,2,NA,1,5,NA,1,1,,NA,NA,NA,NA,NA,NA,NA,NA,NA,NA,NA,NA,NA,NA,NA,0,0,0,NA,,,,0,NA,,,,,,,NA,NA,NA,NA,NA,NA,NA,NA,NA,NA,NA,NA,NA,NA,0,
3191,9/23/15 13:10,"Lowell St and Albion St, Somerville, MA",-71.1071395,42.3913877,1,1,2,3,1,3,NA,1,3,19,2,1,,NA,NA,NA,NA,NA,NA,NA,NA,NA,NA,NA,NA,NA,NA,NA,0,0,0,NA,,,,0,NA,,,,,,,NA,NA,NA,NA,NA,NA,NA,NA,NA,NA,NA,NA,NA,NA,0,
3192,9/26/15 13:58,"Columbus Ave and Washington St, Somerville, MA",-71.0930682,42.3795065,1,1,2,3,2,3,3,1,1,NA,1,1,,1,1,NA,NA,NA,NA,NA,NA,NA,NA,NA,NA,NA,NA,NA,0,0,0,0,0,,,0,NA,,,,,,,NA,NA,NA,NA,NA,NA,NA,NA,NA,NA,NA,NA,NA,NA,1,"MV op thought car was in park; it rolled across Washington into lot housing Det. vehicles, striking fence & 2 unmarkeds"
3193,9/27/15 5:50,"McGrath Hwy and Washington St, Somerville, MA",-71.0893942,42.3804355,1,1,3,2,1,3,NA,2,99,NA,2,99,,NA,NA,NA,NA,NA,NA,NA,NA,NA,NA,NA,NA,NA,NA,NA,0,0,0,NA,,,,0,NA,,,,,,,NA,NA,NA,NA,NA,NA,NA,NA,NA,NA,NA,NA,NA,NA,0,
3194,9/27/15 8:00,"Prospect St and Somerville Ave, Somerville, MA",-71.0941078,42.3791063,1,1,3,2,2,3,NA,1,13,NA,2,1,,NA,NA,NA,NA,NA,NA,NA,NA,NA,NA,NA,NA,NA,NA,NA,0,0,0,NA,,,,0,NA,,,,,,,NA,NA,NA,NA,NA,NA,NA,NA,NA,NA,NA,NA,NA,NA,0,
3195,9/27/15 9:44,"Broadway and Glen St, Somerville, MA",-71.08417,42.3878167,1,1,1,3,2,2,NA,1,1,NA,2,1,,NA,NA,NA,NA,NA,NA,NA,NA,NA,NA,NA,NA,NA,NA,NA,0,0,0,NA,,,,0,NA,,,,,,,NA,NA,NA,NA,NA,NA,NA,NA,NA,NA,NA,NA,NA,NA,0,
3196,9/27/15 15:00,"Glenwood Rd and Broadway, Somerville, MA",-71.1011856,42.3963338,1,1,2,3,4,1,1,1,3,19,,,,NA,NA,NA,NA,NA,NA,NA,NA,NA,NA,NA,NA,NA,NA,NA,0,1,0,1,1,,4,1,NA,0,30,4,0,,,NA,NA,NA,NA,NA,NA,NA,NA,NA,NA,NA,NA,NA,NA,0,
3197,9/28/15 11:03,"Walnut St and Medford St, Somerville, MA",-71.0937489,42.3857992,1,1,3,2,2,1,1,NA,NA,NA,,,,NA,NA,NA,NA,NA,NA,NA,NA,NA,NA,NA,NA,NA,NA,NA,0,0,1,0,0,Traffic pole,,0,NA,,,,,,,NA,NA,NA,NA,NA,NA,NA,NA,NA,NA,NA,NA,NA,NA,0,
3198,9/28/15 11:09,"24 Rossmore St, Somerville, MA",-71.0914124,42.3787924,1,1,1,1,4,4,NA,1,19,NA,2,1,,NA,NA,NA,NA,NA,NA,NA,NA,NA,NA,NA,NA,NA,NA,NA,0,0,0,NA,,,,0,NA,,,,,,,NA,NA,NA,NA,NA,NA,NA,NA,NA,NA,NA,NA,NA,NA,0,
3199,9/28/15 12:43,"531 Medfrod St, Somerville, MA",-71.1039334,42.3970382,1,1,1,1,1,4,NA,NA,97,NA,,1,,NA,NA,NA,NA,NA,NA,NA,NA,NA,NA,NA,NA,NA,NA,NA,0,0,0,NA,,,,0,NA,,,,,,,NA,NA,NA,NA,NA,NA,NA,NA,NA,NA,NA,NA,NA,NA,0,
3200,9/28/15 13:23,"180 Somerville Ave, Somerville, MA",-71.0904322,42.3764299,1,1,1,1,1,3,NA,1,4,NA,2,1,,NA,NA,NA,NA,NA,NA,NA,NA,NA,NA,NA,NA,NA,NA,NA,0,0,0,NA,,,,1,NA,1,30,4,1,,,NA,NA,NA,NA,NA,NA,NA,NA,NA,NA,NA,NA,NA,NA,0,
3201,9/28/15 14:16,"514 Medfrod St, Somerville, MA",-71.1038803,42.3965029,1,1,1,1,1,3,NA,NA,5,NA,1,1,,NA,NA,NA,NA,NA,NA,NA,NA,NA,NA,NA,NA,NA,NA,NA,0,0,0,NA,,,,0,NA,,,,,,,NA,NA,NA,NA,NA,NA,NA,NA,NA,NA,NA,NA,NA,NA,0,
3202,9/29/15 12:45,"100 Pearson Rd, Somerville, MA",-71.1158649,42.4037723,1,1,1,1,4,3,NA,1,1,NA,1,9,,NA,NA,NA,NA,NA,NA,NA,NA,NA,NA,NA,NA,NA,NA,NA,0,0,0,NA,,,,0,NA,,,,,,,NA,NA,NA,NA,NA,NA,NA,NA,NA,NA,NA,NA,NA,NA,0,
3203,9/29/15 21:24,"285 Medford St, Somerville, MA",-71.0928716,42.3853033,3,2,1,1,1,2,NA,2,7,NA,2,1,,NA,NA,NA,NA,NA,NA,NA,NA,NA,NA,NA,NA,NA,NA,NA,0,0,0,NA,,,,0,NA,,,,,,,NA,NA,NA,NA,NA,NA,NA,NA,NA,NA,NA,NA,NA,NA,0,
3204,9/29/15 19:09,"Broadway and Cutter St, Somerville, MA",-71.0832853,42.3874934,3,2,1,3,3,1,1,2,97,NA,,1,,NA,NA,NA,NA,NA,NA,NA,NA,NA,NA,NA,NA,NA,NA,NA,0,1,0,4,3,,5,1,NA,1,57,3,1,,,NA,NA,NA,NA,NA,NA,NA,NA,NA,NA,NA,NA,NA,NA,1,SPD Aux officer working SomerStreets event
3205,9/30/15 4:58,"281 Broadway, Somerville, MA",-71.091569,42.391964,3,2,1,1,2,1,1,1,1,NA,,,,NA,NA,NA,NA,NA,NA,NA,NA,NA,NA,NA,NA,NA,NA,NA,0,1,0,4,2,,5,1,NA,1,49,3,1,,,NA,NA,NA,NA,NA,NA,NA,NA,NA,NA,NA,NA,NA,NA,0,
3206,9/30/15 16:45,"Somerville Ave and Linden St, Somerville, MA",-71.0925948,42.3785464,3,2,3,3,1,5,2,2,99,NA,1,1,,NA,NA,NA,NA,NA,NA,NA,NA,NA,NA,NA,NA,NA,NA,NA,0,0,0,0,0,,,0,NA,,,,,,,NA,NA,NA,NA,NA,NA,NA,NA,NA,NA,NA,NA,NA,NA,1,"SPD cruiser responding to call, exited back lot & struck stopped MV while turning"
3207,10/1/15 6:34,"32 Florence St, Somerville, MA",-71.0831383,42.3830429,3,2,1,1,4,1,NA,1,1,NA,,,,NA,NA,NA,NA,NA,NA,NA,NA,NA,NA,NA,NA,NA,NA,NA,0,0,1,4,7,Sink Hole,,0,NA,,,,,,,NA,NA,NA,NA,NA,NA,NA,NA,NA,NA,NA,NA,NA,NA,0,
3208,10/1/15 17:01,"15 McGrath Hwy, Somerville, MA",-71.0817266,42.3742055,2,1,3,3,3,2,2,2,5,NA,2,1,,NA,NA,NA,NA,NA,NA,NA,NA,NA,NA,NA,NA,NA,NA,NA,0,0,0,0,0,,,1,NA,1,60,3,0,,,NA,NA,NA,NA,NA,NA,NA,NA,NA,NA,NA,NA,NA,NA,1,SPD cruiser stopped for pedestrian in perpendicular crosswalk; MV rear-ended cruiser
3209,10/2/15 1:05,"218 Somerville Ave, Somerville, MA",-71.0915938,42.3780137,2,2,1,1,2,2,NA,2,1,NA,2,1,,NA,NA,NA,NA,NA,NA,NA,NA,NA,NA,NA,NA,NA,NA,NA,0,0,0,NA,,,,0,NA,,,,,,,NA,NA,NA,NA,NA,NA,NA,NA,NA,NA,NA,NA,NA,NA,0,
3210,10/2/15 19:34,"384 Highland Ave, Somerville, MA",-71.119677,42.395133,3,2,1,1,4,4,2,13,1,NA,2,1,,NA,NA,NA,NA,NA,NA,NA,NA,NA,NA,NA,NA,NA,NA,NA,0,0,0,NA,,,,0,NA,,,,,,,NA,NA,NA,NA,NA,NA,NA,NA,NA,NA,NA,NA,NA,NA,1,City vehicle pulling out of parking space; MV tried to go around & sideswiped
3211,10/3/15 2:31,"170 Highland Ave, Somerville, MA",-71.1050055,42.3887304,1,1,1,1,1,2,NA,11,1,NA,1,1,,NA,NA,NA,NA,NA,NA,NA,NA,NA,NA,NA,NA,NA,NA,NA,0,0,0,NA,,,,0,NA,,,,,,,NA,NA,NA,NA,NA,NA,NA,NA,NA,NA,NA,NA,NA,NA,0,
3212,10/3/15 10:25,"Washington St and Joy St, Somerville, MA",-71.0885832,42.3806671,3,2,1,9,1,3,NA,4,4,NA,1,1,,NA,NA,NA,NA,NA,NA,NA,NA,NA,NA,NA,NA,NA,NA,NA,0,0,0,NA,,,,0,NA,,,,,,,NA,NA,NA,NA,NA,NA,NA,NA,NA,NA,NA,NA,NA,NA,0,
3213,10/3/15 18:33,"165 Middlesex Ave, Somerville, MA",-71.0836002,42.3960559,1,1,1,1,1,3,NA,2,99,NA,1,99,,NA,NA,NA,NA,NA,NA,NA,NA,NA,NA,NA,NA,NA,NA,NA,0,0,0,NA,,,,0,NA,,,,,,,NA,NA,NA,NA,NA,NA,NA,NA,NA,NA,NA,NA,NA,NA,0,
3214,10/3/15 11:45,"273 Washington St, Somerville, MA",-71.09759,42.379782,3,2,1,1,1,3,2,7,1,NA,1,,,NA,NA,NA,NA,NA,NA,NA,NA,NA,NA,NA,NA,NA,NA,NA,0,0,0,0,0,,,0,NA,,,,,,,NA,NA,NA,NA,NA,NA,NA,NA,NA,NA,NA,NA,NA,NA,1,SFD engine pulling out leaving call; roadway slick & engine slipped & sideswiped parked MV
3215,10/4/15 16:03,"Medford St and School St, Somerville, MA",-71.0971615,42.3891241,1,1,3,2,1,3,NA,1,99,NA,2,99,,NA,NA,NA,NA,NA,NA,NA,NA,NA,NA,NA,NA,NA,NA,NA,0,0,0,NA,,,,0,NA,,,,,,,NA,NA,NA,NA,NA,NA,NA,NA,NA,NA,NA,NA,NA,NA,0,
3216,10/5/15 23:26,"266 Broadway, Somerville, MA",-71.0911762,42.390861,1,1,1,3,2,4,2,1,20,NA,2,,,NA,NA,NA,NA,NA,NA,NA,NA,NA,NA,NA,NA,NA,NA,NA,0,0,1,0,0,Utility Pole,,1,NA,1,25,4,1,,,NA,NA,NA,NA,NA,NA,NA,NA,NA,NA,NA,NA,NA,NA,0,
3217,10/6/15 12:55,"81 Broadway, Somerville, MA",-71.0819431,42.3874389,1,1,1,1,2,4,NA,NA,9,NA,2,1,,NA,NA,NA,NA,NA,NA,NA,NA,NA,NA,NA,NA,NA,NA,NA,0,0,0,NA,,,,0,NA,,,,,,,NA,NA,NA,NA,NA,NA,NA,NA,NA,NA,NA,NA,NA,NA,0,
3218,10/7/15 1:50,"Broadway and Warner St, Somerville, MA",-71.116275,42.401082,1,1,2,7,4,3,NA,1,1,NA,1,1,,NA,NA,NA,NA,NA,NA,NA,NA,NA,NA,NA,NA,NA,NA,NA,0,0,0,NA,,,,0,NA,,,,,,,NA,NA,NA,NA,NA,NA,NA,NA,NA,NA,NA,NA,NA,NA,0,
3219,10/7/15 10:53,"Broadway and Warner St, Somerville, MA",-71.116275,42.401082,1,1,2,7,1,2,NA,2,5,NA,2,1,,NA,NA,NA,NA,NA,NA,NA,NA,NA,NA,NA,NA,NA,NA,NA,0,0,0,NA,,,,1,NA,1,unk,3,1,,,NA,NA,NA,NA,NA,NA,NA,NA,NA,NA,NA,NA,NA,NA,0,