id,date_time,address,lon,lat,Weather,road_surface,traffic_control_device,intersection_type,traffic_way_desc,collision_manner,num_involved_vehicles,vehicle1_configuration,driver1_contrib1,driver1_contrib2,vehicle2_configuration,driver2_contrib1,driver2_contrib2,vehicle3_configuration,driver3_contrib1,driver3_contrib2,vehicle4_configuration,driver4_contrib1,driver4_contrib2,vehicle5_configuration,driver5_contrib1,driver5_contrib2,vehicle6_configuration,driver6_contrib1,driver6_contrib2,vehicle7_configuration,driver7_contrib1,driver7_contrib2,Bicycle,Pedestrian,non_mv,non_motorist_location,non_motorist_action,non_motorist_type,manner_of_non_motorist_collision,Injury,Multiple,Gender1,Age1,Severity1,Hospital1,Gender2,Age2,Severity2,Hospital2,Gender3,Age3,Severity3,Hospital3,Gender4,Age4,Severity4,Hospital4,Gender5,Age5,Severity5,Hospital5,city_vehicle,Notes
3361,12/22/15 12:31,"Broadway and Holland St, Somerville, MA",-71.1271468,42.4032411,3,2,3,2,1,2,NA,1,1,NA,2,5,,NA,NA,NA,NA,NA,NA,NA,NA,NA,NA,NA,NA,NA,NA,NA,0,0,0,NA,,,,1,NA,0,74,3,1,,,NA,NA,NA,NA,NA,NA,NA,NA,NA,NA,NA,NA,NA,NA,0,
3362,12/22/15 16:00,"Washington St and McGrath Hwy, Somerville, MA",-71.0893942,42.3804355,3,2,3,4,4,3,NA,1,1,NA,1,1,,NA,NA,NA,NA,NA,NA,NA,NA,NA,NA,NA,NA,NA,NA,NA,0,0,0,NA,,,,0,NA,,,,,,,NA,NA,NA,NA,NA,NA,NA,NA,NA,NA,NA,NA,NA,NA,0,refused medical treatment
3363,12/22/15 17:28,"131 College Ave, Somerville, MA",-71.1146058,42.4092524,3,2,1,1,1,2,NA,1,9,NA,2,,,NA,NA,NA,NA,NA,NA,NA,NA,NA,NA,NA,NA,NA,NA,NA,0,0,0,NA,,,,0,NA,,,,,,,NA,NA,NA,NA,NA,NA,NA,NA,NA,NA,NA,NA,NA,NA,0,
3364,12/22/15 17:36,"Broadway and Wisconsin Ave, Somerville, MA",-71.0847491,42.3880907,3,2,1,3,2,1,1,3,1,NA,,,,NA,NA,NA,NA,NA,NA,NA,NA,NA,NA,NA,NA,NA,NA,NA,0,1,1,4,12,Motorcycle,5,1,NA,1,47,4,,,,NA,NA,NA,NA,NA,NA,NA,NA,NA,NA,NA,NA,NA,NA,0,pedestrian refused medical
3365,12/22/15 15:39,"Temple St and Broadway, Somerville, MA",-71.0934064,42.3925566,2,2,3,2,3,4,2,1,1,NA,7,1,,NA,NA,NA,NA,NA,NA,NA,NA,NA,NA,NA,NA,NA,NA,NA,0,0,0,0,0,,,0,NA,,,,,,,NA,NA,NA,NA,NA,NA,NA,NA,NA,NA,NA,NA,NA,NA,1,"SFD engine responding to call; while turning, rear struck side of stopped MV"
3366,12/23/15 9:11,"43 Third Ave, Somerville, MA",-71.0781476,42.3777315,1,1,1,1,1,5,NA,10,19,NA,2,1,,NA,NA,NA,NA,NA,NA,NA,NA,NA,NA,NA,NA,NA,NA,NA,0,0,0,NA,,,,0,NA,,,,,,,NA,NA,NA,NA,NA,NA,NA,NA,NA,NA,NA,NA,NA,NA,0,
3367,12/23/15 14:20,"Washington St and Joy St, Somerville, MA",-71.0885832,42.3806671,1,1,1,3,1,3,NA,1,1,NA,2,1,,NA,NA,NA,NA,NA,NA,NA,NA,NA,NA,NA,NA,NA,NA,NA,0,0,0,NA,,,,1,NA,1,18,3,1,,,NA,NA,NA,NA,NA,NA,NA,NA,NA,NA,NA,NA,NA,NA,0,
3368,12/23/15 17:33,"Middlesex Ave, Somerville, MA",-71.0831773,42.3931891,2,2,3,1,2,2,NA,2,1,NA,2,5,"20, 7, 14",NA,NA,NA,NA,NA,NA,NA,NA,NA,NA,NA,NA,NA,NA,NA,0,0,0,NA,,,,0,NA,,,,,,,NA,NA,NA,NA,NA,NA,NA,NA,NA,NA,NA,NA,NA,NA,0,"aditional contrib code ( 7, 14)"
3369,12/23/15 18:00,"College Ave and Broadway, Somerville, MA",-71.117348,42.400524,3,2,3,8,2,2,NA,2,99,NA,1,1,,NA,NA,NA,NA,NA,NA,NA,NA,NA,NA,NA,NA,NA,NA,NA,0,0,0,NA,,,,0,NA,,,,,,,NA,NA,NA,NA,NA,NA,NA,NA,NA,NA,NA,NA,NA,NA,0,
3370,12/23/15 19:20,"Cutter Ave and Summer St, Somerville, MA",-71.1206131,42.3940936,3,2,3,2,4,1,1,1,1,NA,,,,NA,NA,NA,NA,NA,NA,NA,NA,NA,NA,NA,NA,NA,NA,NA,0,1,0,1,1,,2,0,NA,,,,,,,NA,NA,NA,NA,NA,NA,NA,NA,NA,NA,NA,NA,NA,NA,0,both pedesterian and motorist refused medical 
3371,12/24/15 8:30,"Somerville Ave and Lowell St, Somerville, MA",-71.1118757,42.3845931,2,2,1,3,1,2,NA,1,NA,NA,1,20,,NA,NA,NA,NA,NA,NA,NA,NA,NA,NA,NA,NA,NA,NA,NA,0,0,0,NA,,,,0,NA,,,,,,,NA,NA,NA,NA,NA,NA,NA,NA,NA,NA,NA,NA,NA,NA,0,
3372,12/24/15 11:58,"Bradley St and Radcliffe Rd, Somerville, MA",-71.0940793,42.3888861,1,1,1,2,1,2,NA,1,1,NA,1,99,,NA,NA,NA,NA,NA,NA,NA,NA,NA,NA,NA,NA,NA,NA,NA,0,0,0,NA,,,,1,2,1,25,4,1,F,24,4,1,NA,NA,NA,NA,NA,NA,NA,NA,NA,NA,NA,NA,0,
3373,12/24/15 20:41,"266 Broadway, Somerville, MA",-71.0911762,42.390861,1,1,1,1,2,3,NA,2,99,NA,2,99,,NA,NA,NA,NA,NA,NA,NA,NA,NA,NA,NA,NA,NA,NA,NA,0,0,0,NA,,,,0,NA,,,,,,,NA,NA,NA,NA,NA,NA,NA,NA,NA,NA,NA,NA,NA,NA,0,
3374,12/25/15 4:31,"Washington St and Dane St, Somerville, MA",-71.1040464,42.3788385,1,2,3,2,1,3,NA,1,1,NA,1,3,,NA,NA,NA,NA,NA,NA,NA,NA,NA,NA,NA,NA,NA,NA,NA,0,0,0,NA,,,,0,NA,,,,,,,NA,NA,NA,NA,NA,NA,NA,NA,NA,NA,NA,NA,NA,NA,0,
3375,12/26/15 9:40,"Highland Ave and Walnut St, Somerville, MA",-71.0941672,42.3851419,1,1,3,2,1,3,NA,1,3,NA,1,1,,NA,NA,NA,NA,NA,NA,NA,NA,NA,NA,NA,NA,NA,NA,NA,0,0,0,NA,,,,0,NA,,,,,,,NA,NA,NA,NA,NA,NA,NA,NA,NA,NA,NA,NA,NA,NA,0,
3376,12/26/15 15:21,"72 Holland St, Somerville, MA",-71.1242343,42.3982958,2,1,1,1,1,1,1,1,1,NA,,,,NA,NA,NA,NA,NA,NA,NA,NA,NA,NA,NA,NA,NA,NA,NA,1,0,0,4,2,,7,1,NA,1,31,4,,,,NA,NA,NA,NA,NA,NA,NA,NA,NA,NA,NA,NA,NA,NA,0,"cyclist refused medical, minor injury to fingers"
3377,12/28/15 14:26,"Broadway and Central St, Somerville, MA",-71.0986355,42.395264,1,1,1,3,1,3,NA,2,1,NA,2,99,,NA,NA,NA,NA,NA,NA,NA,NA,NA,NA,NA,NA,NA,NA,NA,0,0,0,NA,,,,1,NA,0,32,4,,,,NA,NA,NA,NA,NA,NA,NA,NA,NA,NA,NA,NA,NA,NA,0,
3378,12/29/15 6:29,"252 Medford St, Somerville, MA",-71.0921562,42.3837122,4,3,5,1,3,1,NA,2,99,NA,,,,NA,NA,NA,NA,NA,NA,NA,NA,NA,NA,NA,NA,NA,NA,NA,0,0,0,NA,,,,1,NA,1,45,99,,,,NA,NA,NA,NA,NA,NA,NA,NA,NA,NA,NA,NA,NA,NA,0,
3379,12/29/15 15:55,"26 Central St, Somerville, MA",-71.1060372,42.3850559,5,7,2,1,4,1,1,1,1,NA,,,,NA,NA,NA,NA,NA,NA,NA,NA,NA,NA,NA,NA,NA,NA,NA,0,1,0,8,5,,7,1,NA,0,66,3,1,,,NA,NA,NA,NA,NA,NA,NA,NA,NA,NA,NA,NA,NA,NA,0,
3380,12/31/15 18:45,"Warner St and Broadway, Somerville, MA",-71.116275,42.401082,1,1,4,7,1,2,NA,1,1,NA,1,1,,NA,NA,NA,NA,NA,NA,NA,NA,NA,NA,NA,NA,NA,NA,NA,0,0,0,NA,,,,0,NA,,,,,,,NA,NA,NA,NA,NA,NA,NA,NA,NA,NA,NA,NA,NA,NA,0,
3381,1/3/16 1:30,"Marshall St and Pearl St, Somerville, MA",-71.0957494,42.3881671,1,1,1,3,1,4,2,1,1,NA,1,2,,NA,NA,NA,NA,NA,NA,NA,NA,NA,NA,NA,NA,NA,NA,NA,0,0,0,NA,,,,0,NA,,,,,,,NA,NA,NA,NA,NA,NA,NA,NA,NA,NA,NA,NA,NA,NA,0,
3382,1/3/16 13:52,"Broadway and Charles E Ryan Rd, Somerville, MA",-71.1056987,42.3977741,1,1,1,3,1,2,2,2,1,NA,2,20,,NA,NA,NA,NA,NA,NA,NA,NA,NA,NA,NA,NA,NA,NA,NA,0,0,0,NA,,,,1,3,1,22,4,0,1,58,4,0,1,13,4,0,NA,NA,NA,NA,NA,NA,NA,NA,0,
3383,1/4/16 7:40,"12 Francis St, Somerville, MA",-71.1113278,42.3906382,2,1,1,3,4,2,2,6,99,NA,1,,,NA,NA,NA,NA,NA,NA,NA,NA,NA,NA,NA,NA,NA,NA,NA,0,0,0,NA,,,,0,NA,,,,,,,NA,NA,NA,NA,NA,NA,NA,NA,NA,NA,NA,NA,NA,NA,0,
3384,1/4/16 8:48,"624 Somerville Ave, Somerville, MA",-71.1106127,42.3837335,1,1,1,1,1,3,2,1,4,NA,2,1,,NA,NA,NA,NA,NA,NA,NA,NA,NA,NA,NA,NA,NA,NA,NA,0,0,0,NA,,,,0,NA,,,,,,,NA,NA,NA,NA,NA,NA,NA,NA,NA,NA,NA,NA,NA,NA,0,
3385,1/4/16 12:11,"120 School St, Somerville, MA",-71.0990579,42.3865928,2,1,1,1,4,4,2,2,1,NA,10,,,NA,NA,NA,NA,NA,NA,NA,NA,NA,NA,NA,NA,NA,NA,NA,0,0,0,NA,,,,0,NA,,,,,,,NA,NA,NA,NA,NA,NA,NA,NA,NA,NA,NA,NA,NA,NA,1,
3386,1/4/16 13:25,"Washington St and Inner Belt Rd, Somerville, MA",-71.0815211,42.3820437,2,1,3,3,1,2,2,1,5,NA,1,1,,NA,NA,NA,NA,NA,NA,NA,NA,NA,NA,NA,NA,NA,NA,NA,0,0,0,NA,,,,0,NA,,,,,,,NA,NA,NA,NA,NA,NA,NA,NA,NA,NA,NA,NA,NA,NA,0,
3387,1/4/16 18:37,"264 Washington St, Somerville, MA",-71.0970194,42.379345,1,1,3,3,2,2,2,1,19,NA,2,1,,NA,NA,NA,NA,NA,NA,NA,NA,NA,NA,NA,NA,NA,NA,NA,0,0,0,NA,,,,0,NA,,,,,,,NA,NA,NA,NA,NA,NA,NA,NA,NA,NA,NA,NA,NA,NA,0,
3388,1/5/16 8:05,"42 Stone Ave, Somerville, MA",-71.0949763,42.3810034,1,1,1,1,1,5,3,1,10,NA,2,,,1,NA,NA,NA,NA,NA,NA,NA,NA,NA,NA,NA,NA,NA,NA,0,0,1,NA,97,Building,,0,NA,,,,,,,NA,NA,NA,NA,NA,NA,NA,NA,NA,NA,NA,NA,NA,NA,0,
3389,1/5/16 15:29,"19 Herbert St, Somerville, MA",-71.1229936,42.3956201,1,1,1,1,1,8,2,6,1,NA,1,1,,NA,NA,NA,NA,NA,NA,NA,NA,NA,NA,NA,NA,NA,NA,NA,0,0,0,NA,,,,0,NA,,,,,,,NA,NA,NA,NA,NA,NA,NA,NA,NA,NA,NA,NA,NA,NA,1,
3390,1/8/16 11:30,"81 Liberty Ave, Somerville, MA",-71.1170685,42.3983016,2,1,1,1,1,1,1,8,1,NA,,,,NA,NA,NA,NA,NA,NA,NA,NA,NA,NA,NA,NA,NA,NA,NA,0,0,1,NA,97,"Brick barrier, wooden post",,0,NA,,,,,,,NA,NA,NA,NA,NA,NA,NA,NA,NA,NA,NA,NA,NA,NA,0,
3391,1/8/16 17:32,"34 North St, Somerville, MA",-71.1303203,42.4073322,2,1,1,1,99,1,1,1,19,20,,,,NA,NA,NA,NA,NA,NA,NA,NA,NA,NA,NA,NA,NA,NA,NA,1,0,0,5,2,,4,1,NA,1,13,4,1,,,NA,NA,NA,NA,NA,NA,NA,NA,NA,NA,NA,NA,NA,NA,0,
3392,1/9/16 2:01,"181 Tremont St, Somerville, MA",-71.096324,42.374729,1,1,1,1,4,1,2,NA,NA,NA,,8,,NA,NA,NA,NA,NA,NA,NA,NA,NA,NA,NA,NA,NA,NA,NA,0,0,0,NA,,,,0,NA,,,,,,,NA,NA,NA,NA,NA,NA,NA,NA,NA,NA,NA,NA,NA,NA,0,
3393,1/10/16 15:29,"Grand Union Blvd and Foley St, Somerville, MA",-71.0805024,42.3930129,3,2,2,2,1,3,2,2,1,NA,1,3,7,NA,NA,NA,NA,NA,NA,NA,NA,NA,NA,NA,NA,NA,NA,NA,0,0,0,NA,,,,0,NA,,,,,,,NA,NA,NA,NA,NA,NA,NA,NA,NA,NA,NA,NA,NA,NA,0,
3394,1/10/16 18:08,"Grand Union Blvd and Foley St, Somerville, MA",-71.0805024,42.3930129,3,2,2,2,2,3,2,1,99,NA,2,99,,NA,NA,NA,NA,NA,NA,NA,NA,NA,NA,NA,NA,NA,NA,NA,0,0,0,NA,,,,0,NA,,,,,,,NA,NA,NA,NA,NA,NA,NA,NA,NA,NA,NA,NA,NA,NA,0,
3395,1/12/16 11:57,"Summer St and Benton Rd, Somerville, MA",-71.106865,42.3866442,1,1,2,3,1,3,2,1,1,NA,1,1,,NA,NA,NA,NA,NA,NA,NA,NA,NA,NA,NA,NA,NA,NA,NA,0,0,0,NA,,,,0,NA,,,,,,,NA,NA,NA,NA,NA,NA,NA,NA,NA,NA,NA,NA,NA,NA,0,
3396,1/12/16 19:01,"514 Medford St, Somerville, MA",-71.1038803,42.3965029,"3, 4",23,1,1,2,4,2,2,1,NA,1,99,,NA,NA,NA,NA,NA,NA,NA,NA,NA,NA,NA,NA,NA,NA,NA,0,0,0,NA,,,,0,NA,,,,,,,NA,NA,NA,NA,NA,NA,NA,NA,NA,NA,NA,NA,NA,NA,1,
3397,1/12/16 19:44,"School St and Central St, Somerville, MA",-71.1028442,42.3892476,4,2,3,2,4,1,1,2,1,NA,,,,NA,NA,NA,NA,NA,NA,NA,NA,NA,NA,NA,NA,NA,NA,NA,0,1,0,1,1,,1,1,NA,0,15,3,1,,,NA,NA,NA,NA,NA,NA,NA,NA,NA,NA,NA,NA,NA,NA,0,
3398,1/14/16 8:00,"206 Lowell St, Somerville, MA",-71.1075319,42.3911671,unk,unk,unk,unk,unk,unk,2,2,99,NA,1,99,,NA,NA,NA,NA,NA,NA,NA,NA,NA,NA,NA,NA,NA,NA,NA,0,0,0,NA,,,,0,NA,,,,,,,NA,NA,NA,NA,NA,NA,NA,NA,NA,NA,NA,NA,NA,NA,0,
3399,1/16/16 0:21,"Summer St and Lowell St, Somerville, MA",-71.1096232,42.3877952,1,2,2,2,1,99,2,2,99,NA,1,99,,NA,NA,NA,NA,NA,NA,NA,NA,NA,NA,NA,NA,NA,NA,NA,0,0,0,NA,,,,0,NA,,,,,,,NA,NA,NA,NA,NA,NA,NA,NA,NA,NA,NA,NA,NA,NA,0,
3400,1/16/16 14:45,"304 Somerville Ave, Somerville, MA",-71.09752,42.3800979,2,2,1,1,4,3,1,1,99,NA,,99,,NA,NA,NA,NA,NA,NA,NA,NA,NA,NA,NA,NA,NA,NA,NA,0,0,1,4,97,Scooter,7,1,NA,0,38,3,1,,,NA,NA,NA,NA,NA,NA,NA,NA,NA,NA,NA,NA,NA,NA,0,
3401,1/16/16 17:16,"14 Broadway, Somerville, MA",-71.0783752,42.3860643,1,1,3,2,4,2,2,1,1,NA,1,1,,NA,NA,NA,NA,NA,NA,NA,NA,NA,NA,NA,NA,NA,NA,NA,0,0,0,NA,,,,0,NA,,,,,,,NA,NA,NA,NA,NA,NA,NA,NA,NA,NA,NA,NA,NA,NA,0,
3402,1/16/16 22:50,"257 Highland Ave, Somerville, MA",-71.1103983,42.3915026,1,2,1,1,1,2,2,2,1,NA,1,1,,NA,NA,NA,NA,NA,NA,NA,NA,NA,NA,NA,NA,NA,NA,NA,0,0,0,NA,,,,0,NA,,,,,,,NA,NA,NA,NA,NA,NA,NA,NA,NA,NA,NA,NA,NA,NA,0,
3403,1/16/16 11:53,"Somerville Ave and Properzi Way, Somerville, MA",-71.1050939,42.3829252,3,2,1,3,1,1,1,2,99,NA,,,,NA,NA,NA,NA,NA,NA,NA,NA,NA,NA,NA,NA,NA,NA,NA,0,1,0,1,1,,2,1,NA,0,38,3,1,,,NA,NA,NA,NA,NA,NA,NA,NA,NA,NA,NA,NA,NA,NA,0,
3404,1/17/16 8:12,"Broadway and Clarendon Ave, Somerville, MA",-71.1276129,42.4034575,1,1,1,3,1,2,2,1,1,NA,1,99,,NA,NA,NA,NA,NA,NA,NA,NA,NA,NA,NA,NA,NA,NA,NA,0,0,0,NA,,,,1,NA,1,42,4,0,,,NA,NA,NA,NA,NA,NA,NA,NA,NA,NA,NA,NA,NA,NA,0,
3405,1/17/16 12:51,"301 Washington St, Somerville, MA",-71.099743,42.379557,1,1,3,1,2,2,2,1,3,NA,2,1,,NA,NA,NA,NA,NA,NA,NA,NA,NA,NA,NA,NA,NA,NA,NA,0,0,0,NA,,,,1,NA,0,55,3,1,,,NA,NA,NA,NA,NA,NA,NA,NA,NA,NA,NA,NA,NA,NA,0,
3406,1/17/16 15:41,"Cedar Ave and Cedar St, Somerville, MA",-71.1132636,42.3909938,unk,unk,unk,unk,unk,unk,2,1,3,NA,1,1,,NA,NA,NA,NA,NA,NA,NA,NA,NA,NA,NA,NA,NA,NA,NA,0,0,0,NA,,,,0,NA,,,,,,,NA,NA,NA,NA,NA,NA,NA,NA,NA,NA,NA,NA,NA,NA,0,
3407,1/17/16 16:00,"Grand Union Blvd, Somerville, MA",-71.0811238,42.3948591,1,1,1,1,1,5,2,2,4,NA,1,1,,NA,NA,NA,NA,NA,NA,NA,NA,NA,NA,NA,NA,NA,NA,NA,0,0,0,NA,,,,1,NA,unk,unk,unk,,,,NA,NA,NA,NA,NA,NA,NA,NA,NA,NA,NA,NA,NA,NA,0,
3408,1/18/16 1:36,"25 Kidder Ave, Somerville, MA",-71.1179443,42.398883,48,2,1,1,1,3,4,2,21,NA,1,1,,NA,NA,NA,NA,NA,NA,NA,NA,NA,NA,NA,NA,NA,NA,NA,0,0,0,NA,,,,0,NA,,,,,,,NA,NA,NA,NA,NA,NA,NA,NA,NA,NA,NA,NA,NA,NA,0,
3409,1/18/16 1:40,"Elm St and Dover St, Somerville, MA",-71.1225638,42.3965069,48,2,3,4,4,3,2,NA,1,NA,,1,,NA,NA,NA,NA,NA,NA,NA,NA,NA,NA,NA,NA,NA,NA,NA,0,0,0,NA,,,,1,2,0,51,3,1,1,47,3,1,NA,NA,NA,NA,NA,NA,NA,NA,NA,NA,NA,NA,0,
3410,1/18/16 14:30,"116 Sycamore St, Somerville, MA",-71.0989799,42.392302,1,2,1,1,4,8,3,1,14,15,1,unk,,NA,NA,NA,NA,NA,NA,NA,NA,NA,NA,NA,NA,NA,NA,NA,0,0,0,NA,,,,1,NA,0,36,2,1,,,NA,NA,NA,NA,NA,NA,NA,NA,NA,NA,NA,NA,NA,NA,0,
3411,1/19/16 19:20,"70 Porter St, Somerville, MA",-71.111584,42.3895839,1,1,1,1,1,3,3,2,1,NA,2,unk,,NA,NA,NA,NA,NA,NA,NA,NA,NA,NA,NA,NA,NA,NA,NA,0,0,0,NA,,,,0,NA,,,,,,,NA,NA,NA,NA,NA,NA,NA,NA,NA,NA,NA,NA,NA,NA,0,
3412,1/20/16 11:34,"225 Elm St, Somerville, MA",-71.1211381,42.3946432,1,1,1,1,4,1,1,6,1,NA,,,,NA,NA,NA,NA,NA,NA,NA,NA,NA,NA,NA,NA,NA,NA,NA,0,0,1,9,97,Lamp post,,0,NA,,,,,,,NA,NA,NA,NA,NA,NA,NA,NA,NA,NA,NA,NA,NA,NA,1,
3413,1/20/16 11:46,"Medford St and Lowell St, Somerville, MA",-71.1036591,42.396406,unk,unk,unk,unk,unk,unk,2,2,1,NA,10,6,,NA,NA,NA,NA,NA,NA,NA,NA,NA,NA,NA,NA,NA,NA,NA,0,0,0,NA,,,,0,NA,,,,,,,NA,NA,NA,NA,NA,NA,NA,NA,NA,NA,NA,NA,NA,NA,0,
3414,1/20/16 13:40,"Temple St and Sewall St, Somerville, MA",-71.0925535,42.3936272,1,1,1,2,1,3,2,1,1,NA,1,99,,NA,NA,NA,NA,NA,NA,NA,NA,NA,NA,NA,NA,NA,NA,NA,0,0,0,NA,,,,0,NA,,,,,,,NA,NA,NA,NA,NA,NA,NA,NA,NA,NA,NA,NA,NA,NA,0,
3415,1/21/16 16:30,"Summer St and Banks St, Somerville, MA",-71.1169599,42.3925135,1,1,1,3,1,3,2,4,99,NA,1,unk,,NA,NA,NA,NA,NA,NA,NA,NA,NA,NA,NA,NA,NA,NA,NA,0,0,0,NA,,,,0,NA,,,,,,,NA,NA,NA,NA,NA,NA,NA,NA,NA,NA,NA,NA,NA,NA,0,
3416,1/22/16 7:09,"50 Webster Ave, Somerville, MA",-71.094918,42.3769195,1,1,1,1,4,8,2,1,1,NA,8,1,,NA,NA,NA,NA,NA,NA,NA,NA,NA,NA,NA,NA,NA,NA,NA,0,0,0,NA,,,,0,NA,,,,,,,NA,NA,NA,NA,NA,NA,NA,NA,NA,NA,NA,NA,NA,NA,0,V1 and V2 refused medical
3417,1/22/16 17:21,"Broadway and Warner St, Somerville, MA",-71.116275,42.401082,1,1,4,7,4,3,2,1,99,NA,1,99,,NA,NA,NA,NA,NA,NA,NA,NA,NA,NA,NA,NA,NA,NA,NA,0,0,0,NA,,,,0,NA,,,,,,,NA,NA,NA,NA,NA,NA,NA,NA,NA,NA,NA,NA,NA,NA,0,
3418,1/22/16 18:51,"College Ave and Summit St, Somerville, MA",-71.1189036,42.3994436,1,1,1,2,1,1,1,1,4,NA,,,,NA,NA,NA,NA,NA,NA,NA,NA,NA,NA,NA,NA,NA,NA,NA,0,1,0,1,2,,5,1,NA,0,57,2,1,,,NA,NA,NA,NA,NA,NA,NA,NA,NA,NA,NA,NA,NA,NA,0,
3419,1/23/16 18:46,"75 Union Sq, Somerville, MA",-71.0947869,42.3798306,4,3,1,1,1,7,2,2,18,NA,1,1,,NA,NA,NA,NA,NA,NA,NA,NA,NA,NA,NA,NA,NA,NA,NA,0,0,0,NA,,,,0,NA,,,,,,,NA,NA,NA,NA,NA,NA,NA,NA,NA,NA,NA,NA,NA,NA,1,
3420,1/24/16 14:54,"Medford St and Walnut St, Somerville, MA",-71.0937489,42.3857992,197,2,3,3,1,9,2,1,3,NA,1,1,,NA,NA,NA,NA,NA,NA,NA,NA,NA,NA,NA,NA,NA,NA,NA,0,0,0,NA,,,,0,NA,,,,,,,NA,NA,NA,NA,NA,NA,NA,NA,NA,NA,NA,NA,NA,NA,0,
3421,1/25/16 12:24,"60 Highland Rd, Somerville, MA",-71.112723,42.396695,1,1,1,1,1,8,2,2,20,NA,1,1,,NA,NA,NA,NA,NA,NA,NA,NA,NA,NA,NA,NA,NA,NA,NA,0,0,0,NA,,,,0,NA,,,,,,,NA,NA,NA,NA,NA,NA,NA,NA,NA,NA,NA,NA,NA,NA,0,
3422,1/25/16 18:50,"Broadway and Michigan St, Somerville, MA",-71.08417,42.3878167,1,2,1,3,3,4,2,2,1,NA,1,99,,NA,NA,NA,NA,NA,NA,NA,NA,NA,NA,NA,NA,NA,NA,NA,0,0,0,NA,,,,0,NA,,,,,,,NA,NA,NA,NA,NA,NA,NA,NA,NA,NA,NA,NA,NA,NA,0,
3423,1/25/16 15:49,"Washington St and Joy St, Somerville, MA",-71.0885832,42.3806671,1,2,1,3,1,1,1,2,4,97,,,,NA,NA,NA,NA,NA,NA,NA,NA,NA,NA,NA,NA,NA,NA,NA,0,1,0,1,1,,2,1,NA,1,72,3,1,,,NA,NA,NA,NA,NA,NA,NA,NA,NA,NA,NA,NA,NA,NA,0,
3424,1/26/16 15:03,"191 Morrison Ave, Somerville, MA",-71.119192,42.397304,2,2,1,9,1,3,2,1,4,NA,1,1,,NA,NA,NA,NA,NA,NA,NA,NA,NA,NA,NA,NA,NA,NA,NA,0,0,0,NA,,,,1,NA,0,22,4,,,,NA,NA,NA,NA,NA,NA,NA,NA,NA,NA,NA,NA,NA,NA,0,
3425,1/26/16 19:41,"Broadway and Warner St, Somerville, MA",-71.116275,42.401082,1,1,2,7,unk,4,2,1,99,NA,1,99,,NA,NA,NA,NA,NA,NA,NA,NA,NA,NA,NA,NA,NA,NA,NA,0,0,0,NA,,,,0,NA,,,,,,,NA,NA,NA,NA,NA,NA,NA,NA,NA,NA,NA,NA,NA,NA,0,
3426,1/26/16 7:53,"151 Linwood St, Somerville, MA",-71.0884809,42.3794582,1,1,unk,unk,unk,unk,1,1,99,NA,,,,NA,NA,NA,NA,NA,NA,NA,NA,NA,NA,NA,NA,NA,NA,NA,1,0,0,99,1,,5a,1,NA,1,30,4,1,,,NA,NA,NA,NA,NA,NA,NA,NA,NA,NA,NA,NA,NA,NA,0,
3427,1/28/16 11:09,"Broadway and Willow Ave, Somerville, MA",-71.1127004,42.4001,1,1,3,2,1,1,1,1,99,NA,,,,NA,NA,NA,NA,NA,NA,NA,NA,NA,NA,NA,NA,NA,NA,NA,0,1,0,1,2,,5,1,NA,1,,unk,,,,NA,NA,NA,NA,NA,NA,NA,NA,NA,NA,NA,NA,NA,NA,0,pedestrian refused medical
3428,1/29/16 16:03,"35 Temple St, Somerville, MA",-71.0923192,42.3936529,2,1,1,1,1,1,1,2,4,NA,,,,NA,NA,NA,NA,NA,NA,NA,NA,NA,NA,NA,NA,NA,NA,NA,0,1,0,4,2,,2,1,NA,1,16,3,1,,,NA,NA,NA,NA,NA,NA,NA,NA,NA,NA,NA,NA,NA,NA,0,
3429,1/30/16 13:09,"2 North St, Somerville, MA",-71.1313595,42.4062069,1,1,3,1,1,2,2,1,1,NA,1,99,,NA,NA,NA,NA,NA,NA,NA,NA,NA,NA,NA,NA,NA,NA,NA,0,0,0,NA,,,,0,NA,,,,,,,NA,NA,NA,NA,NA,NA,NA,NA,NA,NA,NA,NA,NA,NA,0,
3430,1/31/16 23:29,"Franklin St and Arlington St, Somerville, MA",-71.0829807,42.3862516,1,1,1,3,4,3,2,1,2,10,2,1,,NA,NA,NA,NA,NA,NA,NA,NA,NA,NA,NA,NA,NA,NA,NA,0,0,0,NA,,,,0,NA,,,,,,,NA,NA,NA,NA,NA,NA,NA,NA,NA,NA,NA,NA,NA,NA,0,