id,date_time,address,lon,lat,Weather,road_surface,traffic_control_device,intersection_type,traffic_way_desc,collision_manner,num_involved_vehicles,vehicle1_configuration,driver1_contrib1,driver1_contrib2,vehicle2_configuration,driver2_contrib1,driver2_contrib2,vehicle3_configuration,driver3_contrib1,driver3_contrib2,vehicle4_configuration,driver4_contrib1,driver4_contrib2,vehicle5_configuration,driver5_contrib1,driver5_contrib2,vehicle6_configuration,driver6_contrib1,driver6_contrib2,vehicle7_configuration,driver7_contrib1,driver7_contrib2,Bicycle,Pedestrian,non_mv,non_motorist_location,non_motorist_action,non_motorist_type,manner_of_non_motorist_collision,Injury,Multiple,Gender1,Age1,Severity1,Hospital1,Gender2,Age2,Severity2,Hospital2,Gender3,Age3,Severity3,Hospital3,Gender4,Age4,Severity4,Hospital4,Gender5,Age5,Severity5,Hospital5,city_vehicle,Notes
3431,2/1/16 13:20,"Broadway and Ryan Rd, Somerville, MA",-71.1056987,42.3977741,1,1,99,99,2,4,2,13,99,0,0,99,0,NA,NA,NA,NA,NA,NA,NA,NA,NA,NA,NA,NA,NA,NA,NA,0,0,0,0,0,,,0,NA,,,,,,,NA,NA,NA,NA,NA,NA,NA,NA,NA,NA,NA,NA,NA,NA,1,
3432,2/1/16 18:07,"Summer St and School St, Somerville, MA",-71.1003999,42.3843689,1,1,3,2,1,1,1,1,4,19,0,1,0,NA,NA,NA,NA,NA,NA,NA,NA,NA,NA,NA,NA,NA,NA,NA,1,0,0,4,2,,2,1,NA,0,22,4,0,,,NA,NA,NA,NA,NA,NA,NA,NA,NA,NA,NA,NA,NA,NA,0,
3433,2/1/16 18:20,"45 Beacon St, Somerville, MA",-71.1029087,42.376014,1,1,1,1,1,3,1,1,99,0,0,99,0,NA,NA,NA,NA,NA,NA,NA,NA,NA,NA,NA,NA,NA,NA,NA,1,0,0,4,2,,1,0,NA,,,,,,,NA,NA,NA,NA,NA,NA,NA,NA,NA,NA,NA,NA,NA,NA,0,cyclist refused medical attention
3434,2/2/16 1:30,"83 Flint St, Somerville, MA",-71.0895092,42.385405,1,1,1,1,1,4,2,1,99,0,0,0,0,NA,NA,NA,NA,NA,NA,NA,NA,NA,NA,NA,NA,NA,NA,NA,0,0,0,0,0,,,0,NA,,,,,,,NA,NA,NA,NA,NA,NA,NA,NA,NA,NA,NA,NA,NA,NA,0,
3435,2/2/16 6:50,"Concord Ave and Dimick St, Somerville, MA",-71.1015754,42.3757514,1,1,2,3,1,9,2,1,1,0,2,99,0,NA,NA,NA,NA,NA,NA,NA,NA,NA,NA,NA,NA,NA,NA,NA,0,0,0,0,0,,,1,NA,1,55,3,1,,,NA,NA,NA,NA,NA,NA,NA,NA,NA,NA,NA,NA,NA,NA,0,
3444,2/4/16 20:48,"237 Elm St, Somerville, MA",-71.1216307,42.3950242,1,1,1,1,4,1,1,1,1,0,0,0,0,NA,NA,NA,NA,NA,NA,NA,NA,NA,NA,NA,NA,NA,NA,NA,1,0,0,4,2,,4,0,NA,,,,,,,NA,NA,NA,NA,NA,NA,NA,NA,NA,NA,NA,NA,NA,NA,0,
3436,2/2/16 7:56,"Medford St and Warren St, Somerville, MA",-71.0876474,42.3737985,1,1,2,3,1,3,1,1,99,0,0,0,0,NA,NA,NA,NA,NA,NA,NA,NA,NA,NA,NA,NA,NA,NA,NA,1,0,0,1,2,,5,0,NA,,,,,,,NA,NA,NA,NA,NA,NA,NA,NA,NA,NA,NA,NA,NA,NA,0,cyclist refused medical attention
3437,2/3/16 7:20,"269 Somerville Ave, Somerville, MA",-71.0935398,42.3790753,1,1,1,1,1,2,2,1,1,0,1,13,0,NA,NA,NA,NA,NA,NA,NA,NA,NA,NA,NA,NA,NA,NA,NA,0,0,0,0,0,,,0,NA,,,,,,,NA,NA,NA,NA,NA,NA,NA,NA,NA,NA,NA,NA,NA,NA,0,
3438,2/3/16 7:51,"1159 Broadway, Somerville, MA",-71.1274457,42.4036065,1,1,1,1,1,2,2,1,1,0,1,99,0,NA,NA,NA,NA,NA,NA,NA,NA,NA,NA,NA,NA,NA,NA,NA,0,0,0,0,0,,,0,NA,,,,,,,NA,NA,NA,NA,NA,NA,NA,NA,NA,NA,NA,NA,NA,NA,0,
3439,2/3/16 19:29,"416 Washington St, Somerville, MA",-71.1067055,42.3782038,3,2,1,1,1,1,1,1,99,0,0,0,0,NA,NA,NA,NA,NA,NA,NA,NA,NA,NA,NA,NA,NA,NA,NA,0,1,0,4,1,,5,1,NA,0,32,99,1,,,NA,NA,NA,NA,NA,NA,NA,NA,NA,NA,NA,NA,NA,NA,0,
3440,2/3/16 20:25,"Beacon St and Calvin St, Somerville, MA",-71.1049621,42.3771273,3,2,1,3,1,1,1,0,4,19,0,0,0,NA,NA,NA,NA,NA,NA,NA,NA,NA,NA,NA,NA,NA,NA,NA,0,1,0,1,1,,5,1,NA,0,24,2,1,,,NA,NA,NA,NA,NA,NA,NA,NA,NA,NA,NA,NA,NA,NA,0,
3441,2/4/16 10:30,"131 Bailey Rd, Somerville, MA",-71.0900941,42.39731,32,2,1,1,1,3,2,0,99,0,0,1,0,NA,NA,NA,NA,NA,NA,NA,NA,NA,NA,NA,NA,NA,NA,NA,0,0,0,0,0,,,0,NA,,,,,,,NA,NA,NA,NA,NA,NA,NA,NA,NA,NA,NA,NA,NA,NA,1,
3442,2/4/16 17:04,"149 Washington St, Somerville, MA",-71.0892293,42.3806527,2,1,1,1,1,2,2,2,5,0,2,1,0,NA,NA,NA,NA,NA,NA,NA,NA,NA,NA,NA,NA,NA,NA,NA,0,0,0,0,0,,,0,NA,,,,,,,NA,NA,NA,NA,NA,NA,NA,NA,NA,NA,NA,NA,NA,NA,0,
3443,2/4/16 23:56,"Somerville Ave and Webster Ave, Somerville, MA",-71.0964021,42.3796323,35,2,3,2,1,2,2,2,1,0,2,19,0,NA,NA,NA,NA,NA,NA,NA,NA,NA,NA,NA,NA,NA,NA,NA,0,0,0,0,0,,,1,2,1,39,3,1,0,26,4,0,NA,NA,NA,NA,NA,NA,NA,NA,NA,NA,NA,NA,1,D2 refused medical attention
3445,2/5/16 9:16,"McGrath Hwy and Greenville St, Somerville, MA",-71.0914991,42.3833039,4,2,1,3,1,10,2,1,1,0,0,18,0,NA,NA,NA,NA,NA,NA,NA,NA,NA,NA,NA,NA,NA,NA,NA,0,0,0,0,0,,,0,NA,,,,,,,NA,NA,NA,NA,NA,NA,NA,NA,NA,NA,NA,NA,NA,NA,1,
3446,2/5/16 13:47,"269 Somerville Ave, Somerville, MA",-71.0935398,42.3790753,4,3,3,1,1,2,2,2,1,0,1,11,0,NA,NA,NA,NA,NA,NA,NA,NA,NA,NA,NA,NA,NA,NA,NA,0,0,0,0,0,,,0,NA,,,,,,,NA,NA,NA,NA,NA,NA,NA,NA,NA,NA,NA,NA,NA,NA,0,
3447,2/5/16 14:20,"Dane St and Washington St, Somerville, MA",-71.1040464,42.3788385,4,3,3,2,1,3,2,1,1,0,2,1,0,NA,NA,NA,NA,NA,NA,NA,NA,NA,NA,NA,NA,NA,NA,NA,0,0,0,0,0,,,0,NA,,,,,,,NA,NA,NA,NA,NA,NA,NA,NA,NA,NA,NA,NA,NA,NA,0,
3448,2/6/16 9:15,"26 Pearl St, Somerville, MA",-71.081329,42.38358,1,2,1,1,1,3,3,1,4,NA,2,1,,2,NA,NA,NA,NA,NA,NA,NA,NA,NA,NA,NA,NA,NA,NA,0,0,0,0,0,,,0,NA,,,,,,,NA,NA,NA,NA,NA,NA,NA,NA,NA,NA,NA,NA,NA,NA,0,
3449,2/7/16 18:30,"Broadway and Liberty Ave, Somerville, MA",-71.1150914,42.4008846,1,1,1,3,1,3,2,0,4,0,0,0,0,NA,NA,NA,NA,NA,NA,NA,NA,NA,NA,NA,NA,NA,NA,NA,0,0,0,0,0,,,1,NA,0,21,4,1,,,NA,NA,NA,NA,NA,NA,NA,NA,NA,NA,NA,NA,NA,NA,0,
3450,2/8/16 7:12,"Gilman St and Walnut St, Somerville, MA",-71.093397,42.3867133,48,3,1,99,4,2,2,1,1,0,1,1,0,NA,NA,NA,NA,NA,NA,NA,NA,NA,NA,NA,NA,NA,NA,NA,0,0,0,0,0,,,0,NA,,,,,,,NA,NA,NA,NA,NA,NA,NA,NA,NA,NA,NA,NA,NA,NA,0,
3451,2/8/16 13:45,"Grand Union Blvd and Artisan Way, Somerville, MA",-71.0811238,42.3948591,4,3,2,2,1,3,2,0,99,0,0,99,0,NA,NA,NA,NA,NA,NA,NA,NA,NA,NA,NA,NA,NA,NA,NA,0,0,0,0,0,,,1,NA,1,35,4,1,,,NA,NA,NA,NA,NA,NA,NA,NA,NA,NA,NA,NA,NA,NA,0,
3452,2/8/16 18:58,"288 Cedar St, Somerville, MA",-71.1085527,42.3979786,41,3,1,1,1,1,1,2,1,0,0,0,0,NA,NA,NA,NA,NA,NA,NA,NA,NA,NA,NA,NA,NA,NA,NA,0,0,1,0,0,"curb, sign post, 2 trees",,0,NA,,,,,,,NA,NA,NA,NA,NA,NA,NA,NA,NA,NA,NA,NA,NA,NA,0,
3453,2/9/16 6:25,"Cutter Ave and Highland Ave, Somerville, MA",-71.1195998,42.395325,2,2,35,4,4,3,2,1,1,0,1,4,9,NA,NA,NA,NA,NA,NA,NA,NA,NA,NA,NA,NA,NA,NA,NA,0,0,0,0,0,,,0,NA,,,,,,,NA,NA,NA,NA,NA,NA,NA,NA,NA,NA,NA,NA,NA,NA,0,D1 & d2 refused medical attention
3454,2/9/16 8:27,"Broadway and Weston Ave, Somerville, MA",-71.1286642,42.403998,0,0,0,0,0,0,2,2,1,0,1,0,0,NA,NA,NA,NA,NA,NA,NA,NA,NA,NA,NA,NA,NA,NA,NA,0,0,0,0,0,,,0,NA,,,,,,,NA,NA,NA,NA,NA,NA,NA,NA,NA,NA,NA,NA,NA,NA,0,
3455,2/9/16 8:30,"Highland Ave and Lowell St, Somerville, MA",-71.1079523,42.3902029,1,2,3,2,1,3,2,1,1,0,2,0,0,NA,NA,NA,NA,NA,NA,NA,NA,NA,NA,NA,NA,NA,NA,NA,0,0,0,0,0,,,0,NA,,,,,,,NA,NA,NA,NA,NA,NA,NA,NA,NA,NA,NA,NA,NA,NA,0,
3456,2/9/16 15:41,"Temple St and Memorial Rd, Somerville, MA",-71.0924564,42.3962118,2,2,1,3,1,2,2,1,1,0,1,1,0,NA,NA,NA,NA,NA,NA,NA,NA,NA,NA,NA,NA,NA,NA,NA,0,0,0,0,0,,,0,NA,,,,,,,NA,NA,NA,NA,NA,NA,NA,NA,NA,NA,NA,NA,NA,NA,0,
3457,2/9/16 18:48,"Newton St and Webster Ave, Somerville, MA",-71.095842,42.3778737,1,2,2,2,4,3,2,1,11,0,1,1,0,NA,NA,NA,NA,NA,NA,NA,NA,NA,NA,NA,NA,NA,NA,NA,0,0,0,0,0,,,0,NA,,,,,,,NA,NA,NA,NA,NA,NA,NA,NA,NA,NA,NA,NA,NA,NA,0,
3458,2/9/16 7:30,"5 Cherry St, Somerville, MA",-71.1164459,42.3893731,0,0,0,0,0,0,1,0,0,0,0,0,0,NA,NA,NA,NA,NA,NA,NA,NA,NA,NA,NA,NA,NA,NA,NA,0,1,0,0,0,,2,1,2,1,,4,0,0,,4,0,NA,NA,NA,NA,NA,NA,NA,NA,NA,NA,NA,NA,0,pedestrians refused medical
3459,2/9/16 18:25,"Roseland St and Beacon St, Somerville, MA",-71.1162714,42.3866518,1,2,1,3,1,1,1,1,1,0,0,0,0,NA,NA,NA,NA,NA,NA,NA,NA,NA,NA,NA,NA,NA,NA,NA,0,1,0,1,1,,2,1,NA,1,33,4,1,,,NA,NA,NA,NA,NA,NA,NA,NA,NA,NA,NA,NA,NA,NA,0,
3460,2/10/16 6:30,"259 Beacon St, Somerville, MA",-71.1114066,42.3825075,1,2,1,1,1,4,2,8,1,0,1,0,0,NA,NA,NA,NA,NA,NA,NA,NA,NA,NA,NA,NA,NA,NA,NA,0,0,0,0,0,,,0,NA,,,,,,,NA,NA,NA,NA,NA,NA,NA,NA,NA,NA,NA,NA,NA,NA,0,
3462,2/12/16 9:26,"Medford St and Bartlett St, Somerville, MA",-71.1018664,42.3941256,1,1,2,2,1,3,2,2,99,0,2,99,0,NA,NA,NA,NA,NA,NA,NA,NA,NA,NA,NA,NA,NA,NA,NA,0,0,0,0,0,,,0,NA,,,,,,,NA,NA,NA,NA,NA,NA,NA,NA,NA,NA,NA,NA,NA,NA,0,
3463,2/12/16 15:30,"180 Somerville Ave, Somerville, MA",-71.0904322,42.3764299,2,1,1,9,2,3,2,1,1,0,10,4,10,NA,NA,NA,NA,NA,NA,NA,NA,NA,NA,NA,NA,NA,NA,NA,0,0,0,0,0,,,0,NA,,,,,,,NA,NA,NA,NA,NA,NA,NA,NA,NA,NA,NA,NA,NA,NA,0,
3464,2/12/16 20:18,"10 Montgomery Ave, Somerville, MA",-71.0902901,42.3900199,4,0,0,0,0,0,3,1,1,0,1,97,0,NA,NA,NA,NA,NA,NA,NA,NA,NA,NA,NA,NA,NA,NA,NA,0,0,0,0,0,,,0,NA,,,,,,,NA,NA,NA,NA,NA,NA,NA,NA,NA,NA,NA,NA,NA,NA,0,
3465,2/12/16 8:45,"150 Glen St, Somerville, MA",-71.0867152,42.3825979,1,1,1,1,4,1,1,1,97,0,0,0,0,NA,NA,NA,NA,NA,NA,NA,NA,NA,NA,NA,NA,NA,NA,NA,0,1,0,4,5,,4,1,NA,0,31,2,1,,,NA,NA,NA,NA,NA,NA,NA,NA,NA,NA,NA,NA,NA,NA,0,
3466,2/12/16 19:09,"450 Somerville Ave, Somerville, MA",-71.1028405,42.3822409,2,1,1,1,1,3,1,1,6,0,0,0,0,NA,NA,NA,NA,NA,NA,NA,NA,NA,NA,NA,NA,NA,NA,NA,1,0,0,4,2,,2b,1,NA,0,22,3,0,,,NA,NA,NA,NA,NA,NA,NA,NA,NA,NA,NA,NA,NA,NA,0,
3467,2/13/16 9:45,"Broadway and Liberty Ave, Somerville, MA",-71.1150914,42.4008846,1,4,1,3,2,4,2,1,1,0,1,1,0,NA,NA,NA,NA,NA,NA,NA,NA,NA,NA,NA,NA,NA,NA,NA,0,0,0,0,0,,,0,NA,,,,,,,NA,NA,NA,NA,NA,NA,NA,NA,NA,NA,NA,NA,NA,NA,0,
3468,2/13/16 15:08,"62 College Ave, Somerville, MA",-71.1211864,42.3985388,1,1,1,1,1,4,2,1,99,0,1,99,0,NA,NA,NA,NA,NA,NA,NA,NA,NA,NA,NA,NA,NA,NA,NA,0,0,0,0,0,,,0,NA,,,,,,,NA,NA,NA,NA,NA,NA,NA,NA,NA,NA,NA,NA,NA,NA,0,
3469,2/13/16 22:30,"285 Highland Ave, Somerville, MA",-71.112192,42.3922965,1,1,31,2,2,2,2,1,1,0,1,14,0,NA,NA,NA,NA,NA,NA,NA,NA,NA,NA,NA,NA,NA,NA,NA,0,0,0,0,0,,,1,NA,1,37,4,1,,,NA,NA,NA,NA,NA,NA,NA,NA,NA,NA,NA,NA,NA,NA,0,
3470,2/13/16 15:50,"Beacon St and Museum St, Somerville, MA",-71.110988,42.382024,1,1,4,3,1,2,1,6,1,0,0,0,0,NA,NA,NA,NA,NA,NA,NA,NA,NA,NA,NA,NA,NA,NA,NA,1,0,0,4,1,,2a,1,NA,0,28,2,1,,,NA,NA,NA,NA,NA,NA,NA,NA,NA,NA,NA,NA,NA,NA,0,
3471,2/14/16 11:00,"720 Broadway, Somerville, MA",-71.112999,42.3999669,0,0,0,1,0,2,2,11,0,0,11,0,0,NA,NA,NA,NA,NA,NA,NA,NA,NA,NA,NA,NA,NA,NA,NA,0,0,0,0,0,,,0,NA,,,,,,,NA,NA,NA,NA,NA,NA,NA,NA,NA,NA,NA,NA,NA,NA,0,
3472,2/14/16 15:35,"398 Broadway, Somerville, MA",-71.0985421,42.3953706,1,1,2,1,2,7,4,2,97,0,1,1,0,NA,NA,NA,NA,NA,NA,NA,NA,NA,NA,NA,NA,NA,NA,NA,0,0,0,0,0,,,0,NA,,,,,,,NA,NA,NA,NA,NA,NA,NA,NA,NA,NA,NA,NA,NA,NA,0,
3473,2/14/16 21:58,"81 School St, Somerville, MA",-71.0996536,42.3850173,2,1,1,1,4,1,1,1,9,0,0,0,0,NA,NA,NA,NA,NA,NA,NA,NA,NA,NA,NA,NA,NA,NA,NA,0,0,1,1,2,Tree,,1,NA,1,40,3,1,,,NA,NA,NA,NA,NA,NA,NA,NA,NA,NA,NA,NA,NA,NA,0,
3474,2/14/16 22:02,"6 Osgood St, Somerville, MA",-71.102353,42.3833646,1,1,1,1,1,3,7,2,10,0,1,1,0,NA,NA,NA,NA,NA,NA,NA,NA,NA,NA,NA,NA,NA,NA,NA,0,0,0,0,0,,,0,NA,,,,,,,NA,NA,NA,NA,NA,NA,NA,NA,NA,NA,NA,NA,NA,NA,0,
3475,2/15/16 9:52,"Beacon St and Park St, Somerville, MA",-71.0632255,42.3577002,1,1,32,1,2,3,2,2,4,0,0,0,0,NA,NA,NA,NA,NA,NA,NA,NA,NA,NA,NA,NA,NA,NA,NA,1,0,0,4,2,,2,1,NA,1,24,3,1,,,NA,NA,NA,NA,NA,NA,NA,NA,NA,NA,NA,NA,NA,NA,0,
3476,2/16/16 9:10,"Franey Rd, Somerville, MA",-71.1075315,42.3971253,1,2,1,1,1,5,2,1,1,0,99,1,0,NA,NA,NA,NA,NA,NA,NA,NA,NA,NA,NA,NA,NA,NA,NA,0,0,0,0,0,,,0,NA,,,,,,,NA,NA,NA,NA,NA,NA,NA,NA,NA,NA,NA,NA,NA,NA,1,
3477,2/17/16 10:00,"Cross St and Gilman St, Somerville, MA",-71.0890194,42.3842967,1,1,1,3,1,1,1,8,99,NA,,,,NA,NA,NA,NA,NA,NA,NA,NA,NA,NA,NA,NA,NA,NA,NA,0,0,1,0,0,Retaining wall,,0,NA,,,,,,,NA,NA,NA,NA,NA,NA,NA,NA,NA,NA,NA,NA,NA,NA,0,
3478,2/17/16 11:55,"Broadway and Curtis St, Somerville, MA",-71.1272773,42.4033029,1,1,3,2,1,2,2,1,1,0,2,0,0,NA,NA,NA,NA,NA,NA,NA,NA,NA,NA,NA,NA,NA,NA,NA,0,0,0,0,0,,,0,NA,,,,,,,NA,NA,NA,NA,NA,NA,NA,NA,NA,NA,NA,NA,NA,NA,0,
3479,2/18/16 19:09,"383 Broadway, Somerville, MA",-71.0969157,42.3947697,1,1,1,1,3,4,2,1,11,0,0,1,0,NA,NA,NA,NA,NA,NA,NA,NA,NA,NA,NA,NA,NA,NA,NA,0,0,0,0,0,,,0,NA,,,,,,,NA,NA,NA,NA,NA,NA,NA,NA,NA,NA,NA,NA,NA,NA,0,
3480,2/19/16 20:45,"75 Union Sq, Somerville, MA",-71.0947869,42.3798306,1,1,1,1,1,1,1,2,1,0,0,0,0,NA,NA,NA,NA,NA,NA,NA,NA,NA,NA,NA,NA,NA,NA,NA,0,1,0,4,2,,2,1,NA,1,,4,1,,,NA,NA,NA,NA,NA,NA,NA,NA,NA,NA,NA,NA,NA,NA,0,
3481,2/20/16 5:15,"292 Broadway, Somerville, MA",-71.0925538,42.3919028,1,1,1,1,3,4,2,1,10,0,2,1,0,NA,NA,NA,NA,NA,NA,NA,NA,NA,NA,NA,NA,NA,NA,NA,0,0,0,0,0,,,0,NA,,,,,,,NA,NA,NA,NA,NA,NA,NA,NA,NA,NA,NA,NA,NA,NA,0,
3482,2/20/16 15:55,"Spring St and Somerville Ave, Somerville, MA",-71.109476,42.3839008,1,1,2,3,1,1,1,2,22,0,0,0,0,NA,NA,NA,NA,NA,NA,NA,NA,NA,NA,NA,NA,NA,NA,NA,1,0,0,4,2,,4,1,NA,1,32,3,0,,,NA,NA,NA,NA,NA,NA,NA,NA,NA,NA,NA,NA,NA,NA,0,
3483,2/23/16 12:55,"361 Somerville Ave, Somerville, MA",-71.0989586,42.3811679,2,1,1,1,4,1,1,2,1,0,0,0,0,NA,NA,NA,NA,NA,NA,NA,NA,NA,NA,NA,NA,NA,NA,NA,0,1,0,4,1,,2,1,NA,1,55,4,1,,,NA,NA,NA,NA,NA,NA,NA,NA,NA,NA,NA,NA,NA,NA,0,
3484,2/24/16 9:07,"Tufts St, Somerville, MA",-71.0886265,42.3821525,3,2,1,1,1,99,2,2,1,0,1,1,0,NA,NA,NA,NA,NA,NA,NA,NA,NA,NA,NA,NA,NA,NA,NA,0,0,0,0,0,,,0,NA,,,,,,,NA,NA,NA,NA,NA,NA,NA,NA,NA,NA,NA,NA,NA,NA,1,
3485,2/24/16 11:06,"Beacon St and Park St, Somerville, MA",-71.0632255,42.3577002,3,2,3,2,1,1,2,2,3,0,1,1,0,NA,NA,NA,NA,NA,NA,NA,NA,NA,NA,NA,NA,NA,NA,NA,0,0,0,0,0,,,1,NA,0,55,4,1,,,NA,NA,NA,NA,NA,NA,NA,NA,NA,NA,NA,NA,NA,NA,0,
3486,2/25/16 7:00,"Webster Ave and Columbia St, Somerville, MA",-71.0952351,42.3758647,2,2,2,3,1,3,2,1,4,0,1,1,0,NA,NA,NA,NA,NA,NA,NA,NA,NA,NA,NA,NA,NA,NA,NA,0,0,0,0,0,,,0,NA,,,,,,,NA,NA,NA,NA,NA,NA,NA,NA,NA,NA,NA,NA,NA,NA,0,
3487,2/25/16 15:35,"Medford St and Glenwood Rd, Somerville, MA",-71.1023059,42.3946886,2,1,2,2,1,3,2,1,0,0,1,4,0,NA,NA,NA,NA,NA,NA,NA,NA,NA,NA,NA,NA,NA,NA,NA,0,0,0,0,0,,,1,2,0,42,4,1,1,77,4,1,NA,NA,NA,NA,NA,NA,NA,NA,NA,NA,NA,NA,0,
3488,2/26/16 8:37,"Willow Ave and Broadway, Somerville, MA",-71.1127004,42.4001,1,1,1,1,2,4,2,1,1,NA,1,97,,NA,NA,NA,NA,NA,NA,NA,NA,NA,NA,NA,NA,NA,NA,NA,0,0,0,0,0,,,0,NA,,,,,,,NA,NA,NA,NA,NA,NA,NA,NA,NA,NA,NA,NA,NA,NA,0,
3489,2/27/16 0:48,"Franklin St and Oliver St, Somerville, MA",-71.0851411,42.383196,1,1,1,1,1,1,1,1,97,0,0,0,0,NA,NA,NA,NA,NA,NA,NA,NA,NA,NA,NA,NA,NA,NA,NA,0,0,1,0,0,"Building, tree",,0,NA,,,,,,,NA,NA,NA,NA,NA,NA,NA,NA,NA,NA,NA,NA,NA,NA,0,
3490,2/27/16 9:21,"Washington St and Beacon St, Somerville, MA",-71.106382,42.3782892,1,1,3,2,1,2,2,1,1,0,1,5,0,NA,NA,NA,NA,NA,NA,NA,NA,NA,NA,NA,NA,NA,NA,NA,0,0,0,0,0,,,1,NA,0,unk,4,1,,,NA,NA,NA,NA,NA,NA,NA,NA,NA,NA,NA,NA,NA,NA,0,
3491,2/27/16 12:57,"Marshall St and Mortimer Pl, Somerville, MA",-71.0942154,42.3905624,1,1,1,3,4,4,3,2,19,0,99,1,0,NA,NA,NA,NA,NA,NA,NA,NA,NA,NA,NA,NA,NA,NA,NA,0,0,0,0,0,,,1,NA,0,43,99,1,,,NA,NA,NA,NA,NA,NA,NA,NA,NA,NA,NA,NA,NA,NA,0,
3492,2/27/16 15:10,"Albion St and Central St, Somerville, MA",-71.1025078,42.3897266,0,0,0,0,0,0,1,2,4,0,0,1,0,NA,NA,NA,NA,NA,NA,NA,NA,NA,NA,NA,NA,NA,NA,NA,1,0,0,4,2,,2,1,NA,1,37,3,1,,,NA,NA,NA,NA,NA,NA,NA,NA,NA,NA,NA,NA,NA,NA,0,
3493,2/29/16 13:15,"220 Washington St, Somerville, MA",-71.0923918,42.3789618,2,1,1,1,2,2,2,1,97,0,1,1,0,NA,NA,NA,NA,NA,NA,NA,NA,NA,NA,NA,NA,NA,NA,NA,0,0,0,0,0,,,1,NA,1,58,4,1,,,NA,NA,NA,NA,NA,NA,NA,NA,NA,NA,NA,NA,NA,NA,0,
3494,2/29/16 15:10,"593 Somerville Ave, Somerville, MA",-71.1090268,42.3840083,1,1,1,3,1,2,3,1,1,0,2,1,0,NA,NA,NA,NA,NA,NA,NA,NA,NA,NA,NA,NA,NA,NA,NA,0,0,0,0,0,,,1,4,0,36,4,0,1,65,4,0,0,60,4,0,0,61,4,0,NA,NA,NA,NA,0,
3495,3/1/16 21:42,"McGrath Hwy and Broadway, Somerville, MA",-71.0880963,42.3897397,1,1,3,2,3,3,2,2,NA,NA,1,,,NA,NA,NA,NA,NA,NA,NA,NA,NA,NA,NA,NA,NA,NA,NA,0,0,0,NA,,,,0,NA,,,,,,,NA,NA,NA,NA,NA,NA,NA,NA,NA,NA,NA,NA,NA,NA,1,
3496,3/2/16 5:18,"Medford St and Warren St, Somerville, MA",-71.0876474,42.3737985,1,1,1,1,1,1,1,1,1,NA,,,,NA,NA,NA,NA,NA,NA,NA,NA,NA,NA,NA,NA,NA,NA,NA,1,0,0,4,2,,2c,1,NA,1,12,3,1,,,NA,NA,NA,NA,NA,NA,NA,NA,NA,NA,NA,NA,NA,NA,0,
3497,3/3/16 18:23,"Broadway and McGrath Hwy, Somerville, MA",-71.0880963,42.3897397,1,1,3,2,2,1,1,1,1,NA,,,,NA,NA,NA,NA,NA,NA,NA,NA,NA,NA,NA,NA,NA,NA,NA,0,1,0,1,1,,1,1,2,0,51,3,1,1,6,3,1,NA,NA,NA,NA,NA,NA,NA,NA,NA,NA,NA,NA,0,
3498,3/4/16 0:21,"Broadway and College Ave, Somerville, MA",-71.117348,42.400524,1,1,4,7,4,1,1,1,1,NA,,,,NA,NA,NA,NA,NA,NA,NA,NA,NA,NA,NA,NA,NA,NA,NA,1,0,0,4,2,,5a,1,NA,0,24,4,0,,,NA,NA,NA,NA,NA,NA,NA,NA,NA,NA,NA,NA,NA,NA,0,
3499,3/7/16 8:52,"Cross St and McGrath Hwy, Somerville, MA",-71.0903448,42.3821802,1,,1,5,3,2,2,1,5,NA,2,1,,NA,NA,NA,NA,NA,NA,NA,NA,NA,NA,NA,NA,NA,NA,NA,0,0,0,NA,,,,0,NA,,,,,,,NA,NA,NA,NA,NA,NA,NA,NA,NA,NA,NA,NA,NA,NA,0,
3500,3/7/16 14:56,"Harding St and South St, Somerville, MA",-71.0902116,42.3743491,2,1,2,3,4,5,2,7,19,NA,,1,,NA,NA,NA,NA,NA,NA,NA,NA,NA,NA,NA,NA,NA,NA,NA,0,0,0,NA,,,,0,NA,,,,,,,NA,NA,NA,NA,NA,NA,NA,NA,NA,NA,NA,NA,NA,NA,0,
3501,3/7/16 16:13,"Walnut St and Jackson Rd, Somerville, MA",-71.0922076,42.3890061,1,1,1,3,4,3,2,2,1,NA,2,4,,NA,NA,NA,NA,NA,NA,NA,NA,NA,NA,NA,NA,NA,NA,NA,0,0,0,NA,,,,0,NA,,,,,,,NA,NA,NA,NA,NA,NA,NA,NA,NA,NA,NA,NA,NA,NA,1,
3502,3/7/16 23:30,"Holland St and Dover St, Somerville, MA",-71.1231672,42.397175,1,1,3,3,4,6,2,2,1,NA,,1,,NA,NA,NA,NA,NA,NA,NA,NA,NA,NA,NA,NA,NA,NA,NA,0,0,0,NA,,,,0,NA,,,,,,,NA,NA,NA,NA,NA,NA,NA,NA,NA,NA,NA,NA,NA,NA,0,