id,date_time,address,lon,lat,Weather,road_surface,traffic_control_device,intersection_type,traffic_way_desc,collision_manner,num_involved_vehicles,vehicle1_configuration,driver1_contrib1,driver1_contrib2,vehicle2_configuration,driver2_contrib1,driver2_contrib2,vehicle3_configuration,driver3_contrib1,driver3_contrib2,vehicle4_configuration,driver4_contrib1,driver4_contrib2,vehicle5_configuration,driver5_contrib1,driver5_contrib2,vehicle6_configuration,driver6_contrib1,driver6_contrib2,vehicle7_configuration,driver7_contrib1,driver7_contrib2,Bicycle,Pedestrian,non_mv,non_motorist_location,non_motorist_action,non_motorist_type,manner_of_non_motorist_collision,Injury,Multiple,Gender1,Age1,Severity1,Hospital1,Gender2,Age2,Severity2,Hospital2,Gender3,Age3,Severity3,Hospital3,Gender4,Age4,Severity4,Hospital4,Gender5,Age5,Severity5,Hospital5,city_vehicle,Notes
3503,3/8/16 7:40,"Cutter Ave and Summer St, Somerville, MA",-71.1206131,42.3940936,1,1,3,3,4,3,1,1,1,NA,,,,NA,NA,NA,NA,NA,NA,NA,NA,NA,NA,NA,NA,NA,NA,NA,0,1,0,1,1,,2,1,2,1,47,3,0,1,52,4,0,NA,NA,NA,NA,NA,NA,NA,NA,NA,NA,NA,NA,0,
3504,3/8/16 9:58,"267 Willow Ave, Somerville, MA",-71.1128706,42.3994836,1,1,3,1,2,5,2,1,99,NA,,99,,NA,NA,NA,NA,NA,NA,NA,NA,NA,NA,NA,NA,NA,NA,NA,0,0,0,NA,,,,0,NA,,,,,,,NA,NA,NA,NA,NA,NA,NA,NA,NA,NA,NA,NA,NA,NA,0,
3505,3/9/16 12:25,"Artisan Way and Great River Rd, Somerville, MA",-71.0782327,42.3953003,1,1,1,3,1,3,2,2,1,NA,1,1,,NA,NA,NA,NA,NA,NA,NA,NA,NA,NA,NA,NA,NA,NA,NA,0,0,0,NA,,,,0,NA,,,,,,,NA,NA,NA,NA,NA,NA,NA,NA,NA,NA,NA,NA,NA,NA,0,
3506,3/9/16 17:31,"Broadway and Paulina St, Somerville, MA",-71.1237159,42.4018427,1,1,2,3,1,3,2,2,97,NA,1,4,,NA,NA,NA,NA,NA,NA,NA,NA,NA,NA,NA,NA,NA,NA,NA,0,0,0,NA,,,,0,NA,,,,,,,NA,NA,NA,NA,NA,NA,NA,NA,NA,NA,NA,NA,NA,NA,0,
3507,3/10/16 8:40,"Monmouth St and Central St, Somerville, MA",-71.1056142,42.3852716,2,1,2,3,4,1,1,2,1,NA,,,,NA,NA,NA,NA,NA,NA,NA,NA,NA,NA,NA,NA,NA,NA,NA,0,1,0,1,1,,2,1,NA,0,23,4,1,,,NA,NA,NA,NA,NA,NA,NA,NA,NA,NA,NA,NA,NA,NA,0,
3508,3/10/16 8:58,"Pearl St and Marshall St, Somerville, MA",-71.0957494,42.3881671,2,1,2,3,1,3,2,2,4,NA,,1,,NA,NA,NA,NA,NA,NA,NA,NA,NA,NA,NA,NA,NA,NA,NA,0,0,0,NA,,,,0,NA,,,,,,,NA,NA,NA,NA,NA,NA,NA,NA,NA,NA,NA,NA,NA,NA,0,
3509,3/10/16 14:20,"Webster Ave and Prospect St, Somerville, MA",-71.0955943,42.376968,32,2,3,4,1,1,1,1,4,NA,,1,,NA,NA,NA,NA,NA,NA,NA,NA,NA,NA,NA,NA,NA,NA,NA,1,0,0,4,2,,5,1,NA,0,32,3,0,,,NA,NA,NA,NA,NA,NA,NA,NA,NA,NA,NA,NA,NA,NA,0,
3510,3/11/16 9:50,"264 Washington St, Somerville, MA",-71.0970194,42.379345,2,1,1,1,2,2,3,2,97,NA,1,1,,2,1,NA,NA,NA,NA,NA,NA,NA,NA,NA,NA,NA,NA,NA,0,0,0,NA,,,,1,NA,1,81,4,1,,,NA,NA,NA,NA,NA,NA,NA,NA,NA,NA,NA,NA,NA,NA,0,
3511,3/11/16 10:13,"Beacon St and Oxford St, Somerville, MA",-71.1161841,42.3860143,1,1,2,3,1,1,1,1,1,NA,,1,,NA,NA,NA,NA,NA,NA,NA,NA,NA,NA,NA,NA,NA,NA,NA,1,0,0,4,2,,5,1,NA,1,29,3,1,,,NA,NA,NA,NA,NA,NA,NA,NA,NA,NA,NA,NA,NA,NA,0,
3512,3/11/16 11:31,"180 Somerville Ave, Somerville, MA",-71.0904322,42.3764299,2,1,1,1,1,2,2,1,1,NA,1,1,,NA,NA,NA,NA,NA,NA,NA,NA,NA,NA,NA,NA,NA,NA,NA,0,0,0,NA,,,,1,4,0,28,3,0,1,25,4,0,1,18,4,0,1,28,4,0,NA,NA,NA,NA,0,
3513,3/11/16 12:24,"Washington St and Tufts St, Somerville, MA",-71.0875544,42.3809863,2,1,1,3,1,1,1,2,99,NA,,,,NA,NA,NA,NA,NA,NA,NA,NA,NA,NA,NA,NA,NA,NA,NA,0,1,0,1,1,,2,1,NA,0,,3,1,,,NA,NA,NA,NA,NA,NA,NA,NA,NA,NA,NA,NA,NA,NA,0,
3514,3/11/16 21:15,"Broadway and Temple St, Somerville, MA",-71.0934064,42.3925566,1,1,3,3,3,2,3,2,14,NA,1,1,,2,1,NA,NA,NA,NA,NA,NA,NA,NA,NA,NA,NA,NA,NA,0,0,0,NA,,,,0,NA,,,,,,,NA,NA,NA,NA,NA,NA,NA,NA,NA,NA,NA,NA,NA,NA,0,
3515,3/12/16 18:48,"191 Highland Ave, Somerville, MA",-71.1059923,42.3896882,1,1,1,1,1,2,3,2,1,NA,2,1,,2,1,NA,NA,NA,NA,NA,NA,NA,NA,NA,NA,NA,NA,NA,0,0,0,NA,,,,0,NA,,,,,,,NA,NA,NA,NA,NA,NA,NA,NA,NA,NA,NA,NA,NA,NA,0,
3516,3/13/16 22:33,"243 Central St, Somerville, MA",-71.0988168,42.3949725,1,1,1,1,1,1,1,1,10,NA,,,,NA,NA,NA,NA,NA,NA,NA,NA,NA,NA,NA,NA,NA,NA,NA,0,0,1,NA,,"Utility pole, fire hydrant",,0,NA,,,,,,,NA,NA,NA,NA,NA,NA,NA,NA,NA,NA,NA,NA,NA,NA,0,
3517,3/14/16 18:15,"239 Holland St, Somerville, MA",-71.1267484,42.4027726,2,1,3,1,2,4,2,1,11,NA,1,,,NA,NA,NA,NA,NA,NA,NA,NA,NA,NA,NA,NA,NA,NA,NA,0,0,0,NA,,,,0,NA,,,,,,,NA,NA,NA,NA,NA,NA,NA,NA,NA,NA,NA,NA,NA,NA,0,
3518,3/15/16 9:50,"Myrtle St and Pearl St, Somerville, MA",-71.0834084,42.3843479,32,2,1,1,1,4,2,1,1,NA,97,1,,NA,NA,NA,NA,NA,NA,NA,NA,NA,NA,NA,NA,NA,NA,NA,0,0,0,NA,,,,0,NA,,,,,,,NA,NA,NA,NA,NA,NA,NA,NA,NA,NA,NA,NA,NA,NA,0,
3519,3/16/16 11:59,"703 Broadway, Somerville, MA",-71.1121123,42.400082,2,1,1,1,2,2,2,2,19,NA,1,,,NA,NA,NA,NA,NA,NA,NA,NA,NA,NA,NA,NA,NA,NA,NA,0,0,0,NA,,,,0,NA,,,,,,,NA,NA,NA,NA,NA,NA,NA,NA,NA,NA,NA,NA,NA,NA,1,
3520,3/16/16 16:47,"Central St and Cleveland St, Somerville, MA",-71.1059628,42.3847586,1,1,1,3,4,1,1,NA,10,NA,,,,NA,NA,NA,NA,NA,NA,NA,NA,NA,NA,NA,NA,NA,NA,NA,0,1,0,4,97,,2,1,NA,0,24,4,0,,,NA,NA,NA,NA,NA,NA,NA,NA,NA,NA,NA,NA,NA,NA,0,
3521,3/17/16 7:53,"Cedar St and Morrison Ave, Somerville, MA",-71.1107807,42.3944455,2,2,1,3,1,2,3,2,1,NA,1,1,,1,19,NA,NA,NA,NA,NA,NA,NA,NA,NA,NA,NA,NA,NA,0,0,0,NA,,,,1,NA,0,56,4,0,,,NA,NA,NA,NA,NA,NA,NA,NA,NA,NA,NA,NA,NA,NA,0,
3522,3/18/16 1:26,"Central St and Hudson St, Somerville, MA",-71.1028442,42.3892476,2,2,1,3,1,1,1,NA,NA,NA,,,,NA,NA,NA,NA,NA,NA,NA,NA,NA,NA,NA,NA,NA,NA,NA,0,0,1,NA,,Tree,,0,NA,,,,,,,NA,NA,NA,NA,NA,NA,NA,NA,NA,NA,NA,NA,NA,NA,0,
3523,3/18/16 8:09,"Cedar St and Summer St, Somerville, MA",-71.1136266,42.3904869,1,1,3,3,1,6,2,1,19,NA,1,1,,NA,NA,NA,NA,NA,NA,NA,NA,NA,NA,NA,NA,NA,NA,NA,0,0,0,NA,,,,0,NA,,,,,,,NA,NA,NA,NA,NA,NA,NA,NA,NA,NA,NA,NA,NA,NA,0,
3524,3/18/16 16:00,"93 Highland Ave, Somerville, MA",-71.0986037,42.386813,2,1,1,1,1,4,2,2,1,NA,1,1,,NA,NA,NA,NA,NA,NA,NA,NA,NA,NA,NA,NA,NA,NA,NA,0,0,0,NA,,,,0,NA,,,,,,,NA,NA,NA,NA,NA,NA,NA,NA,NA,NA,NA,NA,NA,NA,1,
3525,3/19/16 2:30,"196 Pearl St, Somerville, MA",-71.092003,42.386811,1,1,1,1,1,4,2,2,99,NA,2,1,,NA,NA,NA,NA,NA,NA,NA,NA,NA,NA,NA,NA,NA,NA,NA,0,0,0,NA,,,,0,NA,,,,,,,NA,NA,NA,NA,NA,NA,NA,NA,NA,NA,NA,NA,NA,NA,0,
3526,3/20/16 13:53,"Highland Ave and Grove St, Somerville, MA",-71.1204966,42.3957061,1,1,1,2,1,4,2,1,4,NA,1,1,,NA,NA,NA,NA,NA,NA,NA,NA,NA,NA,NA,NA,NA,NA,NA,0,0,0,NA,,,,0,NA,,,,,,,NA,NA,NA,NA,NA,NA,NA,NA,NA,NA,NA,NA,NA,NA,0,
3527,3/22/16 9:15,"Beacon St and Cooney St, Somerville, MA",-71.1038984,42.3762451,1,1,3,2,1,2,2,2,1,NA,2,97,,NA,NA,NA,NA,NA,NA,NA,NA,NA,NA,NA,NA,NA,NA,NA,0,0,0,NA,,,,0,NA,,,,,,,NA,NA,NA,NA,NA,NA,NA,NA,NA,NA,NA,NA,NA,NA,0,
3528,3/22/16 21:22,"Medford St (Somerville Ave 30 ft south), Somerville, MA",-71.0984882,42.3904373,1,1,3,3,2,3,2,2,1,NA,1,4,,NA,NA,NA,NA,NA,NA,NA,NA,NA,NA,NA,NA,NA,NA,NA,0,0,0,NA,,,,0,NA,,,,,,,NA,NA,NA,NA,NA,NA,NA,NA,NA,NA,NA,NA,NA,NA,0,
3529,3/24/16 7:23,"62 Gordon St, Somerville, MA",-71.1297452,42.4129494,1,1,1,1,4,4,3,2,3,NA,2,1,,1,1,NA,NA,NA,NA,NA,NA,NA,NA,NA,NA,NA,NA,NA,0,0,0,NA,,,,0,NA,,,,,,,NA,NA,NA,NA,NA,NA,NA,NA,NA,NA,NA,NA,NA,NA,0,
3531,3/25/16 8:58,"15 Wesley Park, Somerville, MA",-71.0971797,42.3823412,3,2,1,1,1,4,2,6,1,NA,1,1,,NA,NA,NA,NA,NA,NA,NA,NA,NA,NA,NA,NA,NA,NA,NA,0,0,0,NA,,,,0,NA,,,,,,,NA,NA,NA,NA,NA,NA,NA,NA,NA,NA,NA,NA,NA,NA,0,
3532,3/26/16 16:41,"Somerville Ave (rite aid), Somerville, MA",-71.0994968,42.3875968,1,1,3,3,1,3,2,1,10,97,6,,,NA,NA,NA,NA,NA,NA,NA,NA,NA,NA,NA,NA,NA,NA,NA,0,0,0,NA,,,,1,NA,0,48,3,1,,,NA,NA,NA,NA,NA,NA,NA,NA,NA,NA,NA,NA,NA,NA,0,
3533,3/27/16 13:54,"981 Broadway, Somerville, MA",-71.1219334,42.4014024,1,1,1,3,1,2,2,2,19,NA,2,1,,NA,NA,NA,NA,NA,NA,NA,NA,NA,NA,NA,NA,NA,NA,NA,0,0,0,NA,,,,0,NA,,,,,,,NA,NA,NA,NA,NA,NA,NA,NA,NA,NA,NA,NA,NA,NA,0,
3534,3/27/16 3:05,"123 Central St, Somerville, MA",-71.1013422,42.3913611,1,1,1,1,1,8,4,1,99,NA,1,1,,2,1,NA,2,1,NA,NA,NA,NA,NA,NA,NA,NA,NA,NA,0,0,0,NA,,,,0,NA,,,,,,,NA,NA,NA,NA,NA,NA,NA,NA,NA,NA,NA,NA,NA,NA,0,
3535,3/27/16 17:02,"Pennsylvania Ave and Minnesota Ave, Somerville, MA",-71.0840263,42.3897294,1,1,1,3,4,5,2,1,1,NA,6,1,,NA,NA,NA,NA,NA,NA,NA,NA,NA,NA,NA,NA,NA,NA,NA,0,0,0,NA,,,,0,NA,,,,,,,NA,NA,NA,NA,NA,NA,NA,NA,NA,NA,NA,NA,NA,NA,1,
3536,3/28/16 8:45,"Cedar St and Franey Rd, Somerville, MA",-71.1085009,42.3977226,23,2,1,1,1,5,2,NA,1,NA,,1,,NA,NA,NA,NA,NA,NA,NA,NA,NA,NA,NA,NA,NA,NA,NA,0,0,0,NA,,,,0,NA,,,,,,,NA,NA,NA,NA,NA,NA,NA,NA,NA,NA,NA,NA,NA,NA,1,
3537,3/28/16 16:47,"Westwood Rd and Central St, Somerville, MA",-71.1045789,42.3867708,23,2,1,3,4,1,1,4,1,NA,,,,NA,NA,NA,NA,NA,NA,NA,NA,NA,NA,NA,NA,NA,NA,NA,0,0,1,NA,,Cement pillars,,0,NA,,,,,,,NA,NA,NA,NA,NA,NA,NA,NA,NA,NA,NA,NA,NA,NA,0,
3538,3/28/16 22:07,"Sargent Ave and Broadway, Somerville, MA",-71.091949,42.3916851,1,1,1,3,3,4,2,1,1,NA,1,1,,NA,NA,NA,NA,NA,NA,NA,NA,NA,NA,NA,NA,NA,NA,NA,0,0,0,NA,,,,0,NA,,,,,,,NA,NA,NA,NA,NA,NA,NA,NA,NA,NA,NA,NA,NA,NA,0,
3539,3/29/16 6:45,"541 Broadway, Somerville, MA",-71.1062464,42.3982057,1,1,1,1,1,3,2,NA,NA,NA,,,,NA,NA,NA,NA,NA,NA,NA,NA,NA,NA,NA,NA,NA,NA,NA,0,0,0,NA,,,,0,NA,,,,,,,NA,NA,NA,NA,NA,NA,NA,NA,NA,NA,NA,NA,NA,NA,0,
3540,3/29/16 15:36,"299 Broadway, Somerville, MA",-71.0925583,42.3930263,1,1,1,1,3,2,2,2,1,NA,2,1,,NA,NA,NA,NA,NA,NA,NA,NA,NA,NA,NA,NA,NA,NA,NA,0,0,0,NA,,,,1,NA,1,53,4,0,,,NA,NA,NA,NA,NA,NA,NA,NA,NA,NA,NA,NA,NA,NA,1,
3541,3/30/16 19:15,"Temple St (75 ft from Mystic Ave), Somerville, MA",-71.0870163,42.394168,1,1,1,1,1,3,2,1,99,NA,1,99,,NA,NA,NA,NA,NA,NA,NA,NA,NA,NA,NA,NA,NA,NA,NA,0,0,0,NA,,,,0,NA,,,,,,,NA,NA,NA,NA,NA,NA,NA,NA,NA,NA,NA,NA,NA,NA,0,
3542,3/30/16 16:11,"Washington St and McGrath Hwy, Somerville, MA",-71.0893942,42.3804355,1,1,3,2,3,3,2,1,8,10,1,1,,NA,NA,NA,NA,NA,NA,NA,NA,NA,NA,NA,NA,NA,NA,NA,0,0,0,NA,,,,0,NA,,,,,,,NA,NA,NA,NA,NA,NA,NA,NA,NA,NA,NA,NA,NA,NA,0,
3543,3/31/16 17:44,"Broadway and Chandler St, Somerville, MA",-71.1199068,42.4009035,1,1,2,3,2,3,2,1,19,4,2,1,,NA,NA,NA,NA,NA,NA,NA,NA,NA,NA,NA,NA,NA,NA,NA,0,0,0,NA,,,,0,NA,,,,,,,NA,NA,NA,NA,NA,NA,NA,NA,NA,NA,NA,NA,NA,NA,1,
3544,4/2/16 2:44,"Summer St and Benton Rd, Somerville, MA",-71.106865,42.3866442,1,1,1,1,1,5,5,2,10,14,1,1,,1,1,NA,1,1,NA,1,1,NA,1,1,NA,NA,NA,NA,0,0,0,NA,,,,1,NA,1,63,99,1,,,NA,NA,NA,NA,NA,NA,NA,NA,NA,NA,NA,NA,NA,NA,0,
3545,4/2/16 18:54,"66 Franklin St, Somerville, MA",-71.0853099,42.382739,2,1,1,1,4,6,1,2,1,NA,,,,NA,NA,NA,NA,NA,NA,NA,NA,NA,NA,NA,NA,NA,NA,NA,1,0,0,4,1,,5a,1,NA,1,14,3,1,,,NA,NA,NA,NA,NA,NA,NA,NA,NA,NA,NA,NA,NA,NA,0,
3546,4/3/16 2:27,"301 Great River Rd, Somerville, MA",-71.081044,42.395754,1,1,5,7,4,1,1,1,2,10,,,,NA,NA,NA,NA,NA,NA,NA,NA,NA,NA,NA,NA,NA,NA,NA,0,0,1,NA,,Utility pole,,0,NA,,,,,,,NA,NA,NA,NA,NA,NA,NA,NA,NA,NA,NA,NA,NA,NA,0,
3547,4/3/16 13:02,"80 Prospect St, Somerville, MA",-71.0958881,42.376081,1,1,1,1,1,2,4,2,1,NA,2,19,,2,19,NA,2,99,NA,NA,NA,NA,NA,NA,NA,NA,NA,NA,0,0,0,NA,,,,0,NA,,,,,,,NA,NA,NA,NA,NA,NA,NA,NA,NA,NA,NA,NA,NA,NA,0,
3548,4/3/16 16:31,"114 Temple St, Somerville, MA",-71.0900588,42.3956935,1,1,1,1,1,3,4,2,99,NA,1,1,,1,1,NA,1,1,NA,NA,NA,NA,NA,NA,NA,NA,NA,NA,0,0,0,NA,,,,0,NA,,,,,,,NA,NA,NA,NA,NA,NA,NA,NA,NA,NA,NA,NA,NA,NA,0,
3549,4/4/16 17:22,"Beacon St and Properzi Way, Somerville, MA",-71.1079565,42.3795578,42,3,1,3,2,3,2,1,1,NA,2,4,,NA,NA,NA,NA,NA,NA,NA,NA,NA,NA,NA,NA,NA,NA,NA,0,0,0,NA,,,,0,NA,,,,,,,NA,NA,NA,NA,NA,NA,NA,NA,NA,NA,NA,NA,NA,NA,0,
3550,4/4/16 21:02,"6 Jerome St, Somerville, MA",-71.1003048,42.3893239,4,8 (or 2?),1,1,4,2,2,13,1,NA,1,,,NA,NA,NA,NA,NA,NA,NA,NA,NA,NA,NA,NA,NA,NA,NA,0,0,0,NA,,,,0,NA,,,,,,,NA,NA,NA,NA,NA,NA,NA,NA,NA,NA,NA,NA,NA,NA,1,
3551,4/4/16 20:56,"Washington St and Webster Ave, Somerville, MA",-71.0964021,42.3796323,4,4,1,1,4,1,1,1,99,NA,,,,NA,NA,NA,NA,NA,NA,NA,NA,NA,NA,NA,NA,NA,NA,NA,0,0,1,NA,,Bollard,,0,NA,,,,,,,NA,NA,NA,NA,NA,NA,NA,NA,NA,NA,NA,NA,NA,NA,0,
3552,4/5/16 7:56,"Myrtle St and Washington St, Somerville, MA",-71.083928,42.3816588,1,2,1,3,2,4,2,NA,1,NA,,99,,NA,NA,NA,NA,NA,NA,NA,NA,NA,NA,NA,NA,NA,NA,NA,0,0,0,NA,,,,0,NA,,,,,,,NA,NA,NA,NA,NA,NA,NA,NA,NA,NA,NA,NA,NA,NA,0,
3553,4/5/16 11:56,"Temple St (200 ft from Broadway), Somerville, MA",-71.1075914,42.3983788,1,1,1,1,1,99,2,1,99,NA,1,99,,NA,NA,NA,NA,NA,NA,NA,NA,NA,NA,NA,NA,NA,NA,NA,0,0,0,NA,,,,0,NA,,,,,,,NA,NA,NA,NA,NA,NA,NA,NA,NA,NA,NA,NA,NA,NA,0,
3554,4/5/16 15:25,"50 Washington St, Somerville, MA",-71.0835404,42.3817027,2,1,1,1,1,2,3,2,5,19,2,1,,1,1,NA,NA,NA,NA,NA,NA,NA,NA,NA,NA,NA,NA,NA,0,0,0,NA,,,,1,NA,0,61,4,0,,,NA,NA,NA,NA,NA,NA,NA,NA,NA,NA,NA,NA,NA,NA,0,
3555,4/6/16 8:11,"Wheatland St and Broadway, Somerville, MA",-71.0911431,42.3911131,1,1,2,3,2,3,2,2,3,NA,1,1,,NA,NA,NA,NA,NA,NA,NA,NA,NA,NA,NA,NA,NA,NA,NA,0,0,0,NA,,,,0,NA,,,,,,,NA,NA,NA,NA,NA,NA,NA,NA,NA,NA,NA,NA,NA,NA,0,
3556,4/6/16 8:26,"Temple St and Derby St, Somerville, MA",-71.0915388,42.3950558,1,1,1,1,1,2,3,1,19,10,,1,,1,1,NA,NA,NA,NA,NA,NA,NA,NA,NA,NA,NA,NA,NA,0,0,0,NA,,,,1,NA,1,40,4,1,,,NA,NA,NA,NA,NA,NA,NA,NA,NA,NA,NA,NA,NA,NA,0,
3557,4/6/16 3:09,"Willow Ave and Broadway, Somerville, MA",-71.1127004,42.4001,2,1,3,2,2,3,2,2,99,NA,2,99,,NA,NA,NA,NA,NA,NA,NA,NA,NA,NA,NA,NA,NA,NA,NA,0,0,0,NA,,,,0,NA,,,,,,,NA,NA,NA,NA,NA,NA,NA,NA,NA,NA,NA,NA,NA,NA,0,
3558,4/6/16 9:17,"Hanson St and Washington St, Somerville, MA",-71.1051932,42.378545,1,1,2,3,1,99,2,7,97,NA,2,1,,NA,NA,NA,NA,NA,NA,NA,NA,NA,NA,NA,NA,NA,NA,NA,0,0,0,NA,,,,0,NA,,,,,,,NA,NA,NA,NA,NA,NA,NA,NA,NA,NA,NA,NA,NA,NA,0,
3559,4/6/16 15:30,"87 Temple St, Somerville, MA",-71.091045,42.395059,2,1,1,4,2,2,2,1,5,19,2,,,NA,NA,NA,NA,NA,NA,NA,NA,NA,NA,NA,NA,NA,NA,NA,0,0,0,NA,,,,0,NA,,,,,,,NA,NA,NA,NA,NA,NA,NA,NA,NA,NA,NA,NA,NA,NA,0,
3560,4/7/16 14:39,"Medford St and Walnut St, Somerville, MA",-71.0937489,42.3857992,3,2,1,1,4,2,2,1,5,NA,2,1,,NA,NA,NA,NA,NA,NA,NA,NA,NA,NA,NA,NA,NA,NA,NA,0,0,0,NA,,,,1,NA,1,24,3,1,,,NA,NA,NA,NA,NA,NA,NA,NA,NA,NA,NA,NA,NA,NA,0,
3561,4/8/16 7:35,"Cedar St and Highland Ave, Somerville, MA",-71.1124128,42.3922125,1,1,3,2,2,1,1,2,1,NA,,,,NA,NA,NA,NA,NA,NA,NA,NA,NA,NA,NA,NA,NA,NA,NA,0,1,0,1,1,,1,1,NA,1,77,3,0,,,NA,NA,NA,NA,NA,NA,NA,NA,NA,NA,NA,NA,NA,NA,0,
3562,4/10/2016 unk,"301 Great River Rd, Somerville, MA",-71.081044,42.395754,1,1,1,7,3,1,1,1,2,10,,,,NA,NA,NA,NA,NA,NA,NA,NA,NA,NA,NA,NA,NA,NA,NA,0,0,1,NA,,"Curb, flower bed",,0,NA,,,,,,,NA,NA,NA,NA,NA,NA,NA,NA,NA,NA,NA,NA,NA,NA,0,
3563,4/11/16 8:26,"Lowell St and Medford St, Somerville, MA",-71.1036591,42.396406,1,1,3,3,1,1,1,7,12,NA,,,,NA,NA,NA,NA,NA,NA,NA,NA,NA,NA,NA,NA,NA,NA,NA,0,0,1,NA,,Traffic signal,,0,NA,,,,,,,NA,NA,NA,NA,NA,NA,NA,NA,NA,NA,NA,NA,NA,NA,0,
3564,4/12/16 11:00,"Packard Ave, Somerville, MA",-71.1232672,42.4047614,3,2,1,1,1,3,2,1,1,NA,11,1,,NA,NA,NA,NA,NA,NA,NA,NA,NA,NA,NA,NA,NA,NA,NA,0,0,0,NA,,,,0,NA,,,,,,,NA,NA,NA,NA,NA,NA,NA,NA,NA,NA,NA,NA,NA,NA,1,
3565,4/13/16 11:27,"Broadway and Main St, Somerville, MA",-71.0975984,42.3947314,1,1,3,3,2,2,2,2,1,NA,2,3,,NA,NA,NA,NA,NA,NA,NA,NA,NA,NA,NA,NA,NA,NA,NA,0,0,0,NA,,,,0,NA,,,,,,,NA,NA,NA,NA,NA,NA,NA,NA,NA,NA,NA,NA,NA,NA,1,
3566,4/13/16 18:31,"Medford St and Partridge Ave, Somerville, MA",-71.1027047,42.3951947,1,1,1,3,1,3,2,2,4,NA,2,1,,NA,NA,NA,NA,NA,NA,NA,NA,NA,NA,NA,NA,NA,NA,NA,0,0,0,NA,,,,1,NA,0,26,4,0,,,NA,NA,NA,NA,NA,NA,NA,NA,NA,NA,NA,NA,NA,NA,0,
3567,4/13/16 18:30,"320 Canal St, Somerville, MA",-71.0804747,42.3940229,1,1,1,1,1,4,2,1,1,NA,1,1,,NA,NA,NA,NA,NA,NA,NA,NA,NA,NA,NA,NA,NA,NA,NA,0,0,0,NA,,,,0,NA,,,,,,,NA,NA,NA,NA,NA,NA,NA,NA,NA,NA,NA,NA,NA,NA,0,
3568,4/14/16 9:10,"Temple St and Sewall St, Somerville, MA",-71.0925535,42.3936272,1,1,1,3,1,4,2,2,1,NA,1,4,,NA,NA,NA,NA,NA,NA,NA,NA,NA,NA,NA,NA,NA,NA,NA,0,0,0,NA,,,,0,NA,,,,,,,NA,NA,NA,NA,NA,NA,NA,NA,NA,NA,NA,NA,NA,NA,0,
3569,4/14/16 11:17,"Sewall St and Grant St, Somerville, MA",-71.0907762,42.3923482,1,1,1,3,3,4,2,1,10,NA,6,1,,NA,NA,NA,NA,NA,NA,NA,NA,NA,NA,NA,NA,NA,NA,NA,0,0,0,NA,,,,0,NA,,,,,,,NA,NA,NA,NA,NA,NA,NA,NA,NA,NA,NA,NA,NA,NA,0,
3570,4/14/16 21:22,"Broadway and Main St, Somerville, MA",-71.0975984,42.3947314,1,1,3,2,2,1,1,1,11,NA,,,,NA,NA,NA,NA,NA,NA,NA,NA,NA,NA,NA,NA,NA,NA,NA,0,0,1,NA,,Median,,0,NA,,,,,,,NA,NA,NA,NA,NA,NA,NA,NA,NA,NA,NA,NA,NA,NA,0,
3571,4/17/16 1:27,"Bleachery Court, Somerville, MA",-71.1089648,42.3833915,1,1,1,1,1,3,4,2,1,NA,2,10,,2,1,NA,NA,NA,NA,NA,NA,NA,NA,NA,NA,NA,NA,NA,0,1,0,NA,,,8,1,3,1,,99,1,0,,99,1,1,34,99,1,NA,NA,NA,NA,NA,NA,NA,NA,NA,
3572,4/17/16 14:45,"12 Highland Ave, Somerville, MA",-71.0931744,42.3845097,1,1,1,1,1,3,2,1,99,NA,1,4,,NA,NA,NA,NA,NA,NA,NA,NA,NA,NA,NA,NA,NA,NA,NA,0,0,0,NA,,,,0,NA,,,,,,,NA,NA,NA,NA,NA,NA,NA,NA,NA,NA,NA,NA,NA,NA,0,
3573,4/17/16 15:12,"175 Elm St, Somerville, MA",-71.1197895,42.392657,1,1,1,1,1,4,2,1,11,NA,1,,,NA,NA,NA,NA,NA,NA,NA,NA,NA,NA,NA,NA,NA,NA,NA,0,1,0,4,7,,8,1,2,0,,3,0,0,30,4,0,NA,NA,NA,NA,NA,NA,NA,NA,NA,NA,NA,NA,0,
3575,4/19/16 18:15,"Kidder Ave and Bay State Ave, Somerville, MA",-71.1159261,42.3982838,1,1,2,3,2,8,2,1,99,NA,1,99,,NA,NA,NA,NA,NA,NA,NA,NA,NA,NA,NA,NA,NA,NA,NA,0,0,0,NA,,,,0,NA,,,,,,,NA,NA,NA,NA,NA,NA,NA,NA,NA,NA,NA,NA,NA,NA,0,
3576,4/19/16 10:30,"Holland St and Paulina St, Somerville, MA",-71.1252368,42.3998502,2,1,1,2,1,4,2,6,1,NA,2,,,NA,NA,NA,NA,NA,NA,NA,NA,NA,NA,NA,NA,NA,NA,NA,0,0,0,NA,,,,0,NA,,,,,,,NA,NA,NA,NA,NA,NA,NA,NA,NA,NA,NA,NA,NA,NA,0,