id,date_time,address,lon,lat,Weather,road_surface,traffic_control_device,intersection_type,traffic_way_desc,collision_manner,num_involved_vehicles,vehicle1_configuration,driver1_contrib1,driver1_contrib2,vehicle2_configuration,driver2_contrib1,driver2_contrib2,vehicle3_configuration,driver3_contrib1,driver3_contrib2,vehicle4_configuration,driver4_contrib1,driver4_contrib2,vehicle5_configuration,driver5_contrib1,driver5_contrib2,vehicle6_configuration,driver6_contrib1,driver6_contrib2,vehicle7_configuration,driver7_contrib1,driver7_contrib2,Bicycle,Pedestrian,non_mv,non_motorist_location,non_motorist_action,non_motorist_type,manner_of_non_motorist_collision,Injury,Multiple,Gender1,Age1,Severity1,Hospital1,Gender2,Age2,Severity2,Hospital2,Gender3,Age3,Severity3,Hospital3,Gender4,Age4,Severity4,Hospital4,Gender5,Age5,Severity5,Hospital5,city_vehicle,Notes
3577,4/19/16 15:52,"114 Temple St, Somerville, MA",-71.0900588,42.3956935,1,1,1,1,2,4,3,6,19,20,1,,,1,NA,NA,NA,NA,NA,NA,NA,NA,NA,NA,NA,NA,NA,NA,0,0,0,NA,,,,1,NA,1,26,4,1,,,NA,NA,NA,NA,NA,NA,NA,NA,NA,NA,NA,NA,NA,NA,0,
3578,4/21/16 18:54,"74 Simpson Ave, Somerville, MA",-71.122727,42.401206,1,1,1,1,4,2,3,2,7,NA,2,,,2,NA,NA,NA,NA,NA,NA,NA,NA,NA,NA,NA,NA,NA,NA,0,0,0,NA,,,,0,NA,,,,,,,NA,NA,NA,NA,NA,NA,NA,NA,NA,NA,NA,NA,NA,NA,0,
3579,4/22/16 16:06,"Broadway and Medford St, Somerville, MA",-71.1043116,42.3973445,2,1,3,2,3,4,2,2,99,NA,1,97,,NA,NA,NA,NA,NA,NA,NA,NA,NA,NA,NA,NA,NA,NA,NA,0,0,0,NA,,,,0,NA,,,,,,,NA,NA,NA,NA,NA,NA,NA,NA,NA,NA,NA,NA,NA,NA,0,
3580,4/25/16 12:50,"Belmont St, Somerville, MA",-71.1093024,42.3869797,1,1,1,1,4,1,2,1,8,NA,1,,,NA,NA,NA,NA,NA,NA,NA,NA,NA,NA,NA,NA,NA,NA,NA,0,0,0,NA,,,,0,NA,,,,,,,NA,NA,NA,NA,NA,NA,NA,NA,NA,NA,NA,NA,NA,NA,0,
3581,4/25/16 20:32,"43 Cross St, Somerville, MA",-71.087378,42.386891,1,1,1,1,1,5,2,1,1,NA,1,1,,NA,NA,NA,NA,NA,NA,NA,NA,NA,NA,NA,NA,NA,NA,NA,0,0,0,NA,,,,0,NA,,,,,,,NA,NA,NA,NA,NA,NA,NA,NA,NA,NA,NA,NA,NA,NA,0,
3582,4/26/16 7:19,"Bonair St and Autumn St, Somerville, MA",-71.0878358,42.3880113,2,1,1,3,4,3,2,NA,1,NA,1,97,,NA,NA,NA,NA,NA,NA,NA,NA,NA,NA,NA,NA,NA,NA,NA,0,0,0,NA,,,,0,NA,,,,,,,NA,NA,NA,NA,NA,NA,NA,NA,NA,NA,NA,NA,NA,NA,1,
3583,4/26/16 12:00,"Washington St and McGrath Hwy, Somerville, MA",-71.0893942,42.3804355,3,2,3,2,,3,2,NA,NA,NA,,,,NA,NA,NA,NA,NA,NA,NA,NA,NA,NA,NA,NA,NA,NA,NA,0,0,0,NA,,,,0,NA,,,,,,,NA,NA,NA,NA,NA,NA,NA,NA,NA,NA,NA,NA,NA,NA,0,
3584,4/27/16 14:50,"533 Medford St, Somerville, MA",-71.1039719,42.397095,1,1,1,1,2,1,1,NA,1,NA,,,,NA,NA,NA,NA,NA,NA,NA,NA,NA,NA,NA,NA,NA,NA,NA,0,0,1,9,97,Utility pole,,0,NA,,,,,,,NA,NA,NA,NA,NA,NA,NA,NA,NA,NA,NA,NA,NA,NA,0,
3585,4/28/16 16:11,"Highland Rd and Morrison Ave, Somerville, MA",-71.1134821,42.3951253,1,1,2,2,1,3,2,1,3,NA,1,99,,NA,NA,NA,NA,NA,NA,NA,NA,NA,NA,NA,NA,NA,NA,NA,0,0,0,NA,,,,0,NA,,,,,,,NA,NA,NA,NA,NA,NA,NA,NA,NA,NA,NA,NA,NA,NA,0,
3586,4/29/16 1:30,"46 Highland Ave, Somerville, MA",-71.0951829,42.3853734,1,1,1,1,1,3,2,NA,NA,NA,,,,NA,NA,NA,NA,NA,NA,NA,NA,NA,NA,NA,NA,NA,NA,NA,0,0,0,NA,,,,0,NA,,,,,,,NA,NA,NA,NA,NA,NA,NA,NA,NA,NA,NA,NA,NA,NA,0,
3587,4/30/16 14:10,"286 Beacon St, Somerville, MA",-71.1126845,42.3832005,1,1,2,3,1,1,1,2,1,NA,,,,NA,NA,NA,NA,NA,NA,NA,NA,NA,NA,NA,NA,NA,NA,NA,0,1,0,4,1,,2,1,NA,1,72,4,1,,,NA,NA,NA,NA,NA,NA,NA,NA,NA,NA,NA,NA,NA,NA,0,
3588,4/30/16 9:31,"Central St and Highland Ave, Somerville, MA",-71.1034359,42.3884241,1,1,1,1,1,3,4,2,1,NA,2,4,,1,1,NA,2,1,NA,NA,NA,NA,NA,NA,NA,NA,NA,NA,0,0,0,NA,,,,0,NA,,,,,,,NA,NA,NA,NA,NA,NA,NA,NA,NA,NA,NA,NA,NA,NA,0,
3589,5/2/16 16:15,"Main St and Edgar Ave, Somerville, MA",-71.0977879,42.3952929,32,2,1,3,1,6,3,1,1,NA,1,3,4,1,1,NA,NA,NA,NA,NA,NA,NA,NA,NA,NA,NA,NA,NA,0,0,0,NA,,,,0,NA,,,,,,,NA,NA,NA,NA,NA,NA,NA,NA,NA,NA,NA,NA,NA,NA,0,
3590,5/4/16 0:33,"Packard Ave and Talbot Ave, Somerville, MA",-71.1224346,42.4059963,1,1,1,2,1,1,1,2,10,NA,,,,NA,NA,NA,NA,NA,NA,NA,NA,NA,NA,NA,NA,NA,NA,NA,0,0,1,NA,,"Sign, railing",,0,NA,,,,,,,NA,NA,NA,NA,NA,NA,NA,NA,NA,NA,NA,NA,NA,NA,0,
3591,5/4/16 7:05,"Highland Ave and Hamlet St, Somerville, MA",-71.0926238,42.3845416,2,1,3,4,1,1,1,1,1,NA,,,,NA,NA,NA,NA,NA,NA,NA,NA,NA,NA,NA,NA,NA,NA,NA,0,1,0,1,1,,5,1,NA,1,12,4,1,,,NA,NA,NA,NA,NA,NA,NA,NA,NA,NA,NA,NA,NA,NA,NA,
3592,5/4/16 8:35,"Grand Union Blvd and Great River Rd, Somerville, MA",-71.0797952,42.3959349,1,1,5,7,4,2,3,NA,99,NA,,99,,NA,99,NA,NA,NA,NA,NA,NA,NA,NA,NA,NA,NA,NA,NA,0,0,0,NA,,,,0,NA,,,,,,,NA,NA,NA,NA,NA,NA,NA,NA,NA,NA,NA,NA,NA,NA,0,
3593,5/4/16 17:34,"Bartlett St and Medford St, Somerville, MA",-71.1018664,42.3941256,3,2,2,2,1,3,2,1,99,NA,2,4,,NA,NA,NA,NA,NA,NA,NA,NA,NA,NA,NA,NA,NA,NA,NA,0,0,0,NA,,,,1,NA,1,36,3,0,,,NA,NA,NA,NA,NA,NA,NA,NA,NA,NA,NA,NA,NA,NA,0,
3594,5/5/16 7:45,"300 Broadway, Somerville, MA",-71.0929636,42.3921201,2,1,1,1,3,2,2,2,99,NA,1,99,,NA,NA,NA,NA,NA,NA,NA,NA,NA,NA,NA,NA,NA,NA,NA,0,0,0,NA,,,,0,NA,,,,,,,NA,NA,NA,NA,NA,NA,NA,NA,NA,NA,NA,NA,NA,NA,0,
3595,5/5/16 11:38,"76 Middlesex Ave, Somerville, MA",-71.0822799,42.3939007,23,2,1,1,2,1,1,10,99,NA,,,,NA,NA,NA,NA,NA,NA,NA,NA,NA,NA,NA,NA,NA,NA,NA,0,0,1,NA,,Light pole,,0,NA,,,,,,,NA,NA,NA,NA,NA,NA,NA,NA,NA,NA,NA,NA,NA,NA,0,
3596,5/5/16 13:55,"93 Summer St, Somerville, MA",-71.10152,42.3847922,3,2,1,1,1,4,2,1,99,NA,1,,,NA,NA,NA,NA,NA,NA,NA,NA,NA,NA,NA,NA,NA,NA,NA,0,0,0,NA,,,,0,NA,,,,,,,NA,NA,NA,NA,NA,NA,NA,NA,NA,NA,NA,NA,NA,NA,1,
3597,5/5/16 7:00,"Broadway and Lowden Ave, Somerville, MA",-71.1135603,42.400367,3,2,2,3,1,5,2,1,1,NA,1,4,,NA,NA,NA,NA,NA,NA,NA,NA,NA,NA,NA,NA,NA,NA,NA,0,0,0,NA,,,,0,NA,,,,,,,NA,NA,NA,NA,NA,NA,NA,NA,NA,NA,NA,NA,NA,NA,0,
3598,5/5/16 14:56,"15 Elm St, Somerville, MA",-71.1139034,42.3864903,1,1,,1,1,3,2,2,1,NA,2,6,,NA,NA,NA,NA,NA,NA,NA,NA,NA,NA,NA,NA,NA,NA,NA,0,0,0,NA,,,,0,NA,,,,,,,NA,NA,NA,NA,NA,NA,NA,NA,NA,NA,NA,NA,NA,NA,0,
3599,5/6/15 21:56,"Beacon St and Prentiss St, Somerville, MA",-71.1143441,42.3847358,1,1,1,3,1,1,1,1,4,NA,,,,NA,NA,NA,NA,NA,NA,NA,NA,NA,NA,NA,NA,NA,NA,NA,1,0,0,2,2,,2,1,NA,0,25,3,1,,,NA,NA,NA,NA,NA,NA,NA,NA,NA,NA,NA,NA,NA,NA,0,
3600,5/6/16 8:00,"Willow Ave (Near Morrison Ave), Somerville, MA",-71.1166259,42.3960636,2,2,2,1,1,4,2,2,1,NA,2,1,,NA,NA,NA,NA,NA,NA,NA,NA,NA,NA,NA,NA,NA,NA,NA,0,0,0,NA,,,,0,NA,,,,,,,NA,NA,NA,NA,NA,NA,NA,NA,NA,NA,NA,NA,NA,NA,0,
3601,5/6/16 17:06,"Somerville Ave and Washington St and Prospect Ave, Somerville, MA",-71.093806,42.3795328,2,1,3,3,2,3,2,1,1,NA,2,3,,NA,NA,NA,NA,NA,NA,NA,NA,NA,NA,NA,NA,NA,NA,NA,0,0,0,NA,,,,0,NA,,,,,,,NA,NA,NA,NA,NA,NA,NA,NA,NA,NA,NA,NA,NA,NA,0,
3602,5/7/16 11:12,"13 Elm St, Somerville, MA",-71.1138336,42.3861443,2,1,1,1,1,4,2,1,99,NA,1,99,,NA,NA,NA,NA,NA,NA,NA,NA,NA,NA,NA,NA,NA,NA,NA,0,0,0,NA,,,,0,NA,,,,,,,NA,NA,NA,NA,NA,NA,NA,NA,NA,NA,NA,NA,NA,NA,0,
3603,5/8/16 10:28,"Sanborn Ave and Warren St, Somerville, MA",-71.0957751,42.3810682,23,2,2,3,1,3,2,1,4,NA,6,1,,NA,NA,NA,NA,NA,NA,NA,NA,NA,NA,NA,NA,NA,NA,NA,0,0,0,NA,,,,0,NA,,,,,,,NA,NA,NA,NA,NA,NA,NA,NA,NA,NA,NA,NA,NA,NA,0,
3604,5/8/16 11:00,"Morrison Ave and Boston Ave, Somerville, MA",-71.1113852,42.3946076,32,2,1,3,1,6,3,2,1,NA,1,1,,1,1,NA,NA,NA,NA,NA,NA,NA,NA,NA,NA,NA,NA,NA,0,0,0,NA,,,,1,8,0,46,4,1,0,63,4,1,0,64,4,1,0,16,4,1,1,39,4,1,0,
3605,5/9/16 13:10,"Beacon St and Park St, Somerville, MA",-71.0632255,42.3577002,1,1,3,2,1,3,2,2,NA,NA,1,,,NA,NA,NA,NA,NA,NA,NA,NA,NA,NA,NA,NA,NA,NA,NA,0,0,0,NA,,,,0,NA,,,,,,,NA,NA,NA,NA,NA,NA,NA,NA,NA,NA,NA,NA,NA,NA,0,
3606,5/9/16 16:07,"3 Washington St, Somerville, MA",-71.081218,42.382317,12,1,1,1,2,3,2,1,1,NA,1,4,,NA,NA,NA,NA,NA,NA,NA,NA,NA,NA,NA,NA,NA,NA,NA,0,0,0,NA,,,,0,NA,,,,,,,NA,NA,NA,NA,NA,NA,NA,NA,NA,NA,NA,NA,NA,NA,0,
3607,5/10/16 19:16,"McGrath Hwy and Grand Union Blvd, Somerville, MA",-71.0811238,42.3948591,1,1,1,1,3,2,2,1,1,NA,1,20,,NA,NA,NA,NA,NA,NA,NA,NA,NA,NA,NA,NA,NA,NA,NA,0,0,0,NA,,,,0,NA,,,,,,,NA,NA,NA,NA,NA,NA,NA,NA,NA,NA,NA,NA,NA,NA,1,
3608,5/10/16 10:46,"34 Highland Ave, Somerville, MA",-71.0946986,42.3851497,1,1,1,1,1,1,1,1,19,NA,,,,NA,NA,NA,NA,NA,NA,NA,NA,NA,NA,NA,NA,NA,NA,NA,1,0,0,2,2,,3,1,NA,1,32,4,0,,,NA,NA,NA,NA,NA,NA,NA,NA,NA,NA,NA,NA,NA,NA,0,
3609,5/11/16 21:55,"Broadway and Magoun Sq Muni Lot, Somerville, MA",-71.0994968,42.3875968,1,1,3,8,1,3,2,1,10,NA,1,1,,NA,NA,NA,NA,NA,NA,NA,NA,NA,NA,NA,NA,NA,NA,NA,0,0,0,NA,,,,0,NA,,,,,,,NA,NA,NA,NA,NA,NA,NA,NA,NA,NA,NA,NA,NA,NA,0,
3610,5/13/16 14:50,"Elm St and Grove St, Somerville, MA",-71.1214561,42.3947474,1,1,1,3,4,1,1,1,19,NA,,,,NA,NA,NA,NA,NA,NA,NA,NA,NA,NA,NA,NA,NA,NA,NA,0,1,0,1,1,,5,0,NA,,,,,,,NA,NA,NA,NA,NA,NA,NA,NA,NA,NA,NA,NA,NA,NA,0,
3611,5/13/16 16:44,"Central St and Hudson St, Somerville, MA",-71.1028442,42.3892476,12,1,1,3,2,3,3,2,1,NA,1,1,,1,19,NA,NA,NA,NA,NA,NA,NA,NA,NA,NA,NA,NA,NA,0,0,0,NA,,,,0,NA,,,,,,,NA,NA,NA,NA,NA,NA,NA,NA,NA,NA,NA,NA,NA,NA,0,
3612,5/13/16 8:14,"363 Beacon St, Somerville, MA",-71.1156684,42.3861305,1,1,1,3,2,4,1,1,4,NA,,,,NA,NA,NA,NA,NA,NA,NA,NA,NA,NA,NA,NA,NA,NA,NA,1,0,0,4,2,,1,1,NA,0,53,3,1,,,NA,NA,NA,NA,NA,NA,NA,NA,NA,NA,NA,NA,NA,NA,0,
3613,5/14/16 12:21,"Holland St and Buena Vista Rd, Somerville, MA",-71.1239122,42.3982181,1,1,1,3,2,3,2,1,1,NA,2,19,,NA,NA,NA,NA,NA,NA,NA,NA,NA,NA,NA,NA,NA,NA,NA,0,0,0,NA,,,,0,NA,,,,,,,NA,NA,NA,NA,NA,NA,NA,NA,NA,NA,NA,NA,NA,NA,0,
3614,5/18/16 4:46,"13 Warren Ave, Somerville, MA",-71.0961279,42.3807796,1,1,1,9,1,1,1,1,99,NA,,,,NA,NA,NA,NA,NA,NA,NA,NA,NA,NA,NA,NA,NA,NA,NA,0,0,1,NA,,"Street sign, fence",,0,NA,,,,,,,NA,NA,NA,NA,NA,NA,NA,NA,NA,NA,NA,NA,NA,NA,0,
3615,5/18/16 23:36,"School St and Berkley St, Somerville, MA",-71.0996223,42.3855083,1,1,1,3,4,4,2,1,9,NA,1,1,,NA,NA,NA,NA,NA,NA,NA,NA,NA,NA,NA,NA,NA,NA,NA,0,0,0,NA,,,,1,2,1,26,3,1,0,29,4,0,NA,NA,NA,NA,NA,NA,NA,NA,NA,NA,NA,NA,0,
3616,5/18/16 15:48,"34 Central St, Somerville, MA",-71.1056571,42.3855745,1,1,1,1,4,2,3,2,10,NA,2,1,,1,1,NA,NA,NA,NA,NA,NA,NA,NA,NA,NA,NA,NA,NA,0,0,0,NA,,,,1,2,1,49,4,0,1,63,4,0,NA,NA,NA,NA,NA,NA,NA,NA,NA,NA,NA,NA,0,
3617,5/18/16 17:07,"Middlesex Ave and Cummings St, Somerville, MA",-71.083552,42.3945204,1,1,1,3,1,2,2,2,10,NA,1,1,,NA,NA,NA,NA,NA,NA,NA,NA,NA,NA,NA,NA,NA,NA,NA,0,0,0,NA,,,,1,2,1,22,4,0,0,28,4,0,NA,NA,NA,NA,NA,NA,NA,NA,NA,NA,NA,NA,0,
3646,5/30/16 12:30,"1298 Broadway, Somerville, MA",-71.131276,42.405533,3,2,1,1,1,4,2,1,1,NA,1,1,,NA,NA,NA,NA,NA,NA,NA,NA,NA,NA,NA,NA,NA,NA,NA,0,0,0,NA,,,,0,NA,,,,,,,NA,NA,NA,NA,NA,NA,NA,NA,NA,NA,NA,NA,NA,NA,0,
3618,5/19/16 19:48,"Beacon St and Properzi Way, Somerville, MA",-71.1079565,42.3795578,2,1,1,3,1,34,1,2,4,NA,,,,NA,NA,NA,NA,NA,NA,NA,NA,NA,NA,NA,NA,NA,NA,NA,1,0,0,10,2,,1,1,NA,1,58,2,1,,,NA,NA,NA,NA,NA,NA,NA,NA,NA,NA,NA,NA,NA,NA,0,
3619,5/20/16 15:15,"125 Washington St, Somerville, MA",-71.0875212,42.3810096,1,1,3,2,3,8,3,NA,NA,NA,,,,NA,NA,NA,NA,NA,NA,NA,NA,NA,NA,NA,NA,NA,NA,NA,0,0,0,NA,,,,1,NA,1,2,99,1,,,NA,NA,NA,NA,NA,NA,NA,NA,NA,NA,NA,NA,NA,NA,0,
3620,5/20/16 13:00,"Broadway and Russell Rd, Somerville, MA",-71.1296313,42.404711,1,1,1,3,1,3,2,1,1,NA,1,1,,NA,NA,NA,NA,NA,NA,NA,NA,NA,NA,NA,NA,NA,NA,NA,0,0,0,NA,,,,0,NA,,,,,,,NA,NA,NA,NA,NA,NA,NA,NA,NA,NA,NA,NA,NA,NA,0,
3621,5/20/16 19:57,"383 Broadway, Somerville, MA",-71.0969157,42.3947697,1,1,3,1,2,2,2,1,99,NA,1,19,,NA,NA,NA,NA,NA,NA,NA,NA,NA,NA,NA,NA,NA,NA,NA,0,0,0,NA,,,,0,NA,,,,,,,NA,NA,NA,NA,NA,NA,NA,NA,NA,NA,NA,NA,NA,NA,0,
3622,5/20/16 21:08,"Washington St and Beacon St, Somerville, MA",-71.106382,42.3782892,1,1,3,2,1,2,1,1,5,NA,,,,NA,NA,NA,NA,NA,NA,NA,NA,NA,NA,NA,NA,NA,NA,NA,1,0,0,1,97,,4,0,NA,,,,,,,NA,NA,NA,NA,NA,NA,NA,NA,NA,NA,NA,NA,NA,NA,0,
3623,5/21/16 2:00,"62 Highland Ave, Somerville, MA",-71.095986,42.385621,1,1,1,1,1,3,4,1,99,NA,1,1,,1,1,NA,1,1,NA,NA,NA,NA,NA,NA,NA,NA,NA,NA,0,0,0,NA,,,,1,NA,1,47,4,1,,,NA,NA,NA,NA,NA,NA,NA,NA,NA,NA,NA,NA,NA,NA,0,
3624,5/21/16 8:05,"Elm St and Dover St, Somerville, MA",-71.1225638,42.3965069,1,1,3,3,99,8,2,1,99,NA,6,99,,NA,NA,NA,NA,NA,NA,NA,NA,NA,NA,NA,NA,NA,NA,NA,0,0,0,NA,,,,0,NA,,,,,,,NA,NA,NA,NA,NA,NA,NA,NA,NA,NA,NA,NA,NA,NA,1,
3625,5/22/16 23:20,"Medford St and Broadway, Somerville, MA",-71.1043116,42.3973445,2,1,3,2,1,4,2,NA,NA,NA,,,,NA,NA,NA,NA,NA,NA,NA,NA,NA,NA,NA,NA,NA,NA,NA,0,0,0,NA,,,,0,NA,,,,,,,NA,NA,NA,NA,NA,NA,NA,NA,NA,NA,NA,NA,NA,NA,0,
3626,5/22/16 13:43,"61 Central St, Somerville, MA",-71.1040081,42.3871973,2,1,1,1,1,4,2,6,1,NA,2,,,NA,NA,NA,NA,NA,NA,NA,NA,NA,NA,NA,NA,NA,NA,NA,0,0,0,NA,,,,0,NA,,,,,,,NA,NA,NA,NA,NA,NA,NA,NA,NA,NA,NA,NA,NA,NA,1,
3627,5/23/16 12:40,"Kensington Ave (Near Middlesex Ave), Somerville, MA",-71.0831773,42.3931891,1,1,1,1,1,4,2,6,1,NA,1,,,NA,NA,NA,NA,NA,NA,NA,NA,NA,NA,NA,NA,NA,NA,NA,0,0,0,NA,,,,0,NA,,,,,,,NA,NA,NA,NA,NA,NA,NA,NA,NA,NA,NA,NA,NA,NA,1,
3628,5/23/16 8:13,"Russell Rd and Hamilton Rd, Somerville, MA",-71.1286661,42.406105,1,1,1,1,4,4,2,2,NA,NA,8,,,NA,NA,NA,NA,NA,NA,NA,NA,NA,NA,NA,NA,NA,NA,NA,0,0,0,NA,,,,0,NA,,,,,,,NA,NA,NA,NA,NA,NA,NA,NA,NA,NA,NA,NA,NA,NA,0,
3629,5/23/16 10:20,"Highland Ave and Benton Rd, Somerville, MA",-71.1052291,42.3890287,1,1,2,2,1,3,2,1,99,NA,1,99,,NA,NA,NA,NA,NA,NA,NA,NA,NA,NA,NA,NA,NA,NA,NA,0,0,0,NA,,,,0,NA,,,,,,,NA,NA,NA,NA,NA,NA,NA,NA,NA,NA,NA,NA,NA,NA,0,
3630,5/23/16 16:42,"285 Highland Ave, Somerville, MA",-71.112192,42.3922965,1,1,1,1,1,3,2,1,4,NA,15,99,,NA,NA,NA,NA,NA,NA,NA,NA,NA,NA,NA,NA,NA,NA,NA,1,0,0,4,2,,2,1,NA,1,31,3,0,,,NA,NA,NA,NA,NA,NA,NA,NA,NA,NA,NA,NA,NA,NA,0,
3631,5/23/16 19:45,"273 Washington St, Somerville, MA",-71.09759,42.379782,1,1,1,1,1,2,4,2,1,NA,1,1,,2,1,NA,1,1,NA,NA,NA,NA,NA,NA,NA,NA,NA,NA,0,0,0,NA,,,,1,NA,1,35,4,0,,,NA,NA,NA,NA,NA,NA,NA,NA,NA,NA,NA,NA,NA,NA,0,
3632,5/24/16 15:26,"Kidder Ave and Lowden Ave, Somerville, MA",-71.1151648,42.3980049,2,1,2,2,1,3,2,1,4,NA,1,1,,NA,NA,NA,NA,NA,NA,NA,NA,NA,NA,NA,NA,NA,NA,NA,0,0,0,NA,,,,0,NA,,,,,,,NA,NA,NA,NA,NA,NA,NA,NA,NA,NA,NA,NA,NA,NA,0,
3633,5/24/16 11:00,"Broadway and College Ave, Somerville, MA",-71.117348,42.400524,23,2,2,2,1,1,1,8,1,NA,,,,NA,NA,NA,NA,NA,NA,NA,NA,NA,NA,NA,NA,NA,NA,NA,0,0,1,NA,,Street sign,,0,NA,,,,,,,NA,NA,NA,NA,NA,NA,NA,NA,NA,NA,NA,NA,NA,NA,1,
3634,5/25/16 16:24,"Medford St (150 ft from Somerville Ave), Somerville, MA",-71.1024254,42.3821249,1,1,1,9,1,3,1,1,4,NA,,,,NA,NA,NA,NA,NA,NA,NA,NA,NA,NA,NA,NA,NA,NA,NA,1,0,0,4,2,,2,1,NA,0,39,3,0,,,NA,NA,NA,NA,NA,NA,NA,NA,NA,NA,NA,NA,NA,NA,0,
3635,5/26/16 10:15,"6 Radcliffe Rd, Somerville, MA",-71.093264,42.388278,1,1,1,1,1,4,2,1,1,NA,1,99,,NA,NA,NA,NA,NA,NA,NA,NA,NA,NA,NA,NA,NA,NA,NA,0,0,0,NA,,,,0,NA,,,,,,,NA,NA,NA,NA,NA,NA,NA,NA,NA,NA,NA,NA,NA,NA,0,
3636,5/26/16 8:35,"400 Somerville Ave, Somerville, MA",-71.1015967,42.3807302,1,1,1,9,1,1,1,2,4,NA,,,,NA,NA,NA,NA,NA,NA,NA,NA,NA,NA,NA,NA,NA,NA,NA,1,0,0,1,2,,2,1,NA,1,40,4,0,,,NA,NA,NA,NA,NA,NA,NA,NA,NA,NA,NA,NA,NA,NA,0,
3637,5/26/16 13:05,"School St and Somerville Ave, Somerville, MA",-71.1020177,42.381996,1,1,1,3,4,4,2,2,9,NA,7,1,,NA,NA,NA,NA,NA,NA,NA,NA,NA,NA,NA,NA,NA,NA,NA,0,0,0,NA,,,,0,NA,,,,,,,NA,NA,NA,NA,NA,NA,NA,NA,NA,NA,NA,NA,NA,NA,0,
3638,5/26/16 18:05,"Foley St and Grand Union Blvd, Somerville, MA",-71.0805024,42.3930129,1,1,2,2,1,3,2,1,1,NA,1,1,,NA,NA,NA,NA,NA,NA,NA,NA,NA,NA,NA,NA,NA,NA,NA,0,0,0,NA,,,,1,2,0,18,4,1,0,34,4,0,NA,NA,NA,NA,NA,NA,NA,NA,NA,NA,NA,NA,0,
3639,5/26/16 22:26,"16 Beacon St, Somerville, MA",-71.1025604,42.374749,1,1,2,3,1,3,1,1,4,NA,,,,NA,NA,NA,NA,NA,NA,NA,NA,NA,NA,NA,NA,NA,NA,NA,1,0,0,10,2,,5,1,NA,1,27,3,0,,,NA,NA,NA,NA,NA,NA,NA,NA,NA,NA,NA,NA,NA,NA,0,
3640,5/27/16 12:10,"Temple St, Somerville, MA",-71.0917108,42.3948102,1,1,1,1,1,4,2,1,1,NA,1,1,,NA,NA,NA,NA,NA,NA,NA,NA,NA,NA,NA,NA,NA,NA,NA,0,0,0,NA,,,,0,NA,,,,,,,NA,NA,NA,NA,NA,NA,NA,NA,NA,NA,NA,NA,NA,NA,0,
3641,5/27/16 18:35,"60 Dartmouth St, Somerville, MA",-71.095814,42.393213,1,1,1,1,4,2,2,1,99,NA,1,99,,NA,NA,NA,NA,NA,NA,NA,NA,NA,NA,NA,NA,NA,NA,NA,0,0,0,NA,,,,0,NA,,,,,,,NA,NA,NA,NA,NA,NA,NA,NA,NA,NA,NA,NA,NA,NA,0,
3642,5/27/16 18:50,"Alewife Brook Pkwy and Broadway, Somerville, MA",-71.1335542,42.4068983,1,1,1,2,1,4,2,2,1,NA,1,4,,NA,NA,NA,NA,NA,NA,NA,NA,NA,NA,NA,NA,NA,NA,NA,0,0,0,NA,,,,0,NA,,,,,,,NA,NA,NA,NA,NA,NA,NA,NA,NA,NA,NA,NA,NA,NA,0,
3643,5/27/16 22:54,"333 Highland Ave, Somerville, MA",-71.1157439,42.3936715,1,1,1,1,2,4,2,2,99,NA,2,99,,NA,NA,NA,NA,NA,NA,NA,NA,NA,NA,NA,NA,NA,NA,NA,0,0,0,NA,,,,0,NA,,,,,,,NA,NA,NA,NA,NA,NA,NA,NA,NA,NA,NA,NA,NA,NA,0,
3644,5/30/16 12:10,"Mystic Ave and Temple St, Somerville, MA",-71.0891458,42.3955809,2,2,3,2,1,3,2,1,99,NA,1,99,,NA,NA,NA,NA,NA,NA,NA,NA,NA,NA,NA,NA,NA,NA,NA,0,0,0,NA,,,,1,NA,1,41,3,1,,,NA,NA,NA,NA,NA,NA,NA,NA,NA,NA,NA,NA,NA,NA,1,
3645,5/30/16 12:26,"Broadway and Packard Ave, Somerville, MA",-71.1249528,42.4022912,3,2,3,3,2,2,2,1,1,NA,2,99,,NA,NA,NA,NA,NA,NA,NA,NA,NA,NA,NA,NA,NA,NA,NA,0,0,0,NA,,,,0,NA,,,,,,,NA,NA,NA,NA,NA,NA,NA,NA,NA,NA,NA,NA,NA,NA,0,
3647,5/31/16 8:12,"Assembly Row and Great River Rd, Somerville, MA",-71.0797952,42.3959349,1,1,1,3,1,3,1,1,1,NA,,,,NA,NA,NA,NA,NA,NA,NA,NA,NA,NA,NA,NA,NA,NA,NA,1,0,0,1,2,,5a,1,NA,1,46,4,1,,,NA,NA,NA,NA,NA,NA,NA,NA,NA,NA,NA,NA,NA,NA,0,
3648,5/31/16 18:33,"Somerville Ave and Dane St, Somerville, MA",-71.1034094,42.3824407,1,1,3,2,1,3,2,2,1,NA,1,99,,NA,NA,NA,NA,NA,NA,NA,NA,NA,NA,NA,NA,NA,NA,NA,0,0,0,NA,,,,0,NA,,,,,,,NA,NA,NA,NA,NA,NA,NA,NA,NA,NA,NA,NA,NA,NA,0,